{"version":"0.4","title":"About-Construction-Company-page","type":"page","content":[{"id":"13a4e47b","settings":{"layout":"full_width","custom_height":{"unit":"vh","size":80},"structure":"20","height":"min-height","column_position":"stretch","content_position":"middle","border_border":"solid","border_width":{"unit":"px","top":"0","right":"0","bottom":"8","left":"0","isLinked":false},"border_color":"#ffba00"},"elements":[{"id":"6d30f406","settings":{"_column_size":50,"_inline_size":null,"background_background":"classic","background_image":{"id":561,"url":"http:\/\/localhost\/test\/wp-content\/uploads\/2018\/09\/2-1.png"},"background_size":"cover","padding_mobile":{"unit":"%","top":"0","right":"20","bottom":"0","left":"20","isLinked":false},"_inline_size_tablet":100,"padding_tablet":{"unit":"%","top":"0","right":"35","bottom":"0","left":"35","isLinked":false},"background_overlay_background":"classic","background_overlay_color":"rgba(83,90,119,0)","background_overlay_hover_background":"classic","background_overlay_hover_color":"#535a77"},"elements":[{"id":"456d8a2","settings":{"link":"https:\/\/www.youtube.com\/watch?v=9uOETcuFjbE","vimeo_link":"https:\/\/vimeo.com\/235215203","yt_showinfo":"","show_image_overlay":"yes","image_overlay":{"id":560,"url":"http:\/\/localhost\/test\/wp-content\/uploads\/2018\/09\/transperent.png"},"lightbox":"yes","play_icon_color":"#ffffff","play_icon_size_mobile":{"unit":"px","size":78},"play_icon_text_shadow_text_shadow_type":"yes","play_icon_text_shadow_text_shadow":{"horizontal":0,"vertical":0,"blur":13,"color":"rgba(0,0,0,0.52)"},"youtube_url":"https:\/\/www.youtube.com\/watch?v=9uOETcuFjbE","vimeo_url":"https:\/\/vimeo.com\/235215203","dailymotion_url":"https:\/\/www.dailymotion.com\/video\/x6tqhqb"},"elements":[],"isInner":false,"widgetType":"video","elType":"widget"}],"isInner":false,"elType":"column"},{"id":"4f50d403","settings":{"_column_size":50,"_inline_size":null,"background_background":"classic","background_color":"#535a77","margin":{"unit":"px","top":"0","right":"0","bottom":"0","left":"0","isLinked":false},"padding":{"unit":"%","top":"0","right":"30","bottom":"0","left":"15","isLinked":false},"padding_tablet":{"unit":"px","top":"20","right":"30","bottom":"20","left":"30","isLinked":false},"_inline_size_tablet":100},"elements":[{"id":"3b169150","settings":{"title":"OUR STORY","size":"large","title_color":"#ffffff","typography_typography":"custom","typography_font_size":{"unit":"px","size":50},"typography_font_family":"Oswald","typography_font_weight":"900","typography_letter_spacing":{"unit":"px","size":"1"},"section_custom_css_pro":"","custom_css_pro":"","header_size":"h1","align_mobile":"center","_padding_tablet":{"unit":"px","top":"20","right":"0","bottom":"0","left":"0","isLinked":false},"align_tablet":"center","typography_font_size_tablet":{"unit":"px","size":35},"_padding":{"unit":"px","top":"0","right":"0","bottom":"30","left":"0","isLinked":false}},"elements":[],"isInner":false,"widgetType":"heading","elType":"widget"},{"id":"241a8d42","settings":{"editor":"<p>In a tincidunt ligula, quis blandit diam. Pellentesque fermentum erat a dolor porttitor tempor. Aenean eu porta lorem. Sed ullamcorper gravida sapien vulputate pellentesque. Duis quis commodo sem. Integer eros purus, tincidunt sed sagittis quis, dignissim et tortor. Nunc vitae massa tempor, finibus lectus ac, scelerisque diam. Vestibulum felis tellus, elementum sed risus a, imperdiet rhoncus dolor. Donec at neque est. Pellentesque ullamcorper dignissim ullamcorper. Aliquam a sapien tincidunt, semper libero quis, dapibus lorem. Duis porta ante ac volutpat consectetur. Aenean in neque ac odio pretium molestie non nec justo.\u00a0<\/p>","text_color":"#ffffff","typography_typography":"custom","typography_font_size":{"unit":"px","size":"16"},"typography_font_family":"Roboto","typography_font_weight":"300","typography_line_height":{"unit":"em","size":"1.8"},"typography_letter_spacing":{"unit":"px","size":"0"},"section_custom_css_pro":"","custom_css_pro":"","align_mobile":"center","typography_font_size_tablet":{"unit":"px","size":16},"_padding_tablet":{"unit":"px","top":"0","right":"0","bottom":"0","left":"0","isLinked":false},"align_tablet":"center","typography_font_size_mobile":{"unit":"px","size":15}},"elements":[],"isInner":false,"widgetType":"text-editor","elType":"widget"}],"isInner":false,"elType":"column"}],"isInner":false,"elType":"section"},{"id":"1954285c","settings":{"gap":"wide","structure":"40","padding":{"unit":"px","top":"70","right":"0","bottom":"70","left":"0","isLinked":false},"padding_mobile":{"unit":"px","top":"50","right":"20","bottom":"50","left":"20","isLinked":false},"content_width":{"unit":"px","size":1000},"padding_tablet":{"unit":"px","top":"50","right":"50","bottom":"50","left":"50","isLinked":true}},"elements":[{"id":"10206ec6","settings":{"_column_size":25,"_inline_size":null,"_inline_size_mobile":50,"padding_tablet":{"unit":"px","top":"5","right":"5","bottom":"5","left":"5","isLinked":true},"padding_mobile":{"unit":"px","top":"0","right":"0","bottom":"0","left":"0","isLinked":true}},"elements":[{"id":"76781f1d","settings":{"image":{"id":"304","url":"http:\/\/localhost\/test\/wp-content\/uploads\/2018\/09\/icon-1-1.png"},"title_text":"Lorem ipsum ","description_text":"Lorem ipsum dolor sit amet, adipiscing elit.","image_size":{"unit":"%","size":"20"},"title_color":"#455b64","title_typography_typography":"custom","title_typography_font_size":{"unit":"px","size":"17"},"title_typography_font_family":"Roboto","title_typography_font_weight":"900","title_typography_text_transform":"uppercase","title_typography_letter_spacing":{"unit":"px","size":"1"},"description_color":"#455b64","description_typography_typography":"custom","description_typography_font_size":{"unit":"px","size":"16"},"description_typography_font_family":"Roboto","description_typography_font_weight":"300","description_typography_letter_spacing":{"unit":"px","size":"0"},"title_typography_font_size_tablet":{"unit":"px","size":"16"},"title_typography_line_height_tablet":{"unit":"em","size":"1.3"},"description_typography_font_size_tablet":{"unit":"px","size":14},"_background_hover_background":"classic","image_size_mobile":{"unit":"%","size":30},"title_bottom_space_mobile":{"unit":"px","size":5},"title_typography_font_size_mobile":{"unit":"px","size":14},"image_space":{"unit":"px","size":25},"title_bottom_space":{"unit":"px","size":25}},"elements":[],"isInner":false,"widgetType":"image-box","elType":"widget"}],"isInner":false,"elType":"column"},{"id":"563d61e8","settings":{"_column_size":25,"_inline_size":null,"_inline_size_mobile":50,"padding_tablet":{"unit":"px","top":"5","right":"5","bottom":"5","left":"5","isLinked":true},"padding_mobile":{"unit":"px","top":"0","right":"0","bottom":"0","left":"0","isLinked":true}},"elements":[{"id":"648acbce","settings":{"image":{"id":"306","url":"http:\/\/localhost\/test\/wp-content\/uploads\/2018\/09\/icon3.png"},"title_text":"Lorem ipsum","description_text":" Ut elit tellus, luctus nec mattis, pulvinar dapibus.","image_size":{"unit":"%","size":"20"},"title_color":"#455b64","title_typography_typography":"custom","title_typography_font_size":{"unit":"px","size":"17"},"title_typography_font_family":"Roboto","title_typography_font_weight":"900","title_typography_text_transform":"uppercase","title_typography_letter_spacing":{"unit":"px","size":"1"},"description_color":"#455b64","description_typography_typography":"custom","description_typography_font_size":{"unit":"px","size":"16"},"description_typography_font_family":"Roboto","description_typography_font_weight":"300","description_typography_letter_spacing":{"unit":"px","size":"0"},"title_typography_font_size_tablet":{"unit":"px","size":"16"},"title_typography_line_height_tablet":{"unit":"em","size":"1.3"},"description_typography_font_size_tablet":{"unit":"px","size":"14"},"image_size_mobile":{"unit":"%","size":30},"title_bottom_space_mobile":{"unit":"px","size":5},"title_typography_font_size_mobile":{"unit":"px","size":14},"image_space":{"unit":"px","size":25},"title_bottom_space":{"unit":"px","size":25}},"elements":[],"isInner":false,"widgetType":"image-box","elType":"widget"}],"isInner":false,"elType":"column"},{"id":"4a4e4a2b","settings":{"_column_size":25,"_inline_size":null,"_inline_size_mobile":50,"padding_tablet":{"unit":"px","top":"5","right":"5","bottom":"5","left":"5","isLinked":true},"padding_mobile":{"unit":"px","top":"50","right":"0","bottom":"0","left":"0","isLinked":false}},"elements":[{"id":"6fe2ae05","settings":{"image":{"id":"305","url":"http:\/\/localhost\/test\/wp-content\/uploads\/2018\/09\/icon2.png"},"title_text":"Lorem ipsum ","description_text":"Lorem ipsum dolor sit amet, adipiscing elit.","image_size":{"unit":"%","size":"20"},"title_color":"#455b64","title_typography_typography":"custom","title_typography_font_size":{"unit":"px","size":"17"},"title_typography_font_family":"Roboto","title_typography_font_weight":"900","title_typography_text_transform":"uppercase","title_typography_letter_spacing":{"unit":"px","size":"1"},"description_color":"#455b64","description_typography_typography":"custom","description_typography_font_size":{"unit":"px","size":"16"},"description_typography_font_family":"Roboto","description_typography_font_weight":"300","description_typography_letter_spacing":{"unit":"px","size":"0"},"_padding":{"unit":"%","top":"0","right":"0","bottom":"0","left":"0","isLinked":false},"title_typography_font_size_tablet":{"unit":"px","size":"16"},"title_typography_line_height_tablet":{"unit":"em","size":"1.3"},"description_typography_font_size_tablet":{"unit":"px","size":"14"},"image_size_mobile":{"unit":"%","size":30},"title_bottom_space_mobile":{"unit":"px","size":5},"title_typography_font_size_mobile":{"unit":"px","size":14},"image_space":{"unit":"px","size":25},"title_bottom_space":{"unit":"px","size":25}},"elements":[],"isInner":false,"widgetType":"image-box","elType":"widget"}],"isInner":false,"elType":"column"},{"id":"3a77b524","settings":{"_column_size":25,"_inline_size":null,"_inline_size_mobile":50,"padding_tablet":{"unit":"px","top":"5","right":"5","bottom":"5","left":"5","isLinked":true},"padding_mobile":{"unit":"px","top":"50","right":"0","bottom":"0","left":"0","isLinked":false}},"elements":[{"id":"45e172eb","settings":{"image":{"id":"307","url":"http:\/\/localhost\/test\/wp-content\/uploads\/2018\/09\/icon4.png"},"title_text":"Lorem ipsum ","description_text":" Ut elit tellus, luctus nec mattis, pulvinar dapibus.","image_size":{"unit":"%","size":"20"},"title_color":"#455b64","title_typography_typography":"custom","title_typography_font_size":{"unit":"px","size":"17"},"title_typography_font_family":"Roboto","title_typography_font_weight":"900","title_typography_text_transform":"uppercase","title_typography_letter_spacing":{"unit":"px","size":"1"},"description_color":"#455b64","description_typography_typography":"custom","description_typography_font_size":{"unit":"px","size":"16"},"description_typography_font_family":"Roboto","description_typography_font_weight":"300","description_typography_letter_spacing":{"unit":"px","size":"0"},"_padding":{"unit":"%","top":"0","right":"0","bottom":"0","left":"0","isLinked":false},"title_typography_font_size_tablet":{"unit":"px","size":"16"},"title_typography_line_height_tablet":{"unit":"em","size":"1.3"},"description_typography_font_size_tablet":{"unit":"px","size":"14"},"image_size_mobile":{"unit":"%","size":30},"title_bottom_space_mobile":{"unit":"px","size":5},"title_typography_font_size_mobile":{"unit":"px","size":14},"image_space":{"unit":"px","size":25},"title_bottom_space":{"unit":"px","size":25}},"elements":[],"isInner":false,"widgetType":"image-box","elType":"widget"}],"isInner":false,"elType":"column"}],"isInner":false,"elType":"section"},{"id":"5f59bbc1","settings":{"layout":"full_width","content_width":{"unit":"px","size":1140},"structure":"20","background_background":"classic","background_position":"center left","background_repeat":"no-repeat","background_overlay_title":"","margin":{"unit":"px","top":"0","right":0,"bottom":"0","left":0,"isLinked":false},"margin_tablet":{"unit":"px","top":"0","right":0,"bottom":"30","left":0,"isLinked":false},"padding_tablet":{"unit":"px","top":"0","right":"30","bottom":"0","left":"30","isLinked":false},"background_color":"#ffffff","padding":{"unit":"px","top":"0","right":"0","bottom":"100","left":"0","isLinked":false}},"elements":[{"id":"12f624f2","settings":{"_column_size":50,"_inline_size":"50.000","background_background":"classic","background_image":{"id":"313","url":"http:\/\/localhost\/test\/wp-content\/uploads\/2018\/09\/services1.jpg"},"background_size":"cover","margin_tablet":{"unit":"px","top":"0","right":"0","bottom":"0","left":"0","isLinked":true},"padding_mobile":{"unit":"px","top":"150","right":"0","bottom":"150","left":"0","isLinked":false},"background_position":"bottom center","_inline_size_tablet":30},"elements":[{"id":"6d1c6d87","settings":[],"elements":[],"isInner":false,"widgetType":"spacer","elType":"widget"}],"isInner":false,"elType":"column"},{"id":"49104edc","settings":{"_column_size":50,"_inline_size":"50.000","background_background":"classic","background_color":"#ebebeb","margin":{"unit":"%","top":"0","right":"45","bottom":"0","left":"0","isLinked":false},"padding":{"unit":"px","top":"60","right":"60","bottom":"60","left":"60","isLinked":false},"margin_tablet":{"unit":"px","top":"0","right":"0","bottom":"0","left":"0","isLinked":false},"padding_tablet":{"unit":"px","top":"40","right":"40","bottom":"30","left":"40","isLinked":false},"padding_mobile":{"unit":"px","top":"40","right":"20","bottom":"30","left":"20","isLinked":false},"_inline_size_tablet":70},"elements":[{"id":"750a4f03","settings":{"title":"Preconstruction Planning","size":"large","title_color":"#455b64","typography_typography":"custom","typography_font_size":{"unit":"px","size":30},"typography_font_weight":"bold","typography_line_height":{"unit":"em","size":"1.3"},"typography_letter_spacing":{"unit":"px","size":"1"},"_padding":{"unit":"%","top":"","right":"","bottom":"","left":"","isLinked":true},"typography_font_family":"Oswald","align_mobile":"center","typography_font_size_tablet":{"unit":"px","size":"22"},"typography_font_size_mobile":{"unit":"px","size":"21"},"typography_letter_spacing_tablet":{"unit":"px","size":"0.5"},"typography_letter_spacing_mobile":{"unit":"px","size":"0.5"}},"elements":[],"isInner":false,"widgetType":"heading","elType":"widget"},{"id":"79e6b305","settings":{"weight":{"unit":"px","size":3},"color":"#ffba00","width":{"unit":"%","size":16},"align_mobile":"center"},"elements":[],"isInner":false,"widgetType":"divider","elType":"widget"},{"id":"58fecc7d","settings":{"editor":"<p>In a tincidunt ligula, quis blandit diam. Pellentesque fermentum erat a dolor porttitor tempor. Aenean eu porta loren vulputate pellenque. Duis quis commodo sem. Integer eros purus, tincidunt sed sagittis quis, dignissim et tortor.\u00a0<\/p>","text_color":"#455b64","typography_typography":"custom","typography_font_size":{"unit":"px","size":"16"},"typography_line_height":{"unit":"em","size":"1.8"},"typography_letter_spacing":{"unit":"px","size":"0"},"typography_font_family":"Roboto","typography_font_weight":"300","align_mobile":"center","typography_font_size_tablet":{"unit":"px","size":"14"}},"elements":[],"isInner":false,"widgetType":"text-editor","elType":"widget"}],"isInner":false,"elType":"column"}],"isInner":false,"elType":"section"},{"id":"1b0cd085","settings":{"layout":"full_width","content_width":{"unit":"px","size":1140},"structure":"20","background_background":"none","background_image":{"id":"313","url":"http:\/\/localhost\/test\/wp-content\/uploads\/2018\/09\/services1.jpg"},"background_position":"center left","background_repeat":"no-repeat","background_overlay_title":"","margin":{"unit":"px","top":"0","right":0,"bottom":"100","left":0,"isLinked":false},"margin_tablet":{"unit":"px","top":"0","right":0,"bottom":"60","left":0,"isLinked":false},"padding_tablet":{"unit":"px","top":"00","right":"30","bottom":"0","left":"30","isLinked":false},"reverse_order_mobile":"reverse-mobile"},"elements":[{"id":"3301714e","settings":{"_column_size":50,"_inline_size":"50.000","background_background":"classic","background_color":"#ebebeb","margin":{"unit":"%","top":"0","right":"0","bottom":"0","left":"45","isLinked":false},"padding":{"unit":"px","top":"60","right":"60","bottom":"60","left":"60","isLinked":true},"margin_tablet":{"unit":"px","top":"0","right":"0","bottom":"0","left":"0","isLinked":true},"padding_tablet":{"unit":"px","top":"40","right":"40","bottom":"30","left":"40","isLinked":false},"padding_mobile":{"unit":"px","top":"40","right":"20","bottom":"30","left":"20","isLinked":false},"_inline_size_tablet":70},"elements":[{"id":"5b900509","settings":{"title":"Architectural Modelling","size":"large","title_color":"#455b64","typography_typography":"custom","typography_font_size":{"unit":"px","size":30},"typography_font_weight":"bold","typography_line_height":{"unit":"em","size":"1.3"},"typography_letter_spacing":{"unit":"px","size":1},"_padding":{"unit":"%","top":"","right":"","bottom":"","left":"","isLinked":true},"typography_font_family":"Oswald","align_mobile":"center","typography_font_size_tablet":{"unit":"px","size":"22"},"typography_font_size_mobile":{"unit":"px","size":"21"},"typography_letter_spacing_tablet":{"unit":"px","size":"0.5"},"typography_letter_spacing_mobile":{"unit":"px","size":"0.5"}},"elements":[],"isInner":false,"widgetType":"heading","elType":"widget"},{"id":"bf300e1","settings":{"weight":{"unit":"px","size":3},"color":"#ffba00","width":{"unit":"%","size":16},"align_mobile":"center"},"elements":[],"isInner":false,"widgetType":"divider","elType":"widget"},{"id":"1bff3df8","settings":{"editor":"<p>Sed ullamcorper gravida sapien vulputate pellentesque. Duis quis commodo sem. Integer eros purus, tincidunt sed sagittis quis, dignissim et tortor. Donec at neque est. Pellentesque ullamcorper dignissim ullamcorper.<\/p>","text_color":"#455b64","typography_typography":"custom","typography_font_size":{"unit":"px","size":"16"},"typography_line_height":{"unit":"em","size":"1.8"},"typography_letter_spacing":{"unit":"px","size":"0.11"},"typography_font_family":"Roboto","typography_font_weight":"300","align_mobile":"center","typography_font_size_tablet":{"unit":"px","size":"14"}},"elements":[],"isInner":false,"widgetType":"text-editor","elType":"widget"}],"isInner":false,"elType":"column"},{"id":"3c4f228a","settings":{"_column_size":50,"_inline_size":"50.000","background_background":"classic","background_image":{"id":"309","url":"http:\/\/localhost\/test\/wp-content\/uploads\/2018\/09\/services2.jpg"},"background_size":"cover","padding_mobile":{"unit":"px","top":"150","right":"0","bottom":"150","left":"0","isLinked":false},"margin_mobile":{"unit":"px","top":"30","right":"0","bottom":"0","left":"0","isLinked":false},"_inline_size_tablet":30},"elements":[{"id":"3a3136db","settings":[],"elements":[],"isInner":false,"widgetType":"spacer","elType":"widget"}],"isInner":false,"elType":"column"}],"isInner":false,"elType":"section"},{"id":"20ddac27","settings":{"gap":"no","background_background":"classic","background_color":"#cddbe2","background_overlay_title":"","padding":{"unit":"px","top":"100","right":"0","bottom":"100","left":"0","isLinked":false},"padding_tablet":{"unit":"px","top":"60","right":"30","bottom":"60","left":"30","isLinked":false},"content_width":{"unit":"px","size":1300},"padding_mobile":{"unit":"px","top":"50","right":"20","bottom":"50","left":"20","isLinked":false}},"elements":[{"id":"7d27e6fb","settings":{"_column_size":100,"_inline_size":null},"elements":[{"id":"49f39d6","settings":{"title":"Founders","size":"large","align":"center","title_color":"#535a77","typography_typography":"custom","typography_font_size":{"unit":"px","size":50},"typography_font_family":"Oswald","typography_font_weight":"900","typography_letter_spacing":{"unit":"px","size":"1"},"_padding":{"unit":"px","top":"0","right":"0","bottom":"40","left":"0","isLinked":false},"section_custom_css_pro":"","custom_css_pro":"","header_size":"h3","typography_font_size_tablet":{"unit":"px","size":35},"_padding_tablet":{"unit":"px","top":"0","right":"0","bottom":"30","left":"0","isLinked":false}},"elements":[],"isInner":false,"widgetType":"heading","elType":"widget"},{"id":"2f6b3062","settings":{"content_width":{"unit":"px","size":1050},"gap":"no","structure":"40","background_overlay_title":"","padding_mobile":{"unit":"px","top":"0","right":"0","bottom":"0","left":"0","isLinked":false}},"elements":[{"id":"60b0daa7","settings":{"_column_size":25,"_inline_size":null,"background_background":"classic","background_color":"#aec4d0","margin":{"unit":"px","top":"0","right":"10","bottom":"0","left":"0","isLinked":false},"margin_tablet":{"unit":"px","top":"0","right":"10","bottom":"0","left":"0","isLinked":false},"margin_mobile":{"unit":"px","top":"0","right":"7","bottom":"0","left":"0","isLinked":false},"padding":{"unit":"px","top":"0","right":"0","bottom":"20","left":"0","isLinked":false},"_inline_size_mobile":50},"elements":[{"id":"511dec9e","settings":{"image":{"id":562,"url":"http:\/\/localhost\/test\/wp-content\/uploads\/2018\/09\/25388788904_72d2f5ec6f_z.jpg"},"title_text":"Myra Hudson","description_text":"CEO","image_size":{"unit":"%","size":100},"title_bottom_space":{"unit":"px","size":8},"title_color":"#ffffff","title_typography_typography":"custom","title_typography_font_size":{"unit":"px","size":30},"title_typography_font_family":"Oswald","description_color":"rgba(255,255,255,0.79)","description_typography_typography":"custom","title_typography_font_size_tablet":{"unit":"px","size":20},"title_typography_font_size_mobile":{"unit":"px","size":21},"description_typography_font_size_tablet":{"unit":"px","size":15}},"elements":[],"isInner":false,"widgetType":"image-box","elType":"widget"},{"id":"6fabc115","settings":{"social_icon_list":[{"social":"fa fa-facebook","_id":"p39e83d","link":{"url":"","is_external":"true","nofollow":""}},{"social":"fa fa-twitter","_id":"l4uyoh8","link":{"url":"","is_external":"true","nofollow":""}},{"social":"fa fa-google-plus","_id":"s48k6wg","link":{"url":"","is_external":"true","nofollow":""}},{"social":"fa fa-linkedin","link":{"url":"","is_external":"true","nofollow":""},"_id":"6iywfm2"}],"icon_color":"custom","icon_primary_color":"rgba(0,0,0,0)","icon_size":{"unit":"px","size":15},"hover_secondary_color":"#535a77"},"elements":[],"isInner":false,"widgetType":"social-icons","elType":"widget"}],"isInner":true,"elType":"column"},{"id":"7c3133d3","settings":{"_column_size":25,"_inline_size":null,"background_background":"classic","background_color":"#aec4d0","margin":{"unit":"px","top":"0","right":"7","bottom":"0","left":"5","isLinked":false},"margin_tablet":{"unit":"px","top":"0","right":"5","bottom":"0","left":"5","isLinked":false},"margin_mobile":{"unit":"px","top":"0","right":"0","bottom":"0","left":"7","isLinked":false},"padding":{"unit":"px","top":"0","right":"0","bottom":"20","left":"0","isLinked":false},"_inline_size_mobile":50},"elements":[{"id":"11e6d098","settings":{"image":{"id":563,"url":"http:\/\/localhost\/test\/wp-content\/uploads\/2018\/09\/5-1-5.png"},"title_text":"Alex Miller","description_text":"CMO","image_size":{"unit":"%","size":100},"title_bottom_space":{"unit":"px","size":8},"title_color":"#ffffff","title_typography_typography":"custom","title_typography_font_size":{"unit":"px","size":30},"title_typography_font_family":"Oswald","description_color":"rgba(255,255,255,0.79)","description_typography_typography":"custom","title_typography_font_size_tablet":{"unit":"px","size":20},"title_typography_font_size_mobile":{"unit":"px","size":21},"description_typography_font_size_tablet":{"unit":"px","size":15}},"elements":[],"isInner":false,"widgetType":"image-box","elType":"widget"},{"id":"4e6d1ceb","settings":{"social_icon_list":[{"social":"fa fa-facebook","_id":"p39e83d","link":{"url":"","is_external":"true","nofollow":""}},{"social":"fa fa-twitter","_id":"l4uyoh8","link":{"url":"","is_external":"true","nofollow":""}},{"social":"fa fa-medium","_id":"s48k6wg","link":{"url":"","is_external":"true","nofollow":""}},{"social":"fa fa-instagram","link":{"url":"","is_external":"true","nofollow":""},"_id":"6iywfm2"}],"icon_color":"custom","icon_primary_color":"rgba(0,0,0,0)","icon_size":{"unit":"px","size":15},"hover_secondary_color":"#535a77"},"elements":[],"isInner":false,"widgetType":"social-icons","elType":"widget"}],"isInner":true,"elType":"column"},{"id":"d734e18","settings":{"_column_size":25,"_inline_size":null,"background_background":"classic","background_color":"#aec4d0","margin":{"unit":"px","top":"0","right":"5","bottom":"0","left":"7","isLinked":false},"margin_tablet":{"unit":"px","top":"0","right":"5","bottom":"0","left":"5","isLinked":false},"margin_mobile":{"unit":"px","top":"14","right":"7","bottom":"0","left":"0","isLinked":false},"padding":{"unit":"px","top":"0","right":"0","bottom":"20","left":"0","isLinked":false},"_inline_size_mobile":50},"elements":[{"id":"471dd308","settings":{"image":{"id":564,"url":"http:\/\/localhost\/test\/wp-content\/uploads\/2018\/09\/3-4-1.png"},"title_text":"Rebecca Lissner","description_text":"CFO","image_size":{"unit":"%","size":100},"title_bottom_space":{"unit":"px","size":8},"title_color":"#ffffff","title_typography_typography":"custom","title_typography_font_size":{"unit":"px","size":30},"title_typography_font_family":"Oswald","description_color":"rgba(255,255,255,0.79)","description_typography_typography":"custom","title_typography_font_size_tablet":{"unit":"px","size":20},"title_typography_font_size_mobile":{"unit":"px","size":21},"description_typography_font_size_tablet":{"unit":"px","size":15}},"elements":[],"isInner":false,"widgetType":"image-box","elType":"widget"},{"id":"24a03c6e","settings":{"social_icon_list":[{"social":"fa fa-facebook","_id":"p39e83d","link":{"url":"","is_external":"true","nofollow":""}},{"social":"fa fa-twitter","_id":"l4uyoh8","link":{"url":"","is_external":"true","nofollow":""}},{"social":"fa fa-google-plus","_id":"s48k6wg","link":{"url":"","is_external":"true","nofollow":""}},{"social":"fa fa-linkedin","link":{"url":"","is_external":"true","nofollow":""},"_id":"6iywfm2"}],"icon_color":"custom","icon_primary_color":"rgba(0,0,0,0)","icon_size":{"unit":"px","size":15},"hover_secondary_color":"#535a77"},"elements":[],"isInner":false,"widgetType":"social-icons","elType":"widget"}],"isInner":true,"elType":"column"},{"id":"4498d8b6","settings":{"_column_size":25,"_inline_size":null,"background_background":"classic","background_color":"#aec4d0","margin":{"unit":"px","top":"0","right":"0","bottom":"0","left":"10","isLinked":false},"margin_tablet":{"unit":"px","top":"0","right":"0","bottom":"0","left":"10","isLinked":false},"margin_mobile":{"unit":"px","top":"14","right":"0","bottom":"0","left":"7","isLinked":false},"padding":{"unit":"px","top":"0","right":"0","bottom":"20","left":"0","isLinked":false},"_inline_size_mobile":50,"padding_mobile":{"unit":"px","top":"0","right":"0","bottom":"0","left":"0","isLinked":true}},"elements":[{"id":"200157e4","settings":{"image":{"id":565,"url":"http:\/\/localhost\/test\/wp-content\/uploads\/2018\/09\/1-1-5.png"},"title_text":"Rob Manson ","description_text":"CTO","image_size":{"unit":"%","size":100},"title_bottom_space":{"unit":"px","size":8},"title_color":"#ffffff","title_typography_typography":"custom","title_typography_font_size":{"unit":"px","size":30},"title_typography_font_family":"Oswald","description_color":"rgba(255,255,255,0.79)","description_typography_typography":"custom","title_typography_font_size_tablet":{"unit":"px","size":20},"title_typography_font_size_mobile":{"unit":"px","size":21},"description_typography_font_size_tablet":{"unit":"px","size":15}},"elements":[],"isInner":false,"widgetType":"image-box","elType":"widget"},{"id":"1158b76e","settings":{"social_icon_list":[{"social":"fa fa-twitter","_id":"l4uyoh8","link":{"url":"","is_external":"true","nofollow":""}},{"social":"fa fa-linkedin","link":{"url":"","is_external":"true","nofollow":""},"_id":"6iywfm2"},{"social":"fa fa-github","_id":"8bkix7m","link":{"url":"","is_external":"true","nofollow":""}},{"social":"fa fa-bitbucket","link":{"url":"","is_external":"true","nofollow":""},"_id":"hb7euie"}],"icon_color":"custom","icon_primary_color":"rgba(0,0,0,0)","icon_size":{"unit":"px","size":15},"hover_secondary_color":"#535a77"},"elements":[],"isInner":false,"widgetType":"social-icons","elType":"widget"}],"isInner":true,"elType":"column"}],"isInner":true,"elType":"section"}],"isInner":false,"elType":"column"}],"isInner":false,"elType":"section"},{"id":"6a69b36b","settings":{"content_width":{"unit":"px","size":1140},"height":"min-height","custom_height":{"unit":"vh","size":26},"background_background":"classic","background_image":{"id":568,"url":"http:\/\/localhost\/test\/wp-content\/uploads\/2018\/09\/about6.jpg"},"background_repeat":"no-repeat","background_size":"cover","background_overlay_title":"","padding":{"unit":"px","top":"50","right":"0","bottom":"0","left":"0","isLinked":false},"padding_tablet":{"unit":"px","top":"30","right":"30","bottom":"0","left":"30","isLinked":false},"padding_mobile":{"unit":"px","top":"40","right":"20","bottom":"20","left":"20","isLinked":false},"background_overlay_background":"classic","background_overlay_color":"#535a77","background_overlay_opacity":{"unit":"px","size":0.9},"border_border":"solid","border_width":{"unit":"px","top":"8","right":"0","bottom":"0","left":"0","isLinked":false},"border_color":"#ffba00"},"elements":[{"id":"65cda58c","settings":{"_column_size":100,"_inline_size":null},"elements":[{"id":"ee05071","settings":{"slides":[{"content":"\"Lorem ipsum dolor sit amet, consectetur adipiscing elit. Ut elit tellus, luctus nec ullamcorper mattis dapibus leo.\u201d","name":"Earl Brown","title":"CEO","image":{"id":"455","url":"http:\/\/localhost\/test\/wp-content\/uploads\/2018\/09\/ctlghjilmue-jake-barford.png"},"_id":"wrmltvu"},{"content":"\"Lorem ipsum dolor sit amet, consectetur adipiscing elit. Ut elit tellus, luctus nec ullamcorper mattis dapibus leo.\u201d","name":"Jason Barker","title":"CEO","image":{"id":566,"url":"http:\/\/localhost\/test\/wp-content\/uploads\/2018\/09\/https-hd.unsplash.comphoto-1463104264350-ec39e9ccd74b-1.png"},"_id":"o0u2jr8"},{"content":"\"Lorem ipsum dolor sit amet, consectetur adipiscing elit. Ut elit tellus, luctus nec ullamcorper mattis dapibus leo.\u201d","name":"Leo Brooks","title":"CEO","image":{"id":567,"url":"http:\/\/localhost\/test\/wp-content\/uploads\/2018\/09\/https-d3iw72m71ie81c.cloudfront.netmale-16.png"},"_id":"2hd18li"}],"layout":"image_stacked","pagination":"","content_color":"rgba(255,255,255,0.92)","content_typography_typography":"custom","content_typography_font_size":{"unit":"px","size":25},"content_typography_font_family":"Oswald","name_color":"#cddbe2","name_typography_typography":"custom","name_typography_font_size":{"unit":"px","size":20},"name_typography_font_family":"Roboto","title_color":"#ffffff","title_typography_typography":"custom","title_typography_font_family":"Roboto","image_size":{"unit":"px","size":60},"arrows_color":"#cddbe2","pagination_color":"#cddbe2","content_typography_font_size_tablet":{"unit":"px","size":18},"width_mobile":{"unit":"px","size":345},"content_gap":{"unit":"px","size":7},"name_typography_font_size_tablet":{"unit":"px","size":17},"title_typography_font_size_tablet":{"unit":"px","size":12},"image_gap":{"unit":"px","size":9},"width":{"unit":"%","size":67}},"elements":[],"isInner":false,"widgetType":"testimonial-carousel","elType":"widget"}],"isInner":false,"elType":"column"}],"isInner":false,"elType":"section"},{"id":"f779557","settings":{"padding":{"unit":"px","top":"45","right":"0","bottom":"65","left":"0","isLinked":false},"padding_mobile":{"unit":"px","top":"20","right":"0","bottom":"20","left":"0","isLinked":false}},"elements":[{"id":"3b4a2b95","settings":{"_column_size":100},"elements":[{"id":"156caed7","settings":{"social_icon_list":[{"social":"fa fa-facebook","_id":"burqz6k","link":{"url":"","is_external":"true","nofollow":""}},{"social":"fa fa-twitter","_id":"71dnpf4","link":{"url":"","is_external":"true","nofollow":""}},{"social":"fa fa-google-plus","_id":"xin8sud","link":{"url":"","is_external":"true","nofollow":""}},{"social":"fa fa-linkedin","link":{"url":"","is_external":"true","nofollow":""},"_id":"xfdzpx8"},{"social":"fa fa-whatsapp","link":{"url":"","is_external":"true","nofollow":""},"_id":"otubn1e"}],"icon_color":"custom","icon_primary_color":"rgba(0,0,0,0)","icon_secondary_color":"#aec4d0","icon_size":{"unit":"px","size":21},"icon_size_mobile":{"unit":"px","size":17},"icon_spacing":{"unit":"px","size":30},"icon_spacing_mobile":{"unit":"px","size":19},"hover_secondary_color":"#535a77"},"elements":[],"isInner":false,"widgetType":"social-icons","elType":"widget"}],"isInner":false,"elType":"column"}],"isInner":false,"elType":"section"}]}