{"version":"0.4","title":"About-Delivery-Company-page","type":"page","content":[{"id":"2449278d","settings":{"layout":"full_width","content_width":{"unit":"px","size":1140},"gap":"no","custom_height":{"unit":"px","size":700},"content_position":"middle","structure":"20","background_background":"classic","background_overlay_title":"","reverse_order_mobile":"reverse-mobile","height":"min-height","custom_height_tablet":{"unit":"px","size":0},"column_position":"stretch"},"elements":[{"id":"5718c4dc","settings":{"_column_size":50,"_inline_size":null,"padding":{"unit":"%","top":"20","right":"20","bottom":"20","left":"20","isLinked":true},"background_background":"classic","background_color":"#2323d6","padding_tablet":{"unit":"px","top":"50","right":"30","bottom":"50","left":"30","isLinked":false},"background_hover_background":"classic","background_hover_color":"#f84d43","background_hover_transition":{"unit":"px","size":0.5}},"elements":[{"id":"771facc4","settings":{"title":"About us","size":"large","align":"left","title_color":"#ffffff","typography_typography":"custom","typography_font_size":{"unit":"px","size":"60"},"typography_font_family":"Roboto Condensed","typography_font_weight":"600","typography_text_transform":"capitalize","typography_letter_spacing":{"unit":"px","size":"1.5"},"_padding":{"unit":"px","top":"0","right":"0","bottom":"10","left":"0","isLinked":false},"header_size":"h1","align_mobile":"center","typography_font_size_tablet":{"unit":"px","size":"35"},"_padding_tablet":{"unit":"px","top":"0","right":"0","bottom":"0","left":"0","isLinked":true}},"elements":[],"isInner":false,"widgetType":"heading","elType":"widget"},{"id":"576acab5","settings":{"editor":"<p>Lorem ipsum dolor sit amet, consectetur adipiscing elit. Nam sodales fermentum gravida. Vivamus elementum massa neque, sed fringilla mi malesuada aliquet. Vivamus pharetra ultricies dolor ut consectetur. Nunc quis dolor sed arcu sodales varius. Quisque auctor at elit aliquam convallis. Mauris sodales congue massa, vitae accumsan dolor efficitur in. Suspendisse volutpat, ipsum a aliquet venenatis, arcu ipsum dictum odio.<\/p>","typography_typography":"custom","typography_font_size":{"unit":"px","size":"19"},"typography_letter_spacing":{"unit":"px","size":"1"},"typography_font_family":"Roboto Condensed","typography_line_height":{"unit":"em","size":"1.8"},"text_color":"rgba(255,255,255,0.78)","align_mobile":"center","typography_font_size_tablet":{"unit":"px","size":"14"},"typography_font_size_mobile":{"unit":"px","size":"14"}},"elements":[],"isInner":false,"widgetType":"text-editor","elType":"widget"}],"isInner":false,"elType":"column"},{"id":"1c162b73","settings":{"_column_size":50,"_inline_size":null,"background_background":"classic","background_image":{"id":492,"url":"http:\/\/localhost\/test\/wp-content\/uploads\/2018\/09\/1-1-4.png"},"background_size":"cover","padding_mobile":{"unit":"px","top":"100","right":"0","bottom":"100","left":"0","isLinked":false}},"elements":[{"id":"37d9a86c","settings":[],"elements":[],"isInner":false,"widgetType":"spacer","elType":"widget"}],"isInner":false,"elType":"column"}],"isInner":false,"elType":"section"},{"id":"21273c51","settings":{"content_width":{"unit":"px","size":"1040"},"structure":"30","background_overlay_title":"","padding":{"unit":"px","top":"100","right":"0","bottom":"0","left":"0","isLinked":false},"padding_tablet":{"unit":"px","top":"50","right":"10","bottom":"10","left":"10","isLinked":false},"padding_mobile":{"unit":"px","top":"30","right":"30","bottom":"30","left":"30","isLinked":true}},"elements":[{"id":"6ffcbfb7","settings":{"_column_size":33,"_inline_size":null},"elements":[{"id":"3eac14c0","settings":{"image":{"id":493,"url":"http:\/\/localhost\/test\/wp-content\/uploads\/2018\/09\/6.-1.png"},"title_text":"Important Telegrams","description_text":"Vivamus elementum massa neque, sed fringilla mi malesuada aliquet. Vivamus pharetra ultricies. ","position":"left","title_color":"#333333","title_typography_typography":"custom","title_typography_font_size":{"unit":"px","size":"25"},"title_typography_font_family":"Roboto Condensed","title_typography_font_weight":"900","description_typography_typography":"custom","description_typography_font_size":{"unit":"px","size":"16"},"description_typography_font_family":"Roboto Condensed","description_typography_letter_spacing":{"unit":"px","size":"0.8"},"text_align_tablet":"left","title_typography_font_size_tablet":{"unit":"px","size":"18"},"title_typography_font_size_mobile":{"unit":"px","size":"25"},"description_typography_font_size_tablet":{"unit":"px","size":"14"},"text_align_mobile":"center","description_typography_font_size_mobile":{"unit":"px","size":"16"}},"elements":[],"isInner":false,"widgetType":"image-box","elType":"widget"}],"isInner":false,"elType":"column"},{"id":"5a512691","settings":{"_column_size":33,"_inline_size":null},"elements":[{"id":"2274c8a1","settings":{"image":{"id":494,"url":"http:\/\/localhost\/test\/wp-content\/uploads\/2018\/09\/2.-1.png"},"title_text":"Online Confirmation","description_text":"Vivamus elementum massa neque, sed fringilla mi malesuada aliquet. Vivamus pharetra ultricies. ","position":"left","title_color":"#333333","title_typography_typography":"custom","title_typography_font_size":{"unit":"px","size":"25"},"title_typography_font_family":"Roboto Condensed","title_typography_font_weight":"900","description_typography_typography":"custom","description_typography_font_size":{"unit":"px","size":"16"},"description_typography_font_family":"Roboto Condensed","description_typography_letter_spacing":{"unit":"px","size":"0.8"},"text_align_tablet":"left","title_typography_font_size_tablet":{"unit":"px","size":"18"},"title_typography_font_size_mobile":{"unit":"px","size":"25"},"description_typography_font_size_tablet":{"unit":"px","size":"14"},"_padding_mobile":{"unit":"px","top":"20","right":"0","bottom":"0","left":"0","isLinked":false},"text_align_mobile":"center","description_typography_font_size_mobile":{"unit":"px","size":"16"}},"elements":[],"isInner":false,"widgetType":"image-box","elType":"widget"}],"isInner":false,"elType":"column"},{"id":"37643c61","settings":{"_column_size":33,"_inline_size":null},"elements":[{"id":"17b33835","settings":{"image":{"id":495,"url":"http:\/\/localhost\/test\/wp-content\/uploads\/2018\/09\/4.-1.png"},"title_text":"Direct Support","description_text":"Vivamus elementum massa neque, sed fringilla mi malesuada aliquet. Vivamus pharetra ultricies. ","position":"left","title_color":"#333333","title_typography_typography":"custom","title_typography_font_size":{"unit":"px","size":"25"},"title_typography_font_family":"Roboto Condensed","title_typography_font_weight":"900","description_typography_typography":"custom","description_typography_font_size":{"unit":"px","size":"16"},"description_typography_font_family":"Roboto Condensed","description_typography_letter_spacing":{"unit":"px","size":"0.8"},"text_align_tablet":"left","title_typography_font_size_tablet":{"unit":"px","size":"18"},"title_typography_font_size_mobile":{"unit":"px","size":"25"},"description_typography_font_size_tablet":{"unit":"px","size":"14"},"_padding_mobile":{"unit":"px","top":"20","right":"0","bottom":"0","left":"0","isLinked":false},"text_align_mobile":"center","description_typography_font_size_mobile":{"unit":"px","size":"16"}},"elements":[],"isInner":false,"widgetType":"image-box","elType":"widget"}],"isInner":false,"elType":"column"}],"isInner":false,"elType":"section"},{"id":"52cb88d2","settings":{"content_width":{"unit":"px","size":"1040"},"structure":"30","background_overlay_title":"","padding":{"unit":"px","top":"40","right":"0","bottom":"100","left":"0","isLinked":false},"padding_tablet":{"unit":"px","top":"10","right":"10","bottom":"50","left":"10","isLinked":false},"padding_mobile":{"unit":"px","top":"0","right":"30","bottom":"30","left":"30","isLinked":false}},"elements":[{"id":"52ade42d","settings":{"_column_size":33,"_inline_size":null,"screen_sm":"custom"},"elements":[{"id":"1f9385a0","settings":{"image":{"id":496,"url":"http:\/\/localhost\/test\/wp-content\/uploads\/2018\/09\/5.-1.png"},"title_text":"Wordwide Coverage","description_text":"Vivamus elementum massa neque, sed fringilla mi malesuada aliquet. Vivamus pharetra ultricies. ","position":"left","title_color":"#333333","title_typography_typography":"custom","title_typography_font_size":{"unit":"px","size":"25"},"title_typography_font_family":"Roboto Condensed","title_typography_font_weight":"900","description_typography_typography":"custom","description_typography_font_size":{"unit":"px","size":"16"},"description_typography_font_family":"Roboto Condensed","description_typography_letter_spacing":{"unit":"px","size":"0.8"},"text_align_tablet":"left","title_typography_font_size_tablet":{"unit":"px","size":"18"},"title_typography_font_size_mobile":{"unit":"px","size":"25"},"description_typography_font_size_tablet":{"unit":"px","size":"14"},"_padding_mobile":{"unit":"px","top":"20","right":"0","bottom":"0","left":"0","isLinked":false},"text_align_mobile":"center","description_typography_font_size_mobile":{"unit":"px","size":"16"}},"elements":[],"isInner":false,"widgetType":"image-box","elType":"widget"}],"isInner":false,"elType":"column"},{"id":"2c336217","settings":{"_column_size":33,"_inline_size":null},"elements":[{"id":"32d11cab","settings":{"image":{"id":497,"url":"http:\/\/localhost\/test\/wp-content\/uploads\/2018\/09\/1.-1.png"},"title_text":"Mobile Notifications","description_text":"Vivamus elementum massa neque, sed fringilla mi malesuada aliquet. Vivamus pharetra ultricies. ","position":"left","title_color":"#333333","title_typography_typography":"custom","title_typography_font_size":{"unit":"px","size":"25"},"title_typography_font_family":"Roboto Condensed","title_typography_font_weight":"900","description_typography_typography":"custom","description_typography_font_size":{"unit":"px","size":"16"},"description_typography_font_family":"Roboto Condensed","description_typography_letter_spacing":{"unit":"px","size":"0.8"},"text_align_tablet":"left","title_typography_font_size_tablet":{"unit":"px","size":"18"},"title_typography_font_size_mobile":{"unit":"px","size":"25"},"description_typography_font_size_tablet":{"unit":"px","size":"14"},"_padding_mobile":{"unit":"px","top":"20","right":"0","bottom":"0","left":"0","isLinked":false},"text_align_mobile":"center","description_typography_font_size_mobile":{"unit":"px","size":"16"}},"elements":[],"isInner":false,"widgetType":"image-box","elType":"widget"}],"isInner":false,"elType":"column"},{"id":"6c7c2ad3","settings":{"_column_size":33,"_inline_size":null},"elements":[{"id":"3915bcde","settings":{"image":{"id":498,"url":"http:\/\/localhost\/test\/wp-content\/uploads\/2018\/09\/3.-1.png"},"title_text":"Tracking System","description_text":"Vivamus elementum massa neque, sed fringilla mi malesuada aliquet. Vivamus pharetra ultricies. ","position":"left","title_color":"#333333","title_typography_typography":"custom","title_typography_font_size":{"unit":"px","size":"25"},"title_typography_font_family":"Roboto Condensed","title_typography_font_weight":"900","description_typography_typography":"custom","description_typography_font_size":{"unit":"px","size":"16"},"description_typography_font_family":"Roboto Condensed","description_typography_letter_spacing":{"unit":"px","size":"0.8"},"text_align_tablet":"left","title_typography_font_size_tablet":{"unit":"px","size":"18"},"title_typography_font_size_mobile":{"unit":"px","size":"25"},"description_typography_font_size_tablet":{"unit":"px","size":"14"},"_padding_mobile":{"unit":"px","top":"20","right":"0","bottom":"0","left":"0","isLinked":false},"text_align_mobile":"center","description_typography_font_size_mobile":{"unit":"px","size":"16"}},"elements":[],"isInner":false,"widgetType":"image-box","elType":"widget"}],"isInner":false,"elType":"column"}],"isInner":false,"elType":"section"},{"id":"5d859ba4","settings":{"content_width":{"unit":"px","size":1140},"background_background":"classic","background_color":"#f84d43","background_overlay_title":"","padding":{"unit":"px","top":"150","right":"80","bottom":"80","left":"80","isLinked":false},"shape_divider_top":"opacity-tilt","shape_divider_top_height_mobile":{"unit":"px","size":72},"padding_tablet":{"unit":"px","top":"90","right":"0","bottom":"50","left":"0","isLinked":false},"padding_mobile":{"unit":"px","top":"130","right":"0","bottom":"50","left":"0","isLinked":false}},"elements":[{"id":"3ee5ef0f","settings":{"_column_size":100,"_inline_size":null},"elements":[{"id":"30dc6889","settings":{"title":"What our customers think","size":"large","align":"center","title_color":"#000000","typography_typography":"custom","typography_font_size":{"unit":"px","size":"40"},"typography_font_weight":"600","typography_text_transform":"capitalize","typography_letter_spacing":{"unit":"px","size":"1.5"},"typography_font_size_tablet":{"unit":"px","size":"35"},"typography_font_size_mobile":{"unit":"px","size":"25"},"typography_font_family":"Roboto Condensed","_padding_tablet":{"unit":"px","top":"0","right":"0","bottom":"20","left":"0","isLinked":false},"header_size":"h3"},"elements":[],"isInner":false,"widgetType":"heading","elType":"widget"},{"id":"466a0573","settings":{"content_width":{"unit":"px","size":1140},"structure":"30","background_overlay_title":"","padding":{"unit":"px","top":"50","right":"0","bottom":"0","left":"0","isLinked":false},"margin_tablet":{"unit":"px","top":"0","right":0,"bottom":"0","left":0,"isLinked":false},"padding_tablet":{"unit":"px","top":"0","right":"10","bottom":"0","left":"10","isLinked":false}},"elements":[{"id":"6f697e54","settings":{"_column_size":33,"_inline_size":null,"margin":{"unit":"px","top":"0","right":"40","bottom":"0","left":"0","isLinked":false},"margin_tablet":{"unit":"px","top":"0","right":"20","bottom":"0","left":"0","isLinked":false},"margin_mobile":{"unit":"px","top":"0","right":"0","bottom":"0","left":"0","isLinked":true}},"elements":[{"id":"57d3ecc6","settings":{"testimonial_content":"\u201cLorem ipsum dolor sit amet, consectetur adipiscing elit. Ut elit tellus, luctus nec ullamcorper mattis dapibus\u201d","testimonial_image":{"id":499,"url":"http:\/\/localhost\/test\/wp-content\/uploads\/2018\/09\/about2-1.jpg"},"testimonial_name":"Sara Johnon","testimonial_job":"MG CEO","content_content_color":"rgba(0,0,0,0.72)","content_typography_typography":"custom","content_typography_font_size":{"unit":"px","size":"17"},"content_typography_font_family":"Roboto Condensed","image_border_border":"solid","image_border_width":{"unit":"px","top":"2","right":"2","bottom":"2","left":"2","isLinked":true},"image_border_color":"rgba(255,255,255,0.77)","name_text_color":"#000000","name_typography_typography":"custom","name_typography_font_size":{"unit":"px","size":"22"},"name_typography_font_size_tablet":{"unit":"px","size":"17"},"name_typography_font_family":"Roboto Condensed","job_text_color":"rgba(0,0,0,0.8)","job_typography_typography":"custom","job_typography_font_size":{"unit":"px","size":"14"},"job_typography_font_family":"Roboto Condensed","_padding":{"unit":"px","top":"0","right":"0","bottom":"0","left":"0","isLinked":true},"_background_background":"classic"},"elements":[],"isInner":false,"widgetType":"testimonial","elType":"widget"}],"isInner":true,"elType":"column"},{"id":"7ddcdc95","settings":{"_column_size":33,"_inline_size":null,"margin":{"unit":"px","top":"0","right":"20","bottom":"0","left":"20","isLinked":false},"margin_tablet":{"unit":"px","top":"0","right":"10","bottom":"0","left":"10","isLinked":false},"margin_mobile":{"unit":"px","top":"0","right":"0","bottom":"0","left":"0","isLinked":true},"padding_mobile":{"unit":"px","top":"60","right":"0","bottom":"60","left":"0","isLinked":false}},"elements":[{"id":"10eb15c1","settings":{"testimonial_content":"\"Mauris sodales congue massa, vitae accumsan dolor efficitur in. Suspendisse volutpat, ipsum a aliquet\"","testimonial_image":{"id":500,"url":"http:\/\/localhost\/test\/wp-content\/uploads\/2018\/09\/about3.jpg"},"testimonial_name":"John Milson","testimonial_job":"Looca CTO","content_content_color":"rgba(0,0,0,0.69)","content_typography_typography":"custom","content_typography_font_size":{"unit":"px","size":"17"},"content_typography_font_family":"Roboto Condensed","image_border_border":"solid","image_border_width":{"unit":"px","top":"2","right":"2","bottom":"2","left":"2","isLinked":true},"image_border_color":"rgba(255,255,255,0.77)","name_text_color":"#000000","name_typography_typography":"custom","name_typography_font_size":{"unit":"px","size":"22"},"name_typography_font_size_tablet":{"unit":"px","size":"17"},"name_typography_font_family":"Roboto Condensed","job_text_color":"rgba(0,0,0,0.75)","job_typography_typography":"custom","job_typography_font_size":{"unit":"px","size":"14"},"job_typography_font_family":"Roboto Condensed"},"elements":[],"isInner":false,"widgetType":"testimonial","elType":"widget"}],"isInner":true,"elType":"column"},{"id":"5f5f4fc5","settings":{"_column_size":33,"_inline_size":null,"margin":{"unit":"px","top":"0","right":"0","bottom":"0","left":"40","isLinked":false},"margin_tablet":{"unit":"px","top":"0","right":"0","bottom":"0","left":"20","isLinked":false},"margin_mobile":{"unit":"px","top":"0","right":"0","bottom":"0","left":"0","isLinked":true}},"elements":[{"id":"2fd7458c","settings":{"testimonial_content":"\"Nunc quis dolor sed arcu sodales varius. Quisque auctor at elit aliquam convallis. Mauris sodales\u201d","testimonial_image":{"id":501,"url":"http:\/\/localhost\/test\/wp-content\/uploads\/2018\/09\/1-2-1-1.jpg"},"testimonial_name":"Ben Lourenson","testimonial_job":"GGO Founder","content_content_color":"rgba(0,0,0,0.67)","content_typography_typography":"custom","content_typography_font_size":{"unit":"px","size":"17"},"content_typography_font_family":"Roboto Condensed","image_border_border":"solid","image_border_width":{"unit":"px","top":"2","right":"2","bottom":"2","left":"2","isLinked":true},"image_border_color":"rgba(255,255,255,0.77)","name_text_color":"#000000","name_typography_typography":"custom","name_typography_font_size":{"unit":"px","size":"22"},"name_typography_font_size_tablet":{"unit":"px","size":"17"},"name_typography_font_family":"Roboto Condensed","job_text_color":"rgba(0,0,0,0.67)","job_typography_typography":"custom","job_typography_font_size":{"unit":"px","size":"14"},"job_typography_font_family":"Roboto Condensed"},"elements":[],"isInner":false,"widgetType":"testimonial","elType":"widget"}],"isInner":true,"elType":"column"}],"isInner":true,"elType":"section"}],"isInner":false,"elType":"column"}],"isInner":false,"elType":"section"},{"id":"3c0dd6df","settings":{"custom_height":{"unit":"px","size":"500"},"background_background":"classic","background_image":{"id":502,"url":"http:\/\/localhost\/test\/wp-content\/uploads\/2018\/09\/3-2-1-1.jpg"},"background_position":"center center","background_size":"cover","background_overlay_title":"","background_overlay_background":"classic","background_overlay_color":"#020928","background_overlay_opacity":{"unit":"px","size":"0.7"},"padding":{"unit":"px","top":"80","right":"80","bottom":"80","left":"80","isLinked":true},"margin_tablet":{"unit":"px","top":"","right":0,"bottom":"","left":0,"isLinked":true},"padding_mobile":{"unit":"px","top":"30","right":"30","bottom":"30","left":"30","isLinked":true},"padding_tablet":{"unit":"px","top":"40","right":"80","bottom":"40","left":"80","isLinked":false}},"elements":[{"id":"6a4672b4","settings":{"_column_size":100,"_inline_size":null,"margin_tablet":{"unit":"px","top":"0","right":"0","bottom":"0","left":"0","isLinked":true}},"elements":[{"id":"769943c6","settings":{"title":"Call Us Now","size":"large","align":"center","title_color":"#ffffff","typography_typography":"custom","typography_font_size":{"unit":"px","size":"70"},"typography_font_family":"Roboto Condensed","typography_font_style":"italic","typography_letter_spacing":{"unit":"px","size":"1"},"_padding":{"unit":"px","top":"0","right":"0","bottom":"20","left":"0","isLinked":false},"typography_font_size_tablet":{"unit":"px","size":"40"},"_padding_tablet":{"unit":"px","top":"0","right":"0","bottom":"0","left":"0","isLinked":true}},"elements":[],"isInner":false,"widgetType":"heading","elType":"widget"},{"id":"50872882","settings":{"title":"+32 558 555 673","size":"large","align":"center","title_color":"#ffffff","typography_typography":"custom","typography_font_size":{"unit":"px","size":"50"},"typography_font_family":"Roboto Condensed","typography_font_weight":"bold","typography_font_style":"normal","typography_letter_spacing":{"unit":"px","size":"1"},"_margin":{"unit":"%","top":"0","right":"30","bottom":"0","left":"30","isLinked":false},"_padding":{"unit":"px","top":"10","right":"10","bottom":"10","left":"10","isLinked":true},"_border_border":"solid","_border_width":{"unit":"px","top":"5","right":"0","bottom":"5","left":"0","isLinked":false},"_border_color":"#f84d43","typography_font_size_mobile":{"unit":"px","size":"30"},"_margin_tablet":{"unit":"%","top":"0","right":"20","bottom":"0","left":"20","isLinked":false},"_margin_mobile":{"unit":"%","top":"0","right":"10","bottom":"0","left":"10","isLinked":false},"_padding_tablet":{"unit":"px","top":"20","right":"0","bottom":"20","left":"0","isLinked":false},"typography_font_size_tablet":{"unit":"px","size":"40"}},"elements":[],"isInner":false,"widgetType":"heading","elType":"widget"}],"isInner":false,"elType":"column"}],"isInner":false,"elType":"section"}]}