{"version":"0.4","title":"Architect-Projects-page","type":"page","content":[{"id":"1ac8cfba","settings":{"section_layout":"","custom_height":{"unit":"px","size":0},"section_background":"","background_background":"classic","background_color":"#e3ecef","background_image":{"id":1163,"url":"http:\/\/localhost\/test\/wp-content\/uploads\/2018\/09\/19-1.jpg"},"background_position":"top center","background_repeat":"no-repeat","background_size":"contain","background_overlay_section":"","section_border":"","box_shadow_box_shadow":{"horizontal":0,"vertical":0,"blur":10,"spread":0,"inset":"","color":"rgba(0,0,0,0.5)"},"section_typo":"","section_advanced":"","padding":{"unit":"px","top":"300","right":"0","bottom":"150","left":"0","isLinked":false},"padding_tablet":{"unit":"px","top":"100","right":"20","bottom":"100","left":"20","isLinked":false},"padding_mobile":{"unit":"px","top":"100","right":"20","bottom":"100","left":"20","isLinked":false},"_section_responsive":"","heading_visibility":"","responsive_description":"","section_custom_css":"","custom_css_description":"","section_custom_css_pro":"","custom_css_pro":"","margin":{"unit":"px","top":"0","right":0,"bottom":"0","left":0,"isLinked":true},"content_width":{"unit":"px","size":1125},"background_overlay_background":"classic"},"elements":[{"id":"2d1829cd","settings":{"_column_size":100,"_inline_size":null,"section_style":"","background_background":"classic","background_color":"#ffffff","box_shadow_box_shadow":{"horizontal":0,"vertical":0,"blur":10,"spread":0,"inset":"","color":"rgba(0,0,0,0.5)"},"section_typo":"","section_advanced":"","margin_tablet":{"unit":"px","top":"0","right":"30","bottom":"0","left":"30","isLinked":false},"margin_mobile":{"unit":"px","top":"0","right":"0","bottom":"0","left":"0","isLinked":false},"padding":{"unit":"px","top":"80","right":"80","bottom":"80","left":"80","isLinked":false},"padding_tablet":{"unit":"px","top":"90","right":"40","bottom":"40","left":"40","isLinked":false},"padding_mobile":{"unit":"px","top":"70","right":"20","bottom":"50","left":"20","isLinked":false},"section_responsive":"","screen_xs":"default","screen_xs_width":"100","section_custom_css":"","custom_css_description":"","section_custom_css_pro":"","custom_css_pro":""},"elements":[{"id":"4ab9e413","settings":{"section_title":"","title":"Recent","link":{"is_external":"","url":""},"header_size":"p","align":"center","section_title_style":"","title_color":"#60626b","typography_typography":"custom","typography_font_size":{"unit":"px","size":"12"},"typography_font_family":"Helvetica","typography_text_transform":"uppercase","typography_letter_spacing":{"unit":"px","size":"5"},"typography_letter_spacing_mobile":{"unit":"px","size":1.4},"_section_style":"","_section_background":"","_box_shadow_box_shadow":{"horizontal":0,"vertical":0,"blur":10,"spread":0,"inset":"","color":"rgba(0,0,0,0.5)"},"_section_responsive":"","responsive_description":"","section_custom_css_pro":"","custom_css_pro":"","section_custom_css":"","custom_css_description":""},"elements":[],"isInner":false,"widgetType":"heading","elType":"widget"},{"id":"55021624","settings":{"section_divider":"","weight":{"unit":"px","size":"1"},"color":"#5cb1cd","width":{"unit":"%","size":16},"align":"center","gap":{"unit":"px","size":2},"_section_style":"","_section_background":"","_box_shadow_box_shadow":{"horizontal":0,"vertical":0,"blur":10,"spread":0,"inset":"","color":"rgba(0,0,0,0.5)"},"_section_responsive":"","responsive_description":"","section_custom_css_pro":"","custom_css_pro":"","section_custom_css":"","custom_css_description":""},"elements":[],"isInner":false,"widgetType":"divider","elType":"widget"},{"id":"560238a","settings":{"section_title":"","title":"Projects","link":{"is_external":"","url":""},"align":"center","section_title_style":"","title_color":"#000000","typography_typography":"custom","typography_font_size":{"unit":"px","size":"40"},"typography_font_family":"Vidaloka","typography_text_transform":"uppercase","_section_style":"","_padding":{"unit":"px","top":"15","right":"0","bottom":"0","left":"0","isLinked":false},"_section_background":"","_box_shadow_box_shadow":{"horizontal":0,"vertical":0,"blur":10,"spread":0,"inset":"","color":"rgba(0,0,0,0.5)"},"_section_responsive":"","responsive_description":"","section_custom_css_pro":"","custom_css_pro":"","section_custom_css":"","custom_css_description":"","typography_font_size_mobile":{"unit":"px","size":32},"typography_font_size_tablet":{"unit":"px","size":35}},"elements":[],"isInner":false,"widgetType":"heading","elType":"widget"},{"id":"4fb44305","settings":{"structure":"20","margin":{"unit":"px","top":"80","right":0,"bottom":"0","left":0,"isLinked":false},"margin_mobile":{"unit":"px","top":"50","right":0,"bottom":"50","left":0,"isLinked":true},"padding_mobile":{"unit":"px","top":"0","right":"0","bottom":"0","left":"0","isLinked":true},"custom_height_inner_mobile":{"unit":"px","size":265},"content_width":{"unit":"px","size":900}},"elements":[{"id":"51b50130","settings":{"_column_size":50,"_inline_size":58.068,"_inline_size_tablet":40,"animation":"fadeInLeft"},"elements":[{"id":"1a9a0da7","settings":{"image":{"id":1158,"url":"http:\/\/localhost\/test\/wp-content\/uploads\/2018\/09\/8-1-3.png"},"image_size":"full","space_mobile":{"unit":"%","size":100},"space_tablet":{"unit":"%","size":100},"align_mobile":"left","_margin_tablet":{"unit":"px","top":"-40","right":"-80","bottom":"0","left":"0","isLinked":false},"_margin_mobile":{"unit":"px","top":"0","right":"0","bottom":"0","left":"30","isLinked":false}},"elements":[],"isInner":false,"widgetType":"image","elType":"widget"}],"isInner":true,"elType":"column"},{"id":"d418f79","settings":{"_column_size":50,"_inline_size":41.932,"background_background":"classic","background_color":"#ffffff","box_shadow_box_shadow_type":"yes","box_shadow_box_shadow":{"horizontal":-5,"vertical":5,"blur":9,"spread":0,"color":"rgba(0,0,0,0.11)"},"margin":{"unit":"px","top":"200","right":"0","bottom":"0","left":"-100","isLinked":false},"padding":{"unit":"px","top":"40","right":"40","bottom":"40","left":"40","isLinked":true},"z_index":1,"margin_mobile":{"unit":"px","top":"-49","right":"0","bottom":"0","left":"0","isLinked":false},"padding_mobile":{"unit":"px","top":"60","right":"20","bottom":"60","left":"20","isLinked":false},"margin_tablet":{"unit":"px","top":"0","right":"0","bottom":"0","left":"0","isLinked":false},"_inline_size_tablet":59,"_inline_size_mobile":90,"background_hover_background":"classic","background_hover_color":"#77c5d8","animation":"fadeInRight"},"elements":[{"id":"4570361f","settings":{"section_title":"","title":"2017","link":{"is_external":"","url":""},"header_size":"p","align":"left","section_title_style":"","title_color":"#60626b","typography_typography":"custom","typography_font_size":{"unit":"px","size":"12"},"typography_font_family":"Helvetica","typography_text_transform":"uppercase","typography_letter_spacing":{"unit":"px","size":"5"},"typography_letter_spacing_mobile":{"unit":"px","size":1.4},"_section_style":"","_section_background":"","_box_shadow_box_shadow":{"horizontal":0,"vertical":0,"blur":10,"spread":0,"inset":"","color":"rgba(0,0,0,0.5)"},"_section_responsive":"","responsive_description":"","section_custom_css_pro":"","custom_css_pro":"","section_custom_css":"","custom_css_description":"","align_mobile":"center","_margin_mobile":{"unit":"px","top":"0","right":"0","bottom":"0","left":"0","isLinked":false},"_padding_mobile":{"unit":"px","top":"0","right":"0","bottom":"0","left":"0","isLinked":false}},"elements":[],"isInner":false,"widgetType":"heading","elType":"widget"},{"id":"8858485","settings":{"section_title":"","title":"The hills complex","link":{"is_external":"","url":""},"header_size":"h3","align_mobile":"center","section_title_style":"","title_color":"#000000","typography_typography":"custom","typography_font_size":{"unit":"px","size":35},"typography_font_size_tablet":{"unit":"px","size":30},"typography_font_family":"Vidaloka","typography_letter_spacing":{"unit":"px","size":0.2},"_section_style":"","_padding":{"unit":"px","top":"0","right":"0","bottom":"10","left":"0","isLinked":false},"_section_background":"","_box_shadow_box_shadow":{"horizontal":0,"vertical":0,"blur":10,"spread":0,"inset":"","color":"rgba(0,0,0,0.5)"},"_section_responsive":"","responsive_description":"","section_custom_css_pro":"","custom_css_pro":"","section_custom_css":"","custom_css_description":"","typography_font_weight":"500","typography_font_size_mobile":{"unit":"px","size":25}},"elements":[],"isInner":false,"widgetType":"heading","elType":"widget"},{"id":"38f743e8","settings":{"section_editor":"","editor":"<p>Lorem ipsum dolor sit amet, consectetur adipiscing elit. Vestibulum ultricies \u00a0<\/p>","section_style":"","align_mobile":"center","typography_typography":"custom","typography_font_size":{"unit":"px","size":"16"},"typography_font_family":"Helvetica","typography_font_weight":"300","_section_style":"","_padding_mobile":{"unit":"px","top":"0","right":"0","bottom":"0","left":"0","isLinked":false},"_section_background":"","_box_shadow_box_shadow":{"horizontal":0,"vertical":0,"blur":10,"spread":0,"inset":"","color":"rgba(0,0,0,0.5)"},"_section_responsive":"","responsive_description":"","section_custom_css":"","custom_css_description":"","section_custom_css_pro":"","custom_css_pro":"","text_color":"#555555"},"elements":[],"isInner":false,"widgetType":"text-editor","elType":"widget"},{"id":"3173bfc4","settings":{"section_button":"","text":"View project","link":{"is_external":"","url":"#"},"section_style":"","button_text_color":"#000000","typography_typography":"custom","typography_font_size":{"unit":"px","size":"12"},"typography_font_family":"Helvetica","typography_font_weight":"bold","typography_text_transform":"uppercase","typography_letter_spacing":{"unit":"px","size":3.6},"background_color":"rgba(0,0,0,0)","border_border":"solid","border_width":{"unit":"px","top":"2","right":"2","bottom":"2","left":"2","isLinked":true},"border_color":"#000000","border_radius":{"unit":"px","top":"0","right":"0","bottom":"0","left":"0","isLinked":true},"section_hover":"","_section_style":"","_section_background":"","_box_shadow_box_shadow":{"horizontal":0,"vertical":0,"blur":10,"spread":0,"inset":"","color":"rgba(0,0,0,0.5)"},"_section_responsive":"","responsive_description":"","section_custom_css":"","custom_css_description":"","section_custom_css_pro":"","custom_css_pro":"","align_mobile":"center","hover_color":"#ffffff","button_background_hover_color":"#000000"},"elements":[],"isInner":false,"widgetType":"button","elType":"widget"}],"isInner":true,"elType":"column"}],"isInner":true,"elType":"section"},{"id":"7dbd5a26","settings":{"structure":"20","margin":{"unit":"px","top":"100","right":0,"bottom":"0","left":0,"isLinked":false},"margin_mobile":{"unit":"px","top":"0","right":0,"bottom":"0","left":0,"isLinked":true},"padding_mobile":{"unit":"px","top":"0","right":"0","bottom":"0","left":"0","isLinked":true},"reverse_order_mobile":"reverse-mobile","content_width":{"unit":"px","size":900}},"elements":[{"id":"75d04a47","settings":{"_column_size":50,"_inline_size":50.341,"background_background":"classic","background_color":"#ffffff","box_shadow_box_shadow_type":"yes","box_shadow_box_shadow":{"horizontal":-5,"vertical":5,"blur":9,"spread":0,"color":"rgba(0,0,0,0.11)"},"margin":{"unit":"px","top":"-45","right":"-60","bottom":"113","left":"080","isLinked":false},"padding":{"unit":"px","top":"40","right":"40","bottom":"40","left":"40","isLinked":true},"z_index":1,"margin_mobile":{"unit":"px","top":"-84","right":"0","bottom":"0","left":"46","isLinked":false},"padding_mobile":{"unit":"px","top":"60","right":"20","bottom":"60","left":"20","isLinked":false},"_inline_size_tablet":70,"background_hover_background":"classic","background_hover_color":"#77c5d8","margin_tablet":{"unit":"px","top":"-8","right":"0","bottom":"0","left":"0","isLinked":false},"animation":"fadeInLeft"},"elements":[{"id":"36814890","settings":{"section_title":"","title":"2016","link":{"is_external":"","url":""},"header_size":"p","align":"left","section_title_style":"","title_color":"#60626b","typography_typography":"custom","typography_font_size":{"unit":"px","size":"12"},"typography_font_family":"Helvetica","typography_text_transform":"uppercase","typography_letter_spacing":{"unit":"px","size":"5"},"typography_letter_spacing_mobile":{"unit":"px","size":1.4},"_section_style":"","_section_background":"","_box_shadow_box_shadow":{"horizontal":0,"vertical":0,"blur":10,"spread":0,"inset":"","color":"rgba(0,0,0,0.5)"},"_section_responsive":"","responsive_description":"","section_custom_css_pro":"","custom_css_pro":"","section_custom_css":"","custom_css_description":"","align_mobile":"center"},"elements":[],"isInner":false,"widgetType":"heading","elType":"widget"},{"id":"661683b1","settings":{"section_title":"","title":"Mid Ave project","link":{"is_external":"","url":""},"header_size":"h3","align_mobile":"center","section_title_style":"","title_color":"#000000","typography_typography":"custom","typography_font_size":{"unit":"px","size":35},"typography_font_size_tablet":{"unit":"px","size":30},"typography_font_family":"Vidaloka","typography_letter_spacing":{"unit":"px","size":0.2},"_section_style":"","_padding":{"unit":"px","top":"0","right":"0","bottom":"10","left":"0","isLinked":false},"_section_background":"","_box_shadow_box_shadow":{"horizontal":0,"vertical":0,"blur":10,"spread":0,"inset":"","color":"rgba(0,0,0,0.5)"},"_section_responsive":"","responsive_description":"","section_custom_css_pro":"","custom_css_pro":"","section_custom_css":"","custom_css_description":"","typography_font_weight":"400","typography_font_size_mobile":{"unit":"px","size":25}},"elements":[],"isInner":false,"widgetType":"heading","elType":"widget"},{"id":"6d9d62d6","settings":{"section_editor":"","editor":"<p>Lorem ipsum dolor sit amet, consectetur adipiscing elit. Vestibulum ultricies sollicitudin ante nec mattis. Mauris eget\u00a0Lorem ipsum<\/p>","section_style":"","align_mobile":"center","typography_typography":"custom","typography_font_size":{"unit":"px","size":"16"},"typography_font_family":"Helvetica","typography_font_weight":"300","_section_style":"","_padding_mobile":{"unit":"px","top":"0","right":"0","bottom":"0","left":"0","isLinked":false},"_section_background":"","_box_shadow_box_shadow":{"horizontal":0,"vertical":0,"blur":10,"spread":0,"inset":"","color":"rgba(0,0,0,0.5)"},"_section_responsive":"","responsive_description":"","section_custom_css":"","custom_css_description":"","section_custom_css_pro":"","custom_css_pro":"","text_color":"#555555"},"elements":[],"isInner":false,"widgetType":"text-editor","elType":"widget"},{"id":"17d00008","settings":{"section_button":"","text":"View project","link":{"is_external":"","url":"#"},"section_style":"","button_text_color":"#000000","typography_typography":"custom","typography_font_size":{"unit":"px","size":"12"},"typography_font_family":"Helvetica","typography_font_weight":"bold","typography_text_transform":"uppercase","typography_letter_spacing":{"unit":"px","size":3.6},"background_color":"rgba(0,0,0,0)","border_border":"solid","border_width":{"unit":"px","top":"2","right":"2","bottom":"2","left":"2","isLinked":true},"border_color":"#000000","border_radius":{"unit":"px","top":"0","right":"0","bottom":"0","left":"0","isLinked":true},"section_hover":"","_section_style":"","_section_background":"","_box_shadow_box_shadow":{"horizontal":0,"vertical":0,"blur":10,"spread":0,"inset":"","color":"rgba(0,0,0,0.5)"},"_section_responsive":"","responsive_description":"","section_custom_css":"","custom_css_description":"","section_custom_css_pro":"","custom_css_pro":"","align_mobile":"center","hover_color":"#ffffff","button_background_hover_color":"#000000"},"elements":[],"isInner":false,"widgetType":"button","elType":"widget"}],"isInner":true,"elType":"column"},{"id":"64ff7cbc","settings":{"_column_size":50,"_inline_size":49.659,"_inline_size_tablet":30,"_inline_size_mobile":70,"margin_mobile":{"unit":"px","top":"0","right":"0","bottom":"0","left":"0","isLinked":true},"padding_mobile":{"unit":"px","top":"0","right":"0","bottom":"0","left":"0","isLinked":true}},"elements":[{"id":"6eff69d0","settings":{"image":{"id":1159,"url":"http:\/\/localhost\/test\/wp-content\/uploads\/2018\/09\/photo-1445551712021-28753c605094.png"},"image_size":"full","space_mobile":{"unit":"%","size":100},"align_tablet":"center","space_tablet":{"unit":"%","size":100},"_margin_tablet":{"unit":"px","top":"-40","right":"0","bottom":"0","left":"-150","isLinked":false},"_padding_tablet":{"unit":"px","top":"0","right":"0","bottom":"0","left":"0","isLinked":false},"_margin_mobile":{"unit":"px","top":"0","right":"0","bottom":"0","left":"0","isLinked":true},"_padding_mobile":{"unit":"px","top":"0","right":"0","bottom":"0","left":"0","isLinked":true},"_animation":"fadeInRight"},"elements":[],"isInner":false,"widgetType":"image","elType":"widget"}],"isInner":true,"elType":"column"}],"isInner":true,"elType":"section"},{"id":"7b985f12","settings":{"structure":"20","margin":{"unit":"px","top":"70","right":0,"bottom":"0","left":0,"isLinked":false},"margin_mobile":{"unit":"px","top":"50","right":0,"bottom":"0","left":0,"isLinked":false},"padding_mobile":{"unit":"px","top":"0","right":"0","bottom":"0","left":"0","isLinked":true},"content_width":{"unit":"px","size":900},"margin_tablet":{"unit":"px","top":"120","right":0,"bottom":"0","left":0,"isLinked":false}},"elements":[{"id":"296c3736","settings":{"_column_size":50,"_inline_size":46.932,"z_index":0,"margin_tablet":{"unit":"px","top":"0","right":"0","bottom":"0","left":"0","isLinked":false},"padding_tablet":{"unit":"px","top":"0","right":"0","bottom":"0","left":"0","isLinked":false},"_inline_size_tablet":40,"_inline_size_mobile":80,"margin_mobile":{"unit":"px","top":"0","right":"0","bottom":"0","left":"0","isLinked":true},"padding_mobile":{"unit":"px","top":"0","right":"0","bottom":"0","left":"0","isLinked":true},"animation":"fadeInLeft"},"elements":[{"id":"7b3a414e","settings":{"image":{"id":1160,"url":"http:\/\/localhost\/test\/wp-content\/uploads\/2018\/09\/rsq2asanj-a-fynn-lehnert.png"},"image_size":"full","space_mobile":{"unit":"%","size":100},"space_tablet":{"unit":"%","size":100},"_margin_tablet":{"unit":"px","top":"0","right":"-70","bottom":"0","left":"0","isLinked":false},"_padding_tablet":{"unit":"px","top":"0","right":"0","bottom":"0","left":"0","isLinked":false},"_margin_mobile":{"unit":"px","top":"0","right":"-50","bottom":"0","left":"50","isLinked":false},"_padding_mobile":{"unit":"px","top":"0","right":"0","bottom":"0","left":"0","isLinked":true}},"elements":[],"isInner":false,"widgetType":"image","elType":"widget"}],"isInner":true,"elType":"column"},{"id":"b6b13fc","settings":{"_column_size":50,"_inline_size":53.068,"background_background":"classic","background_color":"#ffffff","box_shadow_box_shadow_type":"yes","box_shadow_box_shadow":{"horizontal":-5,"vertical":5,"blur":9,"spread":0,"color":"rgba(0,0,0,0.11)"},"margin":{"unit":"px","top":"30","right":"0","bottom":"200","left":"-90","isLinked":false},"padding":{"unit":"px","top":"40","right":"40","bottom":"40","left":"40","isLinked":true},"z_index":1,"margin_mobile":{"unit":"px","top":"-41","right":"50","bottom":"0","left":"0","isLinked":false},"padding_mobile":{"unit":"px","top":"60","right":"20","bottom":"60","left":"20","isLinked":false},"_inline_size_tablet":60,"background_hover_background":"classic","background_hover_color":"#77c5d8","margin_tablet":{"unit":"px","top":"-70","right":"0","bottom":"70","left":"0","isLinked":false},"animation":"fadeInRight"},"elements":[{"id":"4991f3af","settings":{"section_title":"","title":"2016","link":{"is_external":"","url":""},"header_size":"p","align":"left","section_title_style":"","title_color":"#60626b","typography_typography":"custom","typography_font_size":{"unit":"px","size":"12"},"typography_font_family":"Helvetica","typography_text_transform":"uppercase","typography_letter_spacing":{"unit":"px","size":"5"},"typography_letter_spacing_mobile":{"unit":"px","size":1.4},"_section_style":"","_section_background":"","_box_shadow_box_shadow":{"horizontal":0,"vertical":0,"blur":10,"spread":0,"inset":"","color":"rgba(0,0,0,0.5)"},"_section_responsive":"","responsive_description":"","section_custom_css_pro":"","custom_css_pro":"","section_custom_css":"","custom_css_description":"","align_mobile":"center"},"elements":[],"isInner":false,"widgetType":"heading","elType":"widget"},{"id":"2d135b2a","settings":{"section_title":"","title":"United project","link":{"is_external":"","url":""},"header_size":"h3","align_mobile":"center","section_title_style":"","title_color":"#000000","typography_typography":"custom","typography_font_size":{"unit":"px","size":35},"typography_font_size_tablet":{"unit":"px","size":30},"typography_font_family":"Vidaloka","typography_letter_spacing":{"unit":"px","size":0.2},"_section_style":"","_padding":{"unit":"px","top":"0","right":"0","bottom":"10","left":"0","isLinked":false},"_section_background":"","_box_shadow_box_shadow":{"horizontal":0,"vertical":0,"blur":10,"spread":0,"inset":"","color":"rgba(0,0,0,0.5)"},"_section_responsive":"","responsive_description":"","section_custom_css_pro":"","custom_css_pro":"","section_custom_css":"","custom_css_description":"","typography_font_weight":"400","typography_font_size_mobile":{"unit":"px","size":25}},"elements":[],"isInner":false,"widgetType":"heading","elType":"widget"},{"id":"35bd3213","settings":{"section_editor":"","editor":"<p>Lorem ipsum dolor sit amet, consectetur adipiscing elit. Vestibulum ultricies sollicitudin ante nec mattis.\u00a0<\/p>","section_style":"","align_mobile":"center","typography_typography":"custom","typography_font_size":{"unit":"px","size":"16"},"typography_font_family":"Helvetica","typography_font_weight":"300","_section_style":"","_padding_mobile":{"unit":"px","top":"0","right":"0","bottom":"30","left":"0","isLinked":false},"_section_background":"","_box_shadow_box_shadow":{"horizontal":0,"vertical":0,"blur":10,"spread":0,"inset":"","color":"rgba(0,0,0,0.5)"},"_section_responsive":"","responsive_description":"","section_custom_css":"","custom_css_description":"","section_custom_css_pro":"","custom_css_pro":"","text_color":"#555555"},"elements":[],"isInner":false,"widgetType":"text-editor","elType":"widget"},{"id":"3345e7e9","settings":{"section_button":"","text":"View project","link":{"is_external":"","url":"#"},"section_style":"","button_text_color":"#000000","typography_typography":"custom","typography_font_size":{"unit":"px","size":"12"},"typography_font_family":"Helvetica","typography_font_weight":"bold","typography_text_transform":"uppercase","typography_letter_spacing":{"unit":"px","size":3.6},"background_color":"rgba(0,0,0,0)","border_border":"solid","border_width":{"unit":"px","top":"2","right":"2","bottom":"2","left":"2","isLinked":true},"border_color":"#000000","border_radius":{"unit":"px","top":"0","right":"0","bottom":"0","left":"0","isLinked":true},"section_hover":"","_section_style":"","_section_background":"","_box_shadow_box_shadow":{"horizontal":0,"vertical":0,"blur":10,"spread":0,"inset":"","color":"rgba(0,0,0,0.5)"},"_section_responsive":"","responsive_description":"","section_custom_css":"","custom_css_description":"","section_custom_css_pro":"","custom_css_pro":"","align_mobile":"center","hover_color":"#ffffff","button_background_hover_color":"#000000"},"elements":[],"isInner":false,"widgetType":"button","elType":"widget"}],"isInner":true,"elType":"column"}],"isInner":true,"elType":"section"},{"id":"272df43","settings":{"structure":"20","margin":{"unit":"px","top":"-170","right":0,"bottom":"0","left":0,"isLinked":false},"margin_mobile":{"unit":"px","top":"50","right":0,"bottom":"0","left":0,"isLinked":false},"padding_mobile":{"unit":"px","top":"0","right":"0","bottom":"0","left":"0","isLinked":true},"reverse_order_mobile":"reverse-mobile","content_width":{"unit":"px","size":900},"margin_tablet":{"unit":"px","top":"70","right":0,"bottom":"0","left":0,"isLinked":false}},"elements":[{"id":"799e3f38","settings":{"_column_size":50,"_inline_size":49.432,"background_background":"classic","background_color":"#ffffff","box_shadow_box_shadow_type":"yes","box_shadow_box_shadow":{"horizontal":-5,"vertical":5,"blur":9,"spread":0,"color":"rgba(0,0,0,0.11)"},"margin":{"unit":"px","top":"400","right":"-180","bottom":"60","left":"79","isLinked":false},"padding":{"unit":"px","top":"40","right":"40","bottom":"40","left":"40","isLinked":true},"z_index":1,"margin_mobile":{"unit":"px","top":"-105","right":"-50","bottom":"0","left":"50","isLinked":false},"padding_mobile":{"unit":"px","top":"60","right":"20","bottom":"60","left":"20","isLinked":false},"margin_tablet":{"unit":"px","top":"0","right":"0","bottom":"0","left":"0","isLinked":true},"_inline_size_tablet":70,"_inline_size_mobile":90,"background_hover_background":"classic","background_hover_color":"#77c5d8","animation":"fadeInLeft"},"elements":[{"id":"1ce6dce1","settings":{"section_title":"","title":"2016","link":{"is_external":"","url":""},"header_size":"p","align":"left","section_title_style":"","title_color":"#60626b","typography_typography":"custom","typography_font_size":{"unit":"px","size":"12"},"typography_font_family":"Helvetica","typography_text_transform":"uppercase","typography_letter_spacing":{"unit":"px","size":"5"},"typography_letter_spacing_mobile":{"unit":"px","size":1.4},"_section_style":"","_section_background":"","_box_shadow_box_shadow":{"horizontal":0,"vertical":0,"blur":10,"spread":0,"inset":"","color":"rgba(0,0,0,0.5)"},"_section_responsive":"","responsive_description":"","section_custom_css_pro":"","custom_css_pro":"","section_custom_css":"","custom_css_description":"","align_mobile":"center"},"elements":[],"isInner":false,"widgetType":"heading","elType":"widget"},{"id":"3d9eb991","settings":{"section_title":"","title":"MODE project","link":{"is_external":"","url":""},"header_size":"h3","align_mobile":"center","section_title_style":"","title_color":"#000000","typography_typography":"custom","typography_font_size":{"unit":"px","size":35},"typography_font_size_tablet":{"unit":"px","size":30},"typography_font_family":"Vidaloka","typography_letter_spacing":{"unit":"px","size":0.2},"_section_style":"","_padding":{"unit":"px","top":"0","right":"0","bottom":"10","left":"0","isLinked":false},"_section_background":"","_box_shadow_box_shadow":{"horizontal":0,"vertical":0,"blur":10,"spread":0,"inset":"","color":"rgba(0,0,0,0.5)"},"_section_responsive":"","responsive_description":"","section_custom_css_pro":"","custom_css_pro":"","section_custom_css":"","custom_css_description":"","typography_font_weight":"400","typography_font_size_mobile":{"unit":"px","size":25}},"elements":[],"isInner":false,"widgetType":"heading","elType":"widget"},{"id":"46288c56","settings":{"section_editor":"","editor":"<p>Lorem ipsum dolor sit amet, consectetur adipiscing elit. Vestibulum ultricies sollicitudin ante nec mattis. Mauris eget\u00a0Lorem ipsum dolor\u00a0<\/p>","section_style":"","align_mobile":"center","typography_typography":"custom","typography_font_size":{"unit":"px","size":"16"},"typography_font_family":"Helvetica","typography_font_weight":"300","_section_style":"","_padding_mobile":{"unit":"px","top":"0","right":"0","bottom":"30","left":"0","isLinked":false},"_section_background":"","_box_shadow_box_shadow":{"horizontal":0,"vertical":0,"blur":10,"spread":0,"inset":"","color":"rgba(0,0,0,0.5)"},"_section_responsive":"","responsive_description":"","section_custom_css":"","custom_css_description":"","section_custom_css_pro":"","custom_css_pro":"","text_color":"#555555"},"elements":[],"isInner":false,"widgetType":"text-editor","elType":"widget"},{"id":"72f5a489","settings":{"section_button":"","text":"View project","link":{"is_external":"","url":"#"},"section_style":"","button_text_color":"#000000","typography_typography":"custom","typography_font_size":{"unit":"px","size":"12"},"typography_font_family":"Helvetica","typography_font_weight":"bold","typography_text_transform":"uppercase","typography_letter_spacing":{"unit":"px","size":3.6},"background_color":"rgba(0,0,0,0)","border_border":"solid","border_width":{"unit":"px","top":"2","right":"2","bottom":"2","left":"2","isLinked":true},"border_color":"#000000","border_radius":{"unit":"px","top":"0","right":"0","bottom":"0","left":"0","isLinked":true},"section_hover":"","_section_style":"","_section_background":"","_box_shadow_box_shadow":{"horizontal":0,"vertical":0,"blur":10,"spread":0,"inset":"","color":"rgba(0,0,0,0.5)"},"_section_responsive":"","responsive_description":"","section_custom_css":"","custom_css_description":"","section_custom_css_pro":"","custom_css_pro":"","align_mobile":"center","hover_color":"#ffffff","button_background_hover_color":"#000000"},"elements":[],"isInner":false,"widgetType":"button","elType":"widget"}],"isInner":true,"elType":"column"},{"id":"7f5c5a9e","settings":{"_column_size":50,"_inline_size":50.568,"z_index":0,"_inline_size_tablet":30,"margin_tablet":{"unit":"px","top":"0","right":"0","bottom":"0","left":"0","isLinked":true}},"elements":[{"id":"4c3520cf","settings":{"image":{"id":1161,"url":"http:\/\/localhost\/test\/wp-content\/uploads\/2018\/09\/rfdp7_80v5a-joel-filipe.png"},"image_size":"full","_margin_tablet":{"unit":"px","top":"-100","right":"0","bottom":"0","left":"-70","isLinked":false},"_margin_mobile":{"unit":"px","top":"-4","right":"-4","bottom":"-4","left":"-4","isLinked":true},"_padding_mobile":{"unit":"px","top":"0","right":"0","bottom":"0","left":"0","isLinked":true},"_animation":"fadeInRight"},"elements":[],"isInner":false,"widgetType":"image","elType":"widget"}],"isInner":true,"elType":"column"}],"isInner":true,"elType":"section"},{"id":"1cb7b55d","settings":{"custom_height_inner":{"unit":"px","size":78},"structure":"20","background_background":"classic","background_image":{"id":1162,"url":"http:\/\/localhost\/test\/wp-content\/uploads\/2018\/09\/egrzhd8ymwm-dmitri-popov.png"},"background_repeat":"no-repeat","background_size":"contain","margin":{"unit":"px","top":"0","right":0,"bottom":"0","left":0,"isLinked":false},"margin_mobile":{"unit":"px","top":"100","right":0,"bottom":"0","left":0,"isLinked":false},"padding_mobile":{"unit":"px","top":"0","right":"0","bottom":"0","left":"0","isLinked":true},"margin_tablet":{"unit":"px","top":"50","right":0,"bottom":"0","left":0,"isLinked":false},"content_width":{"unit":"px","size":900},"animation":"fadeInRight"},"elements":[{"id":"1972c5af","settings":{"_column_size":50,"_inline_size":47.5,"padding_mobile":{"unit":"px","top":"0","right":"0","bottom":"0","left":"0","isLinked":false},"background_background":"classic"},"elements":[],"isInner":true,"elType":"column"},{"id":"40c54f35","settings":{"_column_size":50,"_inline_size":52.5,"background_background":"classic","background_color":"#ffffff","box_shadow_box_shadow_type":"yes","box_shadow_box_shadow":{"horizontal":-5,"vertical":5,"blur":9,"spread":0,"color":"rgba(0,0,0,0.11)"},"margin":{"unit":"px","top":"60","right":"50","bottom":"60","left":"0","isLinked":false},"padding":{"unit":"px","top":"40","right":"40","bottom":"40","left":"40","isLinked":false},"z_index":1,"margin_mobile":{"unit":"px","top":"80","right":"-28","bottom":"0","left":"28","isLinked":false},"padding_mobile":{"unit":"px","top":"60","right":"20","bottom":"60","left":"20","isLinked":false},"_inline_size_mobile":90,"background_hover_background":"classic","background_hover_color":"#77c5d8","margin_tablet":{"unit":"px","top":"133","right":"0","bottom":"0","left":"0","isLinked":false},"animation":"fadeInLeft"},"elements":[{"id":"c6aeba2","settings":{"section_title":"","title":"2015","link":{"is_external":"","url":""},"header_size":"p","align":"left","section_title_style":"","title_color":"#60626b","typography_typography":"custom","typography_font_size":{"unit":"px","size":"12"},"typography_font_family":"Helvetica","typography_text_transform":"uppercase","typography_letter_spacing":{"unit":"px","size":"5"},"typography_letter_spacing_mobile":{"unit":"px","size":1.4},"_section_style":"","_section_background":"","_box_shadow_box_shadow":{"horizontal":0,"vertical":0,"blur":10,"spread":0,"inset":"","color":"rgba(0,0,0,0.5)"},"_section_responsive":"","responsive_description":"","section_custom_css_pro":"","custom_css_pro":"","section_custom_css":"","custom_css_description":"","align_mobile":"center"},"elements":[],"isInner":false,"widgetType":"heading","elType":"widget"},{"id":"2b0b296a","settings":{"section_title":"","title":"Reserve LA.","link":{"is_external":"","url":""},"header_size":"h3","align_mobile":"center","section_title_style":"","title_color":"#000000","typography_typography":"custom","typography_font_size":{"unit":"px","size":35},"typography_font_size_tablet":{"unit":"px","size":30},"typography_font_family":"Vidaloka","typography_letter_spacing":{"unit":"px","size":0.2},"_section_style":"","_padding":{"unit":"px","top":"0","right":"0","bottom":"10","left":"0","isLinked":false},"_section_background":"","_box_shadow_box_shadow":{"horizontal":0,"vertical":0,"blur":10,"spread":0,"inset":"","color":"rgba(0,0,0,0.5)"},"_section_responsive":"","responsive_description":"","section_custom_css_pro":"","custom_css_pro":"","section_custom_css":"","custom_css_description":"","typography_font_weight":"400"},"elements":[],"isInner":false,"widgetType":"heading","elType":"widget"},{"id":"4fc75572","settings":{"section_editor":"","editor":"<p>Lorem ipsum dolor sit amet, vconsectetur adipiscing elit.\u00a0eget\u00a0Lorem ipsum dolo\u00a0sit\u00a0<\/p>","section_style":"","align_mobile":"center","typography_typography":"custom","typography_font_size":{"unit":"px","size":"16"},"typography_font_family":"Helvetica","typography_font_weight":"300","_section_style":"","_padding_mobile":{"unit":"px","top":"0","right":"0","bottom":"30","left":"0","isLinked":false},"_section_background":"","_box_shadow_box_shadow":{"horizontal":0,"vertical":0,"blur":10,"spread":0,"inset":"","color":"rgba(0,0,0,0.5)"},"_section_responsive":"","responsive_description":"","section_custom_css":"","custom_css_description":"","section_custom_css_pro":"","custom_css_pro":"","text_color":"#555555"},"elements":[],"isInner":false,"widgetType":"text-editor","elType":"widget"},{"id":"345396a9","settings":{"section_button":"","text":"View project","link":{"is_external":"","url":"#"},"section_style":"","button_text_color":"#000000","typography_typography":"custom","typography_font_size":{"unit":"px","size":"12"},"typography_font_family":"Helvetica","typography_font_weight":"bold","typography_text_transform":"uppercase","typography_letter_spacing":{"unit":"px","size":3.6},"background_color":"rgba(0,0,0,0)","border_border":"solid","border_width":{"unit":"px","top":"2","right":"2","bottom":"2","left":"2","isLinked":true},"border_color":"#000000","border_radius":{"unit":"px","top":"0","right":"0","bottom":"0","left":"0","isLinked":true},"section_hover":"","_section_style":"","_section_background":"","_box_shadow_box_shadow":{"horizontal":0,"vertical":0,"blur":10,"spread":0,"inset":"","color":"rgba(0,0,0,0.5)"},"_section_responsive":"","responsive_description":"","section_custom_css":"","custom_css_description":"","section_custom_css_pro":"","custom_css_pro":"","align_mobile":"center","hover_color":"#ffffff","button_background_hover_color":"#000000"},"elements":[],"isInner":false,"widgetType":"button","elType":"widget"}],"isInner":true,"elType":"column"}],"isInner":true,"elType":"section"},{"id":"3b0da698","settings":{"padding":{"unit":"px","top":"150","right":"0","bottom":"0","left":"0","isLinked":false}},"elements":[{"id":"71fef577","settings":{"_column_size":100,"_inline_size":null},"elements":[{"id":"3d06cb05","settings":{"section_title":"","title":"Professional Consultation","link":{"is_external":"","url":""},"header_size":"p","align":"center","section_title_style":"","title_color":"#60626b","typography_typography":"custom","typography_font_size":{"unit":"px","size":"12"},"typography_font_family":"Helvetica","typography_text_transform":"uppercase","typography_letter_spacing":{"unit":"px","size":"5"},"typography_letter_spacing_mobile":{"unit":"px","size":1.4},"_section_style":"","_section_background":"","_box_shadow_box_shadow":{"horizontal":0,"vertical":0,"blur":10,"spread":0,"inset":"","color":"rgba(0,0,0,0.5)"},"_section_responsive":"","responsive_description":"","section_custom_css_pro":"","custom_css_pro":"","section_custom_css":"","custom_css_description":""},"elements":[],"isInner":false,"widgetType":"heading","elType":"widget"},{"id":"1e013695","settings":{"section_divider":"","weight":{"unit":"px","size":"1"},"color":"#5cb1cd","width":{"unit":"%","size":35},"align":"center","gap":{"unit":"px","size":2},"_section_style":"","_section_background":"","_box_shadow_box_shadow":{"horizontal":0,"vertical":0,"blur":10,"spread":0,"inset":"","color":"rgba(0,0,0,0.5)"},"_section_responsive":"","responsive_description":"","section_custom_css_pro":"","custom_css_pro":"","section_custom_css":"","custom_css_description":""},"elements":[],"isInner":false,"widgetType":"divider","elType":"widget"},{"id":"33ab02d7","settings":{"section_title":"","title":"Contact","link":{"is_external":"","url":""},"align":"center","section_title_style":"","title_color":"#000000","typography_typography":"custom","typography_font_size":{"unit":"px","size":"40"},"typography_font_family":"Vidaloka","typography_text_transform":"uppercase","_section_style":"","_padding":{"unit":"px","top":"15","right":"0","bottom":"0","left":"0","isLinked":false},"_section_background":"","_box_shadow_box_shadow":{"horizontal":0,"vertical":0,"blur":10,"spread":0,"inset":"","color":"rgba(0,0,0,0.5)"},"_section_responsive":"","responsive_description":"","section_custom_css_pro":"","custom_css_pro":"","section_custom_css":"","custom_css_description":"","typography_font_size_tablet":{"unit":"px","size":35},"typography_font_size_mobile":{"unit":"px","size":35}},"elements":[],"isInner":false,"widgetType":"heading","elType":"widget"},{"id":"203cb450","settings":{"section_form_fields":"","form_name":"New Form","form_fields":[{"field_type":"text","field_label":"Name","placeholder":"Name","width":"33","_id":"ls8f5vw","required":"","field_options":"","inline_list":"","rows":4,"recaptcha_size":"normal","recaptcha_style":"light","css_classes":"","width_tablet":"","width_mobile":"","field_value":"","file_sizes":"","file_types":"","allow_multiple_upload":"","max_files":"","acceptance_text":"","checked_by_default":"","field_min":"","field_max":"","min_date":"","max_date":"","use_native_date":"","use_native_time":"","allow_multiple":"","select_size":"","field_html":""},{"field_type":"email","field_label":"Email","placeholder":"Email","width":"33","_id":"61jgmeg","required":"","field_options":"","inline_list":"","rows":4,"recaptcha_size":"normal","recaptcha_style":"light","css_classes":"","width_tablet":"","width_mobile":"","field_value":"","file_sizes":"","file_types":"","allow_multiple_upload":"","max_files":"","acceptance_text":"","checked_by_default":"","field_min":"","field_max":"","min_date":"","max_date":"","use_native_date":"","use_native_time":"","allow_multiple":"","select_size":"","field_html":""},{"field_type":"text","field_label":"Phone","placeholder":"Phone","width":"33","_id":"vcfzijy","required":"","field_options":"","inline_list":"","rows":4,"recaptcha_size":"normal","recaptcha_style":"light","css_classes":"","width_tablet":"","width_mobile":"","field_value":"","file_sizes":"","file_types":"","allow_multiple_upload":"","max_files":"","acceptance_text":"","checked_by_default":"","field_min":"","field_max":"","min_date":"","max_date":"","use_native_date":"","use_native_time":"","allow_multiple":"","select_size":"","field_html":""},{"field_type":"text","field_label":"Subject","placeholder":"Subject","width":"100","_id":"125shfm","required":"","field_options":"","inline_list":"","rows":4,"recaptcha_size":"normal","recaptcha_style":"light","css_classes":"","width_tablet":"","width_mobile":"","field_value":"","file_sizes":"","file_types":"","allow_multiple_upload":"","max_files":"","acceptance_text":"","checked_by_default":"","field_min":"","field_max":"","min_date":"","max_date":"","use_native_date":"","use_native_time":"","allow_multiple":"","select_size":"","field_html":""},{"field_type":"textarea","field_label":"Message","placeholder":"Your Message","width":"100","_id":"uvnsnlz","rows":"4","required":"","field_options":"","inline_list":"","recaptcha_size":"normal","recaptcha_style":"light","css_classes":"","width_tablet":"","width_mobile":"","field_value":"","file_sizes":"","file_types":"","allow_multiple_upload":"","max_files":"","acceptance_text":"","checked_by_default":"","field_min":"","field_max":"","min_date":"","max_date":"","use_native_date":"","use_native_time":"","allow_multiple":"","select_size":"","field_html":""}],"show_labels":"","section_submit_button":"","button_text":"Send Message","button_align":"center","button_align_tablet":"stretch","button_align_mobile":"stretch","section_form_options":"","success_message":"The message was sent successfully!","error_message":"There's something wrong... Please fill in the required fields.","required_field_message":"Required","invalid_message":"There's something wrong... The form is invalid.","section_form_style":"","column_gap":{"unit":"px","size":38},"row_gap":{"unit":"px","size":26},"heading_label":"","label_spacing":{"unit":"px","size":"0"},"label_typography_typography":"custom","label_typography_font_size":{"unit":"px","size":1},"label_typography_font_family":"Helvetica","label_typography_font_weight":"100","label_typography_font_style":"italic","label_typography_line_height":{"unit":"em","size":0.1},"label_typography_letter_spacing":{"unit":"px","size":-0.3},"section_field_style":"","field_text_color":"#919ca7","field_typography_typography":"custom","field_typography_font_family":"Helvetica","field_typography_font_weight":"100","field_typography_line_height":{"unit":"em","size":1.7},"field_border_width":{"unit":"px","top":"0","right":"0","bottom":"1","left":"0","isLinked":false},"field_border_radius":{"unit":"px","top":"0","right":"0","bottom":"0","left":"0","isLinked":true},"section_button_style":"","tabs_button_style":"","tab_button_normal":"","button_text_color":"#000000","button_typography_typography":"custom","button_typography_font_size":{"unit":"px","size":"14"},"button_typography_font_family":"Helvetica","button_typography_font_weight":"bold","button_typography_text_transform":"uppercase","button_typography_line_height":{"unit":"em","size":1.9},"button_typography_letter_spacing":{"unit":"px","size":4.1},"button_background_color":"#ffffff","button_border_border":"solid","button_border_width":{"unit":"px","top":"2","right":"2","bottom":"2","left":"2","isLinked":true},"button_border_radius":{"unit":"px","top":"0","right":"0","bottom":"0","left":"0","isLinked":false},"tab_button_hover":"","button_hover_color":"#ffffff","button_background_hover_color":"#000000","button_hover_border_color":"#000000","_section_style":"","_padding":{"unit":"px","top":"90","right":"0","bottom":"150","left":"0","isLinked":false},"_padding_tablet":{"unit":"px","top":"60","right":"0","bottom":"90","left":"0","isLinked":false},"_padding_mobile":{"unit":"px","top":"0","right":"0","bottom":"50","left":"0","isLinked":false},"_section_background":"","_box_shadow_box_shadow":{"horizontal":0,"vertical":0,"blur":10,"spread":0,"inset":"","color":"rgba(0,0,0,0.5)"},"_section_responsive":"","responsive_description":"","section_custom_css":"","custom_css_description":"","section_custom_css_pro":"","custom_css_pro":"","send_html":"","email_content":"[all-fields]","email_content_2":"[all-fields]"},"elements":[],"isInner":false,"widgetType":"form","elType":"widget"}],"isInner":true,"elType":"column"}],"isInner":true,"elType":"section"}],"isInner":false,"elType":"column"}],"isInner":false,"elType":"section"},{"id":"26a3339d","settings":{"section_layout":"","layout":"full_width","section_background":"","background_background":"classic","background_image":{"id":1163,"url":"http:\/\/localhost\/test\/wp-content\/uploads\/2018\/09\/19-1.jpg"},"background_overlay_section":"","background_overlay_background":"classic","background_overlay_opacity":{"unit":"px","size":"0.7"},"section_border":"","box_shadow_box_shadow":{"horizontal":0,"vertical":0,"blur":10,"spread":0,"inset":"","color":"rgba(0,0,0,0.5)"},"section_typo":"","section_advanced":"","_section_responsive":"","heading_visibility":"","responsive_description":"","section_custom_css":"","custom_css_description":"","structure":"30","margin_mobile":{"unit":"px","top":"00","right":0,"bottom":"00","left":0,"isLinked":true},"padding":{"unit":"px","top":"50","right":"0","bottom":"50","left":"0","isLinked":false},"padding_tablet":{"unit":"px","top":"50","right":"0","bottom":"50","left":"0","isLinked":false},"padding_mobile":{"unit":"px","top":"50","right":"30","bottom":"50","left":"30","isLinked":false}},"elements":[{"id":"1b98d5","settings":{"_column_size":33,"_inline_size":null,"section_style":"","box_shadow_box_shadow":{"horizontal":0,"vertical":0,"blur":10,"spread":0,"inset":"","color":"rgba(0,0,0,0.5)"},"section_typo":"","section_advanced":"","section_responsive":"","screen_xs":"default","screen_xs_width":"100","section_custom_css":"","custom_css_description":"","margin_mobile":{"unit":"px","top":"0","right":"0","bottom":"0","left":"0","isLinked":true},"padding_mobile":{"unit":"px","top":"30","right":"30","bottom":"30","left":"30","isLinked":false}},"elements":[{"id":"7213cf5c","settings":{"image":{"id":1164,"url":"http:\/\/localhost\/test\/wp-content\/uploads\/2018\/09\/1.1.png"},"title_text":"Advanced <br>technology","description_text":"Lorem ipsum dolor sit amet, consectetur adipiscing elit","position":"left","image_space":{"unit":"px","size":0},"image_size":{"unit":"%","size":80},"text_align":"left","content_vertical_alignment":"middle","title_color":"#000000","title_typography_typography":"custom","title_typography_font_size":{"unit":"px","size":35},"title_typography_font_family":"Vidaloka","title_typography_font_weight":"100","title_typography_text_transform":"capitalize","description_color":"#000000","description_typography_typography":"custom","description_typography_font_family":"Helvetica","description_typography_font_weight":"100","text_align_mobile":"center","title_typography_font_size_tablet":{"unit":"px","size":25},"description_typography_font_size_tablet":{"unit":"px","size":14},"_padding":{"unit":"px","top":"30","right":"30","bottom":"30","left":"30","isLinked":true},"_padding_tablet":{"unit":"px","top":"20","right":"20","bottom":"20","left":"20","isLinked":true},"_background_hover_background":"classic","_background_hover_color":"rgba(255,255,255,0.71)"},"elements":[],"isInner":false,"widgetType":"image-box","elType":"widget"}],"isInner":false,"elType":"column"},{"id":"78046b64","settings":{"_column_size":33,"_inline_size":null,"padding_mobile":{"unit":"px","top":"30","right":"30","bottom":"30","left":"30","isLinked":true}},"elements":[{"id":"53161a5f","settings":{"image":{"id":1165,"url":"http:\/\/localhost\/test\/wp-content\/uploads\/2018\/09\/2.2.png"},"title_text":"Top<br> Performance","description_text":"Ut elit tellus, luctus nec ullamcorper mattis pulvinar ","position":"left","image_space":{"unit":"px","size":0},"image_size":{"unit":"%","size":80},"text_align":"left","content_vertical_alignment":"middle","title_color":"#000000","title_typography_typography":"custom","title_typography_font_size":{"unit":"px","size":35},"title_typography_font_family":"Vidaloka","title_typography_font_weight":"100","title_typography_text_transform":"capitalize","description_color":"#000000","description_typography_typography":"custom","description_typography_font_family":"Helvetica","description_typography_font_weight":"100","text_align_mobile":"center","title_typography_font_size_tablet":{"unit":"px","size":25},"description_typography_font_size_tablet":{"unit":"px","size":14},"_margin_tablet":{"unit":"px","top":"0","right":"0","bottom":"0","left":"0","isLinked":true},"_padding":{"unit":"px","top":"30","right":"30","bottom":"30","left":"30","isLinked":true},"_padding_tablet":{"unit":"px","top":"20","right":"20","bottom":"20","left":"20","isLinked":true},"_background_hover_background":"classic","_background_hover_color":"rgba(255,255,255,0.71)"},"elements":[],"isInner":false,"widgetType":"image-box","elType":"widget"}],"isInner":false,"elType":"column"},{"id":"5043e97a","settings":{"_column_size":33,"_inline_size":null},"elements":[{"id":"72db1e28","settings":{"image":{"id":1166,"url":"http:\/\/localhost\/test\/wp-content\/uploads\/2018\/09\/3.3.png"},"title_text":"25 Years <br> Experience","description_text":"Consectetur adipiscing elit. Ut elit tellus luctus ","position":"left","image_space":{"unit":"px","size":0},"image_size":{"unit":"%","size":80},"text_align":"left","content_vertical_alignment":"middle","title_color":"#000000","title_typography_typography":"custom","title_typography_font_size":{"unit":"px","size":35},"title_typography_font_family":"Vidaloka","title_typography_font_weight":"100","title_typography_text_transform":"capitalize","description_color":"#000000","description_typography_typography":"custom","description_typography_font_family":"Helvetica","description_typography_font_weight":"100","text_align_mobile":"center","title_typography_font_size_tablet":{"unit":"px","size":25},"description_typography_font_size_tablet":{"unit":"px","size":14},"_margin_tablet":{"unit":"px","top":"0","right":"0","bottom":"0","left":"0","isLinked":true},"_padding":{"unit":"px","top":"30","right":"30","bottom":"30","left":"30","isLinked":true},"_padding_tablet":{"unit":"px","top":"20","right":"20","bottom":"20","left":"20","isLinked":true},"_background_hover_background":"classic","_background_hover_color":"rgba(255,255,255,0.71)"},"elements":[],"isInner":false,"widgetType":"image-box","elType":"widget"}],"isInner":false,"elType":"column"}],"isInner":false,"elType":"section"}]}