{"version":"0.4","title":"BlackFriday-Nature-Set-page","type":"page","content":[{"id":"ca5bdd8","settings":{"height":"min-height","custom_height":{"unit":"px","size":85},"content_position":"middle","structure":"30","background_background":"classic","background_color":"#000000","background_image":{"id":1194,"url":"http:\/\/localhost\/test\/wp-content\/uploads\/2018\/09\/bar-1.png"},"background_size":"cover","padding_mobile":{"unit":"px","top":"20","right":"20","bottom":"20","left":"20","isLinked":true}},"elements":[{"id":"46d2f713","settings":{"_column_size":33,"_inline_size":33},"elements":[{"id":"a95ac2b","settings":{"title":"black friday sale","align":"left","title_color":"#ffffff","typography_typography":"custom","typography_font_size":{"unit":"px","size":28},"typography_font_family":"Roboto","typography_font_weight":"bold","typography_text_transform":"uppercase","typography_letter_spacing":{"unit":"px","size":-1.3},"align_mobile":"center","typography_font_size_tablet":{"unit":"px","size":26}},"elements":[],"isInner":false,"widgetType":"heading","elType":"widget"}],"isInner":false,"elType":"column"},{"id":"77d35648","settings":{"_column_size":33,"_inline_size":30},"elements":[{"id":"5bfbeb8f","settings":{"text":"buy now","align":"center","typography_typography":"custom","typography_font_size":{"unit":"px","size":15},"typography_font_family":"Roboto","typography_font_weight":"400","typography_text_transform":"uppercase","typography_letter_spacing":{"unit":"px","size":1.8},"button_text_color":"#3c6150","background_color":"#71f7e6","border_radius":{"unit":"px","top":"100","right":"100","bottom":"100","left":"100","isLinked":true},"text_padding":{"unit":"px","top":"15","right":"40","bottom":"15","left":"40","isLinked":false},"button_box_shadow_box_shadow_type":"yes","button_box_shadow_box_shadow":{"horizontal":0,"vertical":1,"blur":3,"spread":0,"color":"rgba(0,0,0,0.68)"},"_box_shadow_box_shadow":{"horizontal":0,"vertical":1,"blur":0,"spread":1,"color":"rgba(0,0,0,0.5)"},"hover_color":"#71f7de","button_background_hover_color":"#000000","_margin_mobile":{"unit":"px","top":"0","right":"0","bottom":"0","left":"0","isLinked":true},"_padding_mobile":{"unit":"px","top":"0","right":"0","bottom":"0","left":"0","isLinked":true}},"elements":[],"isInner":false,"widgetType":"button","elType":"widget"}],"isInner":false,"elType":"column"},{"id":"e93aed4","settings":{"_column_size":33,"_inline_size":36.996},"elements":[{"id":"13122b4a","settings":{"label_days":"Days","label_hours":"Hours","label_minutes":"Minutes","label_seconds":"Seconds","box_background_color":"rgba(255,255,255,0.33)","box_border_border":"solid","box_border_width":{"unit":"px","top":"0","right":"0","bottom":"0","left":"0","isLinked":true},"box_border_color":"#ffffff","box_padding":{"unit":"px","top":"6","right":"10","bottom":"6","left":"10","isLinked":false},"digits_color":"#ffffff","digits_typography_typography":"custom","digits_typography_font_size":{"unit":"px","size":22},"digits_typography_font_family":"Roboto","digits_typography_font_weight":"900","digits_typography_line_height":{"unit":"em","size":1.6},"label_color":"#ffffff","label_typography_typography":"custom","label_typography_font_size":{"unit":"px","size":11},"label_typography_font_family":"Montserrat","label_typography_font_weight":"300","label_typography_letter_spacing":{"unit":"px","size":1.6},"_padding":{"unit":"px","top":"0","right":"0","bottom":"0","left":"0","isLinked":true},"_background_background":"classic","box_spacing":{"unit":"px","size":8},"container_width":{"unit":"%","size":78},"_margin_mobile":{"unit":"px","top":"20","right":"0","bottom":"0","left":"0","isLinked":false}},"elements":[],"isInner":false,"widgetType":"countdown","elType":"widget"}],"isInner":false,"elType":"column"}],"isInner":false,"elType":"section"},{"id":"7539bfd2","settings":[],"elements":[{"id":"3184b539","settings":{"_column_size":100},"elements":[{"id":"2893b17e","settings":[],"elements":[],"isInner":false,"widgetType":"spacer","elType":"widget"}],"isInner":false,"elType":"column"}],"isInner":false,"elType":"section"},{"id":"804d33d","settings":{"content_width":{"unit":"px","size":771},"height":"min-height","custom_height":{"unit":"vh","size":100},"background_background":"classic","margin":{"unit":"px","top":"","right":0,"bottom":"","left":0,"isLinked":true},"gap":"no","background_color":"#306d58","background_image":{"id":1197,"url":"http:\/\/localhost\/test\/wp-content\/uploads\/2018\/09\/bunner1-1.png"},"background_size":"cover","padding_mobile":{"unit":"px","top":"20","right":"20","bottom":"20","left":"20","isLinked":false},"custom_height_tablet":{"unit":"vh","size":80},"padding_tablet":{"unit":"px","top":"50","right":"50","bottom":"50","left":"50","isLinked":true}},"elements":[{"id":"349aa9af","settings":{"_column_size":100,"background_background":"classic","padding":{"unit":"px","top":"50","right":"50","bottom":"0","left":"50","isLinked":false},"border_border":"solid","border_width":{"unit":"px","top":"10","right":"10","bottom":"10","left":"10","isLinked":true},"border_color":"#ffffff","padding_mobile":{"unit":"px","top":"0","right":"0","bottom":"0","left":"0","isLinked":true}},"elements":[{"id":"6a44de00","settings":{"title":"black friday","align":"center","title_color":"#ffffff","typography_typography":"custom","typography_font_size":{"unit":"px","size":58},"typography_font_family":"Roboto","typography_font_weight":"bold","typography_text_transform":"uppercase","typography_letter_spacing":{"unit":"px","size":-1.2},"text_shadow_text_shadow_type":"yes","text_shadow_text_shadow":{"horizontal":0,"vertical":0,"blur":10,"color":"rgba(0,0,0,0.62)"},"_margin_mobile":{"unit":"px","top":"20","right":"0","bottom":"0","left":"0","isLinked":false}},"elements":[],"isInner":false,"widgetType":"heading","elType":"widget"},{"id":"15713906","settings":{"text":"buy now","align":"center","typography_typography":"custom","typography_font_size":{"unit":"px","size":15},"typography_font_family":"Roboto","typography_font_weight":"400","typography_text_transform":"uppercase","typography_letter_spacing":{"unit":"px","size":1.8},"button_text_color":"#3c6150","background_color":"#71f7e6","border_radius":{"unit":"px","top":"100","right":"100","bottom":"100","left":"100","isLinked":true},"text_padding":{"unit":"px","top":"16","right":"40","bottom":"16","left":"40","isLinked":false},"button_box_shadow_box_shadow_type":"yes","button_box_shadow_box_shadow":{"horizontal":0,"vertical":2,"blur":3,"spread":0,"color":"rgba(0,0,0,0.68)"},"hover_color":"#71f7de","button_background_hover_color":"#000000"},"elements":[],"isInner":false,"widgetType":"button","elType":"widget"},{"id":"5af20b69","settings":{"image":{"id":1195,"url":"http:\/\/localhost\/test\/wp-content\/uploads\/2018\/09\/bunner2-1.png"},"space":{"unit":"%","size":60},"_background_background":"classic","_background_image":{"id":1196,"url":"http:\/\/localhost\/test\/wp-content\/uploads\/2018\/09\/bunner3.png"},"_background_position":"bottom center","_background_repeat":"no-repeat","align_mobile":"center","space_mobile":{"unit":"%","size":100}},"elements":[],"isInner":false,"widgetType":"image","elType":"widget"}],"isInner":false,"elType":"column"}],"isInner":false,"elType":"section"},{"id":"204aa091","settings":[],"elements":[{"id":"c6a692d","settings":{"_column_size":100},"elements":[{"id":"61c593be","settings":[],"elements":[],"isInner":false,"widgetType":"spacer","elType":"widget"}],"isInner":false,"elType":"column"}],"isInner":false,"elType":"section"},{"id":"6653d482","settings":{"content_width":{"unit":"px","size":803},"height":"min-height","custom_height":{"unit":"vh","size":100},"background_background":"classic","margin":{"unit":"px","top":"","right":0,"bottom":"","left":0,"isLinked":true},"gap":"no","background_color":"#306d58","background_image":{"id":1197,"url":"http:\/\/localhost\/test\/wp-content\/uploads\/2018\/09\/bunner1-1.png"},"background_size":"cover","background_overlay_background":"classic","background_overlay_image":{"id":1199,"url":"http:\/\/localhost\/test\/wp-content\/uploads\/2018\/09\/coupon1-1.png"},"background_overlay_position":"center center","background_overlay_size":"cover","margin_mobile":{"unit":"px","top":"","right":0,"bottom":"","left":0,"isLinked":true},"padding_mobile":{"unit":"px","top":"010","right":"10","bottom":"00","left":"10","isLinked":false}},"elements":[{"id":"4279e405","settings":{"_column_size":100,"background_background":"classic","padding":{"unit":"px","top":"0","right":"0","bottom":"0","left":"0","isLinked":false},"border_border":"solid","border_width":{"unit":"px","top":"0","right":"0","bottom":"0","left":"0","isLinked":true},"border_color":"#ffffff","content_position":"center","margin_mobile":{"unit":"px","top":"0","right":"0","bottom":"0","left":"0","isLinked":true},"padding_mobile":{"unit":"px","top":"0","right":"0","bottom":"0","left":"0","isLinked":true}},"elements":[{"id":"75f6d2ef","settings":{"layout":"full_width","gap":"no","height_inner":"min-height","custom_height_inner":{"unit":"px","size":335},"background_background":"classic","padding":{"unit":"px","top":"50","right":"50","bottom":"50","left":"50","isLinked":true},"background_image":{"id":1198,"url":"http:\/\/localhost\/test\/wp-content\/uploads\/2018\/09\/coupon2-1.png"},"background_position":"center center","background_size":"cover","margin":{"unit":"px","top":"101","right":0,"bottom":"0","left":0,"isLinked":false},"custom_height_inner_mobile":{"unit":"px","size":224},"margin_mobile":{"unit":"px","top":"0","right":0,"bottom":"0","left":0,"isLinked":false},"padding_mobile":{"unit":"px","top":"0","right":"0","bottom":"0","left":"0","isLinked":true}},"elements":[{"id":"5963b78c","settings":{"_column_size":100,"_inline_size":null,"content_position":"center","margin_mobile":{"unit":"px","top":"0","right":"0","bottom":"0","left":"0","isLinked":true},"padding_mobile":{"unit":"px","top":"0","right":"0","bottom":"0","left":"0","isLinked":true}},"elements":[{"id":"66074a04","settings":{"space":{"unit":"px","size":142},"space_mobile":{"unit":"px","size":68},"_margin_mobile":{"unit":"px","top":"0","right":"0","bottom":"0","left":"0","isLinked":true},"_padding_mobile":{"unit":"px","top":"0","right":"0","bottom":"0","left":"0","isLinked":true}},"elements":[],"isInner":false,"widgetType":"spacer","elType":"widget"},{"id":"954fec9","settings":{"title":"use this Coupon code to <span1>get 30% off<\/span1>","header_size":"h5","align":"center","title_color":"#4a5259","typography_typography":"custom","typography_font_size":{"unit":"px","size":18},"typography_font_family":"Roboto","typography_font_weight":"400","typography_line_height":{"unit":"em","size":0.7},"typography_letter_spacing":{"unit":"px","size":0},"typography_text_transform":"uppercase","custom_css":"span1{\n    font-weight:800;\n}","typography_font_size_mobile":{"unit":"px","size":12},"typography_line_height_mobile":{"unit":"px","size":20},"_margin_mobile":{"unit":"px","top":"0","right":"0","bottom":"0","left":"0","isLinked":false},"_padding_mobile":{"unit":"px","top":"0","right":"0","bottom":"0","left":"0","isLinked":true}},"elements":[],"isInner":false,"widgetType":"heading","elType":"widget"},{"id":"1486d9c7","settings":{"text":"lesBF2017","align":"center","typography_typography":"custom","typography_font_size":{"unit":"px","size":20},"typography_font_family":"Roboto","typography_font_weight":"600","typography_text_transform":"uppercase","typography_line_height":{"unit":"em","size":2.6},"typography_letter_spacing":{"unit":"px","size":0.4},"button_text_color":"#383838","background_color":"#d3d3d3","hover_color":"#d3d3d3","button_background_hover_color":"#383838","text_padding":{"unit":"px","top":"0","right":"65","bottom":"0","left":"65","isLinked":false},"align_mobile":"center","typography_font_size_mobile":{"unit":"px","size":14},"_margin_mobile":{"unit":"px","top":"-7","right":"0","bottom":"0","left":"0","isLinked":false},"_padding_mobile":{"unit":"px","top":"0","right":"0","bottom":"0","left":"0","isLinked":false},"_background_background":"classic"},"elements":[],"isInner":false,"widgetType":"button","elType":"widget"}],"isInner":true,"elType":"column"}],"isInner":true,"elType":"section"},{"id":"52d73962","settings":{"title":"offer is available till 24\/11\/2017","header_size":"h4","align":"center","title_color":"#ffffff","typography_typography":"custom","typography_font_size":{"unit":"px","size":14},"typography_font_family":"Roboto","typography_font_weight":"400","typography_text_transform":"uppercase","typography_letter_spacing":{"unit":"px","size":4},"_margin":{"unit":"px","top":"50","right":"0","bottom":"0","left":"0","isLinked":false},"typography_font_size_mobile":{"unit":"px","size":15},"typography_letter_spacing_mobile":{"unit":"px","size":1.9},"_margin_mobile":{"unit":"px","top":"0","right":"0","bottom":"20","left":"0","isLinked":false}},"elements":[],"isInner":false,"widgetType":"heading","elType":"widget"}],"isInner":false,"elType":"column"}],"isInner":false,"elType":"section"},{"id":"400ebe44","settings":[],"elements":[{"id":"5625bf1b","settings":{"_column_size":100},"elements":[{"id":"73e795dd","settings":[],"elements":[],"isInner":false,"widgetType":"spacer","elType":"widget"}],"isInner":false,"elType":"column"}],"isInner":false,"elType":"section"},{"id":"25f5f7ba","settings":{"height":"min-height","custom_height":{"unit":"vh","size":100},"background_background":"classic","background_color_stop":{"unit":"%","size":49},"background_color_b":"rgba(242,41,91,0)","background_color_b_stop":{"unit":"%","size":23},"background_gradient_angle":{"unit":"deg","size":50},"margin":{"unit":"px","top":"","right":0,"bottom":"","left":0,"isLinked":true},"background_overlay_background":"gradient","background_overlay_color":"#161616","background_overlay_color_stop":{"unit":"%","size":70},"background_overlay_color_b":"rgba(242,41,91,0)","background_overlay_color_b_stop":{"unit":"%","size":0},"background_overlay_opacity":{"unit":"px","size":1},"padding":{"unit":"px","top":"100","right":"0","bottom":"0","left":"0","isLinked":false},"background_image":{"id":1197,"url":"http:\/\/localhost\/test\/wp-content\/uploads\/2018\/09\/bunner1-1.png"},"background_size":"cover","background_position":"center center","margin_mobile":{"unit":"px","top":"","right":0,"bottom":"","left":0,"isLinked":true},"padding_mobile":{"unit":"px","top":"0","right":"0","bottom":"0","left":"0","isLinked":true},"custom_height_tablet":{"unit":"vh","size":80}},"elements":[{"id":"15a242e7","settings":{"_column_size":100,"_inline_size":null,"background_background":"classic"},"elements":[{"id":"252c7885","settings":{"title":"black friday sale","align":"center","title_color":"#ffffff","typography_typography":"custom","typography_font_size":{"unit":"px","size":49},"typography_font_family":"Roboto","typography_font_weight":"bold","typography_text_transform":"uppercase","typography_letter_spacing":{"unit":"px","size":-1.2},"_margin":{"unit":"px","top":"0","right":"0","bottom":"100","left":"0","isLinked":false},"typography_font_size_mobile":{"unit":"px","size":30},"_margin_mobile":{"unit":"px","top":"40","right":"0","bottom":"0","left":"0","isLinked":false},"_padding_mobile":{"unit":"px","top":"0","right":"0","bottom":"0","left":"0","isLinked":true}},"elements":[],"isInner":false,"widgetType":"heading","elType":"widget"},{"id":"73fb9202","settings":{"content_position":"middle","structure":"30","margin_mobile":{"unit":"px","top":"20","right":0,"bottom":"0","left":0,"isLinked":false}},"elements":[{"id":"6ff67964","settings":{"_column_size":33,"_inline_size":null,"padding":{"unit":"px","top":"0","right":"30","bottom":"0","left":"0","isLinked":false},"margin_mobile":{"unit":"px","top":"20","right":"20","bottom":"20","left":"20","isLinked":false},"padding_mobile":{"unit":"px","top":"10","right":"10","bottom":"10","left":"10","isLinked":true},"padding_tablet":{"unit":"px","top":"0","right":"10","bottom":"0","left":"0","isLinked":false}},"elements":[{"id":"36349b5f","settings":{"heading":"basic","sub_heading":"get the party started","price":"59","period":"","features_list":[{"item_text":"highest grade strontium aluminate <br>pigments glows throughout the night","item_icon":"","_id":"akng6dz","item_icon_color":"#f04670"}],"button_text":"save 30$","footer_additional_info":"","show_ribbon":"","ribbon_title":"Popular","header_bg_color":"#ffffff","header_padding":{"unit":"px","top":"30","right":"50","bottom":"0","left":"50","isLinked":false},"heading_color":"#495157","heading_typography_typography":"custom","heading_typography_font_family":"Roboto","heading_typography_font_weight":"800","heading_typography_text_transform":"uppercase","heading_typography_letter_spacing":{"unit":"px","size":-0.2},"price_color":"#495157","price_typography_typography":"custom","price_typography_font_size":{"unit":"px","size":61},"price_typography_font_family":"Roboto","currency_size":{"unit":"px","size":85},"fractional-part_size":{"unit":"px","size":75},"period_color":"#000000","period_typography_typography":"custom","period_typography_font_size":{"unit":"px","size":"18"},"period_typography_font_family":"Oswald","period_typography_line_height":{"unit":"em","size":0.6},"period_position":"beside","features_list_padding":{"unit":"px","top":"10","right":"0","bottom":"0","left":"0","isLinked":false},"features_list_color":"#495157","features_list_typography_typography":"custom","features_list_typography_font_size":{"unit":"px","size":14},"features_list_typography_font_family":"Roboto","features_list_typography_line_height":{"unit":"em","size":1.8},"features_list_alignment":"center","divider_color":"#dddddd","divider_weight":{"unit":"px","size":1},"footer_padding":{"unit":"px","top":"30","right":"40","bottom":"40","left":"40","isLinked":false},"button_text_color":"#3c6150","button_typography_typography":"custom","button_typography_font_size":{"unit":"px","size":14},"button_typography_font_family":"Roboto","button_typography_letter_spacing":{"unit":"px","size":3},"button_background_color":"#71f7e6","button_border_width":{"unit":"px","top":"0","right":"0","bottom":"0","left":"0","isLinked":true},"button_border_radius":{"unit":"px","top":"80","right":"80","bottom":"80","left":"80","isLinked":true},"button_text_padding":{"unit":"px","top":"20","right":"40","bottom":"20","left":"40","isLinked":false},"button_hover_color":"#71f7e6","button_background_hover_color":"#000000","ribbon_bg_color":"#000000","ribbon_distance":{"unit":"px","size":23},"ribbon_typography_typography":"custom","ribbon_typography_font_size":{"unit":"px","size":"10"},"ribbon_typography_font_family":"Oswald","ribbon_typography_line_height":{"unit":"em","size":3},"ribbon_typography_letter_spacing":{"unit":"px","size":"1"},"box_shadow_box_shadow_type":"yes","box_shadow_box_shadow":{"horizontal":0,"vertical":0,"blur":"10","spread":0,"inset":"","color":"rgba(0,0,0,0.29)"},"_background_background":"classic","heading_typography_font_size":{"unit":"px","size":30},"pricing_element_padding":{"unit":"px","top":"30","right":"40","bottom":"30","left":"40","isLinked":false},"heading_typography_font_size_tablet":{"unit":"px","size":"18"},"heading_typography_font_size_mobile":{"unit":"px","size":"25"},"price_typography_font_size_tablet":{"unit":"px","size":41},"price_typography_font_size_mobile":{"unit":"px","size":52},"features_list_padding_tablet":{"unit":"px","top":"0","right":"0","bottom":"0","left":"0","isLinked":true},"features_list_padding_mobile":{"unit":"px","top":"0","right":"20","bottom":"0","left":"20","isLinked":false},"features_list_typography_font_size_tablet":{"unit":"px","size":"12"},"features_list_typography_font_size_mobile":{"unit":"px","size":"13"},"features_list_typography_line_height_tablet":{"unit":"em","size":"1.1"},"features_list_typography_line_height_mobile":{"unit":"em","size":1.5},"sale":"yes","original_price":79,"heading_typography_line_height":{"unit":"em","size":1.1},"pricing_element_bg_color":"#ffffff","price_typography_font_weight":"800","currency_vertical_position":"middle","original_price_color":"#495157","original_price_typography_typography":"custom","original_price_typography_font_size":{"unit":"px","size":26},"original_price_typography_font_family":"Roboto","original_price_typography_font_weight":"600","original_price_typography_line_height":{"unit":"em","size":1},"original_price_vertical_position":"middle","features_list_bg_color":"#ffffff","item_width":{"unit":"px","size":100},"divider_width":{"unit":"px","size":100},"footer_bg_color":"#ffffff","button_typography_font_weight":"400","button_typography_text_transform":"uppercase","sub_heading_color":"#495157","sub_heading_typography_typography":"custom","sub_heading_typography_font_size":{"unit":"px","size":14},"sub_heading_typography_font_family":"Roboto","sub_heading_typography_font_weight":"500","sub_heading_typography_text_transform":"capitalize","sub_heading_typography_letter_spacing":{"unit":"px","size":0.4},"price_typography_letter_spacing":{"unit":"px","size":-2.6},"original_price_typography_letter_spacing":{"unit":"px","size":-1.8},"features_list_typography_font_weight":"400","list_divider":"","button_border_border":"solid","sub_heading_typography_font_size_tablet":{"unit":"px","size":15},"sub_heading_typography_letter_spacing_tablet":{"unit":"px","size":0}},"elements":[],"isInner":false,"widgetType":"price-table","elType":"widget"}],"isInner":true,"elType":"column"},{"id":"7de105db","settings":{"_column_size":33,"_inline_size":null,"border_border":"solid","border_width":{"unit":"px","top":"2","right":"2","bottom":"2","left":"2","isLinked":true},"border_color":"#71edd8","padding":{"unit":"px","top":"15","right":"15","bottom":"15","left":"15","isLinked":true},"margin_mobile":{"unit":"px","top":"0","right":"20","bottom":"20","left":"20","isLinked":false},"padding_mobile":{"unit":"px","top":"10","right":"10","bottom":"10","left":"10","isLinked":false},"padding_tablet":{"unit":"px","top":"5","right":"5","bottom":"5","left":"5","isLinked":true}},"elements":[{"id":"7105490e","settings":{"heading":"pro","sub_heading":"be the best!","price":"129","period":"","features_list":[{"item_text":"highest grade strontium aluminate <br>pigments glows throughout the night<br>mix with clear grout or concrete sealer ","item_icon":"","_id":"akng6dz","item_icon_color":"#f04670"}],"button_text":"save 30$","footer_additional_info":"","show_ribbon":"","ribbon_title":"Popular","header_bg_color":"#ffffff","header_padding":{"unit":"px","top":"030","right":"50","bottom":"0","left":"50","isLinked":false},"heading_color":"#495157","heading_typography_typography":"custom","heading_typography_font_family":"Roboto","heading_typography_font_weight":"800","heading_typography_text_transform":"uppercase","heading_typography_letter_spacing":{"unit":"px","size":-0.2},"price_color":"#495157","price_typography_typography":"custom","price_typography_font_size":{"unit":"px","size":61},"price_typography_font_family":"Roboto","currency_size":{"unit":"px","size":85},"fractional-part_size":{"unit":"px","size":75},"period_color":"#000000","period_typography_typography":"custom","period_typography_font_size":{"unit":"px","size":"18"},"period_typography_font_family":"Oswald","period_typography_line_height":{"unit":"em","size":0.6},"period_position":"beside","features_list_padding":{"unit":"px","top":"10","right":"0","bottom":"0","left":"0","isLinked":false},"features_list_color":"#495157","features_list_typography_typography":"custom","features_list_typography_font_size":{"unit":"px","size":14},"features_list_typography_font_family":"Roboto","features_list_typography_line_height":{"unit":"em","size":1.8},"features_list_alignment":"center","divider_color":"#dddddd","divider_weight":{"unit":"px","size":1},"footer_padding":{"unit":"px","top":"30","right":"40","bottom":"40","left":"40","isLinked":false},"button_text_color":"#3c6150","button_typography_typography":"custom","button_typography_font_size":{"unit":"px","size":14},"button_typography_font_family":"Roboto","button_typography_letter_spacing":{"unit":"px","size":3},"button_background_color":"#71f7e6","button_border_width":{"unit":"px","top":"0","right":"0","bottom":"0","left":"0","isLinked":true},"button_border_radius":{"unit":"px","top":"80","right":"80","bottom":"80","left":"80","isLinked":true},"button_text_padding":{"unit":"px","top":"20","right":"40","bottom":"20","left":"40","isLinked":false},"button_hover_color":"#71f7e6","button_background_hover_color":"#000000","ribbon_bg_color":"#000000","ribbon_distance":{"unit":"px","size":23},"ribbon_typography_typography":"custom","ribbon_typography_font_size":{"unit":"px","size":"10"},"ribbon_typography_font_family":"Oswald","ribbon_typography_line_height":{"unit":"em","size":3},"ribbon_typography_letter_spacing":{"unit":"px","size":"1"},"box_shadow_box_shadow_type":"yes","box_shadow_box_shadow":{"horizontal":0,"vertical":0,"blur":"10","spread":0,"inset":"","color":"rgba(0,0,0,0.29)"},"_background_background":"classic","heading_typography_font_size":{"unit":"px","size":30},"pricing_element_padding":{"unit":"px","top":"30","right":"40","bottom":"30","left":"40","isLinked":false},"heading_typography_font_size_tablet":{"unit":"px","size":"18"},"heading_typography_font_size_mobile":{"unit":"px","size":"25"},"price_typography_font_size_tablet":{"unit":"px","size":41},"price_typography_font_size_mobile":{"unit":"px","size":52},"features_list_padding_tablet":{"unit":"px","top":"0","right":"0","bottom":"0","left":"0","isLinked":true},"features_list_padding_mobile":{"unit":"px","top":"0","right":"20","bottom":"0","left":"20","isLinked":false},"features_list_typography_font_size_tablet":{"unit":"px","size":"12"},"features_list_typography_font_size_mobile":{"unit":"px","size":13},"features_list_typography_line_height_tablet":{"unit":"em","size":"1.1"},"features_list_typography_line_height_mobile":{"unit":"em","size":1.5},"sale":"yes","original_price":159,"heading_typography_line_height":{"unit":"em","size":1.1},"pricing_element_bg_color":"#ffffff","price_typography_font_weight":"800","currency_vertical_position":"middle","original_price_color":"#495157","original_price_typography_typography":"custom","original_price_typography_font_size":{"unit":"px","size":26},"original_price_typography_font_family":"Roboto","original_price_typography_font_weight":"600","original_price_typography_line_height":{"unit":"em","size":1},"original_price_vertical_position":"middle","features_list_bg_color":"#ffffff","item_width":{"unit":"px","size":100},"divider_width":{"unit":"px","size":100},"footer_bg_color":"#ffffff","button_typography_font_weight":"400","button_typography_text_transform":"uppercase","sub_heading_color":"#495157","sub_heading_typography_typography":"custom","sub_heading_typography_font_size":{"unit":"px","size":14},"sub_heading_typography_font_family":"Roboto","sub_heading_typography_font_weight":"500","sub_heading_typography_text_transform":"capitalize","sub_heading_typography_letter_spacing":{"unit":"px","size":0.4},"price_typography_letter_spacing":{"unit":"px","size":-2.6},"original_price_typography_letter_spacing":{"unit":"px","size":-1.8},"features_list_typography_font_weight":"400","list_divider":"","button_border_border":"solid","_background_color":"#ffffff","sub_heading_typography_font_size_tablet":{"unit":"px","size":15},"sub_heading_typography_letter_spacing_tablet":{"unit":"px","size":0}},"elements":[],"isInner":false,"widgetType":"price-table","elType":"widget"}],"isInner":true,"elType":"column"},{"id":"70d253be","settings":{"_column_size":33,"_inline_size":null,"padding":{"unit":"px","top":"0","right":"0","bottom":"0","left":"30","isLinked":false},"margin_mobile":{"unit":"px","top":"10","right":"10","bottom":"10","left":"10","isLinked":false},"padding_mobile":{"unit":"px","top":"20","right":"20","bottom":"20","left":"20","isLinked":true},"padding_tablet":{"unit":"px","top":"0","right":"0","bottom":"0","left":"10","isLinked":false}},"elements":[{"id":"25b96c9c","settings":{"heading":"platinum","sub_heading":"lead the greatest team","price":"289","period":"","features_list":[{"item_text":"highest grade strontium aluminate <br>pigments glows throughout the night","item_icon":"","_id":"akng6dz","item_icon_color":"#f04670"}],"button_text":"save 30$","footer_additional_info":"","show_ribbon":"","ribbon_title":"Popular","header_bg_color":"#ffffff","header_padding":{"unit":"px","top":"30","right":"50","bottom":"0","left":"50","isLinked":false},"heading_color":"#495157","heading_typography_typography":"custom","heading_typography_font_family":"Roboto","heading_typography_font_weight":"800","heading_typography_text_transform":"uppercase","heading_typography_letter_spacing":{"unit":"px","size":-0.2},"price_color":"#495157","price_typography_typography":"custom","price_typography_font_size":{"unit":"px","size":61},"price_typography_font_family":"Roboto","currency_size":{"unit":"px","size":85},"fractional-part_size":{"unit":"px","size":75},"period_color":"#000000","period_typography_typography":"custom","period_typography_font_size":{"unit":"px","size":"18"},"period_typography_font_family":"Oswald","period_typography_line_height":{"unit":"em","size":0.6},"period_position":"beside","features_list_padding":{"unit":"px","top":"10","right":"0","bottom":"0","left":"0","isLinked":false},"features_list_color":"#495157","features_list_typography_typography":"custom","features_list_typography_font_size":{"unit":"px","size":14},"features_list_typography_font_family":"Roboto","features_list_typography_line_height":{"unit":"em","size":1.8},"features_list_alignment":"center","divider_color":"#dddddd","divider_weight":{"unit":"px","size":1},"footer_padding":{"unit":"px","top":"30","right":"40","bottom":"40","left":"40","isLinked":false},"button_text_color":"#3c6150","button_typography_typography":"custom","button_typography_font_size":{"unit":"px","size":14},"button_typography_font_family":"Roboto","button_typography_letter_spacing":{"unit":"px","size":3},"button_background_color":"#71f7e6","button_border_width":{"unit":"px","top":"0","right":"0","bottom":"0","left":"0","isLinked":true},"button_border_radius":{"unit":"px","top":"80","right":"80","bottom":"80","left":"80","isLinked":true},"button_text_padding":{"unit":"px","top":"20","right":"40","bottom":"20","left":"40","isLinked":false},"button_hover_color":"#71f7e6","button_background_hover_color":"#000000","ribbon_bg_color":"#000000","ribbon_distance":{"unit":"px","size":23},"ribbon_typography_typography":"custom","ribbon_typography_font_size":{"unit":"px","size":"10"},"ribbon_typography_font_family":"Oswald","ribbon_typography_line_height":{"unit":"em","size":3},"ribbon_typography_letter_spacing":{"unit":"px","size":"1"},"box_shadow_box_shadow_type":"yes","box_shadow_box_shadow":{"horizontal":0,"vertical":0,"blur":"10","spread":0,"inset":"","color":"rgba(0,0,0,0.29)"},"_background_background":"classic","heading_typography_font_size":{"unit":"px","size":30},"pricing_element_padding":{"unit":"px","top":"30","right":"40","bottom":"30","left":"40","isLinked":false},"heading_typography_font_size_tablet":{"unit":"px","size":18},"heading_typography_font_size_mobile":{"unit":"px","size":"25"},"price_typography_font_size_tablet":{"unit":"px","size":41},"price_typography_font_size_mobile":{"unit":"px","size":52},"features_list_padding_tablet":{"unit":"px","top":"0","right":"0","bottom":"0","left":"0","isLinked":true},"features_list_padding_mobile":{"unit":"px","top":"0","right":"20","bottom":"0","left":"20","isLinked":false},"features_list_typography_font_size_tablet":{"unit":"px","size":"12"},"features_list_typography_font_size_mobile":{"unit":"px","size":"13"},"features_list_typography_line_height_tablet":{"unit":"em","size":"1.1"},"features_list_typography_line_height_mobile":{"unit":"em","size":1.5},"sale":"yes","original_price":359,"heading_typography_line_height":{"unit":"em","size":1.1},"pricing_element_bg_color":"#ffffff","price_typography_font_weight":"800","currency_vertical_position":"middle","original_price_color":"#495157","original_price_typography_typography":"custom","original_price_typography_font_size":{"unit":"px","size":26},"original_price_typography_font_family":"Roboto","original_price_typography_font_weight":"600","original_price_typography_line_height":{"unit":"em","size":1},"original_price_vertical_position":"middle","features_list_bg_color":"#ffffff","item_width":{"unit":"px","size":100},"divider_width":{"unit":"px","size":100},"footer_bg_color":"#ffffff","button_typography_font_weight":"400","button_typography_text_transform":"uppercase","sub_heading_color":"#495157","sub_heading_typography_typography":"custom","sub_heading_typography_font_size":{"unit":"px","size":14},"sub_heading_typography_font_family":"Roboto","sub_heading_typography_font_weight":"500","sub_heading_typography_text_transform":"capitalize","sub_heading_typography_letter_spacing":{"unit":"px","size":0.4},"price_typography_letter_spacing":{"unit":"px","size":-2.6},"original_price_typography_letter_spacing":{"unit":"px","size":-1.8},"features_list_typography_font_weight":"400","list_divider":"","button_border_border":"solid","_margin_mobile":{"unit":"px","top":"0","right":"0","bottom":"0","left":"0","isLinked":false},"sub_heading_typography_font_size_tablet":{"unit":"px","size":13},"sub_heading_typography_letter_spacing_tablet":{"unit":"px","size":0}},"elements":[],"isInner":false,"widgetType":"price-table","elType":"widget"}],"isInner":true,"elType":"column"}],"isInner":true,"elType":"section"}],"isInner":false,"elType":"column"}],"isInner":false,"elType":"section"},{"id":"48283bb","settings":[],"elements":[{"id":"9563d7c","settings":{"_column_size":100},"elements":[{"id":"6af64578","settings":[],"elements":[],"isInner":false,"widgetType":"spacer","elType":"widget"}],"isInner":false,"elType":"column"}],"isInner":false,"elType":"section"},{"id":"69f16ad2","settings":{"content_width":{"unit":"px","size":607},"height":"min-height","custom_height":{"unit":"vh","size":100},"background_background":"classic","margin":{"unit":"px","top":"","right":0,"bottom":"","left":0,"isLinked":true},"gap":"no","background_image":{"id":1200,"url":"http:\/\/localhost\/test\/wp-content\/uploads\/2018\/09\/hiro-1.png"},"background_position":"bottom center","background_size":"cover","padding_mobile":{"unit":"px","top":"50","right":"15","bottom":"50","left":"15","isLinked":false},"custom_height_tablet":{"unit":"vh","size":75}},"elements":[{"id":"b5f2f97","settings":{"_column_size":100,"background_background":"classic","padding":{"unit":"px","top":"0","right":"0","bottom":"0","left":"0","isLinked":true},"border_border":"solid","border_width":{"unit":"px","top":"0","right":"0","bottom":"0","left":"0","isLinked":true},"border_color":"#ffffff","margin_mobile":{"unit":"px","top":"0","right":"0","bottom":"0","left":"0","isLinked":true},"padding_mobile":{"unit":"px","top":"0","right":"0","bottom":"0","left":"0","isLinked":true}},"elements":[{"id":"977a06b","settings":{"title":"Your time is worth a lot<BR> of money...","align":"center","title_color":"#000000","typography_typography":"custom","typography_font_size":{"unit":"px","size":46},"typography_font_family":"Roboto","typography_font_weight":"800","typography_letter_spacing":{"unit":"px","size":-0.6},"typography_line_height":{"unit":"em","size":1.2},"_margin":{"unit":"px","top":"0","right":"0","bottom":"40","left":"0","isLinked":false},"typography_font_size_mobile":{"unit":"px","size":32},"_margin_mobile":{"unit":"px","top":"0","right":"0","bottom":"0","left":"0","isLinked":true},"_padding_mobile":{"unit":"px","top":"0","right":"0","bottom":"0","left":"0","isLinked":true}},"elements":[],"isInner":false,"widgetType":"heading","elType":"widget"},{"id":"39344fd5","settings":{"editor":"<p>I am text block. Click edit button to change this text. Lorem ipsum dolor sit amet, consectetur adipiscing elit. Ut elit tellus, luctus nec ullamcorper mattis, pulvinar dapibus.<\/p>","align":"center","text_color":"#495157","typography_typography":"custom","typography_font_size":{"unit":"px","size":15},"_margin":{"unit":"%","top":"0","right":"0","bottom":"8","left":"0","isLinked":false},"_padding":{"unit":"px","top":"0","right":"0","bottom":"0","left":"0","isLinked":false},"typography_font_size_mobile":{"unit":"px","size":15}},"elements":[],"isInner":false,"widgetType":"text-editor","elType":"widget"},{"id":"6bb75480","settings":{"gap":"no","background_background":"classic","background_color":"#ffffff","box_shadow_box_shadow_type":"yes","box_shadow_box_shadow":{"horizontal":0,"vertical":0,"blur":27,"spread":-1,"color":"rgba(0,0,0,0.27)"},"padding":{"unit":"px","top":"30","right":"0","bottom":"0","left":"0","isLinked":false},"margin_mobile":{"unit":"px","top":"40","right":0,"bottom":"0","left":0,"isLinked":false}},"elements":[{"id":"4669e7b9","settings":{"_column_size":100,"_inline_size":null},"elements":[{"id":"532d220","settings":{"title":"black friday sale ends in:","align":"center","title_color":"#000000","typography_typography":"custom","typography_font_size":{"unit":"px","size":26},"typography_font_family":"Roboto","typography_font_weight":"900","typography_text_transform":"uppercase","typography_letter_spacing":{"unit":"px","size":-1.2},"typography_font_size_mobile":{"unit":"px","size":22}},"elements":[],"isInner":false,"widgetType":"heading","elType":"widget"},{"id":"6d9c99e4","settings":{"label_days":"Days","label_hours":"Hours","label_minutes":"Minutes","label_seconds":"Seconds","box_background_color":"#000000","box_border_border":"solid","box_border_width":{"unit":"px","top":"0","right":"0","bottom":"0","left":"0","isLinked":true},"box_border_color":"#ffffff","box_padding":{"unit":"%","top":"2","right":"1","bottom":"2","left":"1","isLinked":false},"digits_color":"#ffffff","digits_typography_typography":"custom","digits_typography_font_size":{"unit":"px","size":34},"digits_typography_font_family":"Oswald","digits_typography_font_weight":"900","digits_typography_line_height":{"unit":"em","size":1.6},"label_color":"#ffffff","label_typography_typography":"custom","label_typography_font_size":{"unit":"px","size":11},"label_typography_font_family":"Montserrat","label_typography_font_weight":"300","label_typography_letter_spacing":{"unit":"px","size":1.6},"_padding":{"unit":"px","top":"0","right":"0","bottom":"0","left":"0","isLinked":true},"_background_background":"classic","box_spacing":{"unit":"px","size":8},"container_width":{"unit":"%","size":72},"_margin":{"unit":"px","top":"30","right":"0","bottom":"40","left":"0","isLinked":false},"container_width_mobile":{"unit":"%","size":86},"_margin_mobile":{"unit":"px","top":"0","right":"0","bottom":"0","left":"0","isLinked":true}},"elements":[],"isInner":false,"widgetType":"countdown","elType":"widget"},{"id":"68b20683","settings":{"title":"don't miss the opportunity","header_size":"h4","align":"center","title_color":"#000000","typography_typography":"custom","typography_font_size":{"unit":"px","size":19},"typography_font_family":"Roboto","typography_font_weight":"bold","typography_text_transform":"uppercase","typography_letter_spacing":{"unit":"px","size":1.7},"_margin":{"unit":"px","top":"0","right":"0","bottom":"0","left":"0","isLinked":false},"_padding":{"unit":"px","top":"20","right":"20","bottom":"20","left":"20","isLinked":true},"_background_background":"classic","_background_color":"#71f7e6","typography_font_size_mobile":{"unit":"px","size":16}},"elements":[],"isInner":false,"widgetType":"heading","elType":"widget"}],"isInner":true,"elType":"column"}],"isInner":true,"elType":"section"}],"isInner":false,"elType":"column"}],"isInner":false,"elType":"section"},{"id":"5ca5d07","settings":[],"elements":[{"id":"7c3d93","settings":{"_column_size":100},"elements":[{"id":"453edab5","settings":[],"elements":[],"isInner":false,"widgetType":"spacer","elType":"widget"}],"isInner":false,"elType":"column"}],"isInner":false,"elType":"section"},{"id":"2d9644a5","settings":{"custom_height":{"unit":"vh","size":100},"background_background":"classic","background_color":"rgba(0,0,0,0.82)","margin":{"unit":"px","top":"","right":0,"bottom":"","left":0,"isLinked":true},"padding":{"unit":"px","top":"60","right":"0","bottom":"0","left":"0","isLinked":false},"background_image":{"id":1203,"url":"http:\/\/localhost\/test\/wp-content\/uploads\/2018\/09\/hiro2.1-1.png"},"background_size":"cover","padding_mobile":{"unit":"px","top":"0","right":"0","bottom":"0","left":"0","isLinked":true},"height":"min-height","column_position":"top"},"elements":[{"id":"42f87821","settings":{"_column_size":100,"_inline_size":null,"background_background":"classic","margin":{"unit":"px","top":"0","right":"0","bottom":"0","left":"0","isLinked":true},"content_position":"top","margin_mobile":{"unit":"px","top":"0","right":"0","bottom":"0","left":"0","isLinked":true},"padding_mobile":{"unit":"px","top":"0","right":"15","bottom":"0","left":"15","isLinked":false}},"elements":[{"id":"73198b32","settings":{"layout":"full_width","gap":"no","structure":"30","background_background":"classic","margin":{"unit":"px","top":"","right":0,"bottom":"","left":0,"isLinked":true},"reverse_order_mobile":"reverse-mobile"},"elements":[{"id":"28c470ae","settings":{"_column_size":33,"_inline_size":20},"elements":[{"id":"6b8d1128","settings":{"space":{"unit":"%","size":72},"image":{"id":1201,"url":"http:\/\/localhost\/test\/wp-content\/uploads\/2018\/09\/hiro2.3-1.png"},"align":"left","align_mobile":"center","space_mobile":{"unit":"%","size":36},"_margin_mobile":{"unit":"px","top":"10","right":"0","bottom":"0","left":"0","isLinked":false},"_padding_mobile":{"unit":"px","top":"0","right":"0","bottom":"0","left":"0","isLinked":true}},"elements":[],"isInner":false,"widgetType":"image","elType":"widget"}],"isInner":true,"elType":"column"},{"id":"58911de0","settings":{"_column_size":33,"_inline_size":60.029},"elements":[{"id":"1c22cfbd","settings":{"title":"black friday sale!","align":"center","title_color":"#ffffff","typography_typography":"custom","typography_font_size":{"unit":"px","size":26},"typography_font_family":"Roboto","typography_font_weight":"900","typography_text_transform":"uppercase","typography_letter_spacing":{"unit":"px","size":-0.5},"_margin_mobile":{"unit":"px","top":"20","right":"0","bottom":"0","left":"0","isLinked":false}},"elements":[],"isInner":false,"widgetType":"heading","elType":"widget"},{"id":"22d8f473","settings":{"label_days":"Days","label_hours":"Hours","label_minutes":"Minutes","label_seconds":"Seconds","box_background_color":"rgba(255,255,255,0.56)","box_border_border":"solid","box_border_width":{"unit":"px","top":"0","right":"0","bottom":"0","left":"0","isLinked":true},"box_border_color":"#ffffff","box_padding":{"unit":"%","top":"1.5","right":"1","bottom":"1.5","left":"1","isLinked":false},"digits_color":"#ffffff","digits_typography_typography":"custom","digits_typography_font_size":{"unit":"px","size":30},"digits_typography_font_family":"Oswald","digits_typography_font_weight":"900","digits_typography_line_height":{"unit":"em","size":1.6},"label_color":"#ffffff","label_typography_typography":"custom","label_typography_font_size":{"unit":"px","size":11},"label_typography_font_family":"Montserrat","label_typography_font_weight":"300","label_typography_letter_spacing":{"unit":"px","size":1.6},"_padding":{"unit":"px","top":"0","right":"0","bottom":"0","left":"0","isLinked":true},"_background_background":"classic","box_spacing":{"unit":"px","size":9},"container_width":{"unit":"%","size":54},"_margin":{"unit":"px","top":"20","right":"0","bottom":"0","left":"0","isLinked":false},"container_width_mobile":{"unit":"%","size":82},"label_typography_font_size_mobile":{"unit":"px","size":10},"_margin_mobile":{"unit":"px","top":"0","right":"0","bottom":"0","left":"0","isLinked":true},"_padding_mobile":{"unit":"px","top":"0","right":"0","bottom":"0","left":"0","isLinked":true}},"elements":[],"isInner":false,"widgetType":"countdown","elType":"widget"}],"isInner":true,"elType":"column"},{"id":"44f9cbff","settings":{"_column_size":33,"_inline_size":19.97,"content_position":"top","space_between_widgets":0},"elements":[{"id":"318fad3d","settings":{"align_items":"left","color_menu_item":"#ffffff","menu_typography_typography":"custom","menu_typography_font_size":{"unit":"px","size":15},"menu_typography_font_family":"Roboto","menu_typography_font_weight":"300","menu_typography_text_transform":"capitalize","padding_horizontal_menu_item":{"unit":"px","size":25},"padding_vertical_menu_item":{"unit":"px","size":20},"_background_background":"classic","layout":"dropdown","toggle_align":"right","toggle_color":"#ffffff"},"elements":[],"isInner":false,"widgetType":"nav-menu","elType":"widget"}],"isInner":true,"elType":"column"}],"isInner":true,"elType":"section"},{"id":"14025b8d","settings":{"structure":"20","margin":{"unit":"px","top":"150","right":0,"bottom":"0","left":0,"isLinked":false},"margin_mobile":{"unit":"px","top":"30","right":0,"bottom":"15","left":0,"isLinked":false},"content_position":"middle","padding_tablet":{"unit":"px","top":"0","right":"60","bottom":"0","left":"60","isLinked":false}},"elements":[{"id":"3b9da7ae","settings":{"_column_size":50,"_inline_size":49.643,"content_position":"center","padding":{"unit":"%","top":"0","right":"40","bottom":"0","left":"0","isLinked":false},"margin_mobile":{"unit":"px","top":"0","right":"0","bottom":"0","left":"0","isLinked":true},"padding_mobile":{"unit":"px","top":"0","right":"0","bottom":"0","left":"0","isLinked":true},"_inline_size_tablet":100,"padding_tablet":{"unit":"px","top":"0","right":"0","bottom":"0","left":"0","isLinked":false}},"elements":[{"id":"4d667c8c","settings":{"title":"Your time is worth a lot of money...","align":"left","title_color":"#ffffff","typography_typography":"custom","typography_font_size":{"unit":"px","size":32},"typography_font_family":"Roboto","typography_font_weight":"700","typography_letter_spacing":{"unit":"px","size":-0.6},"typography_line_height":{"unit":"em","size":1.2},"_margin":{"unit":"px","top":"0","right":"0","bottom":"40","left":"0","isLinked":false},"align_mobile":"center","typography_font_size_mobile":{"unit":"px","size":32},"_margin_mobile":{"unit":"px","top":"0","right":"0","bottom":"0","left":"0","isLinked":true},"_padding_mobile":{"unit":"px","top":"0","right":"0","bottom":"0","left":"0","isLinked":true},"align_tablet":"center"},"elements":[],"isInner":false,"widgetType":"heading","elType":"widget"},{"id":"45d44be6","settings":{"editor":"<p>I am text block. Click edit button to change this text. Lorem ipsum dolor sit amet, consectetur adipiscing elit.\u00a0<\/p>","align":"left","text_color":"#ffffff","typography_typography":"custom","typography_font_size":{"unit":"px","size":15},"_margin":{"unit":"%","top":"0","right":"0","bottom":"8","left":"0","isLinked":false},"_padding":{"unit":"px","top":"0","right":"0","bottom":"0","left":"0","isLinked":false},"align_mobile":"center","_margin_mobile":{"unit":"px","top":"0","right":"0","bottom":"0","left":"0","isLinked":true},"_padding_mobile":{"unit":"px","top":"0","right":"0","bottom":"0","left":"0","isLinked":true},"align_tablet":"center"},"elements":[],"isInner":false,"widgetType":"text-editor","elType":"widget"},{"id":"4aebe9f2","settings":{"text":"learn more","align":"left","typography_typography":"custom","typography_font_size":{"unit":"px","size":13},"typography_font_family":"Roboto","typography_font_weight":"400","typography_text_transform":"uppercase","typography_letter_spacing":{"unit":"px","size":2.5},"button_text_color":"#3c6150","background_color":"#71f7e6","border_radius":{"unit":"px","top":"100","right":"100","bottom":"100","left":"100","isLinked":true},"text_padding":{"unit":"px","top":"15","right":"30","bottom":"15","left":"30","isLinked":false},"hover_color":"#71f7e6","button_background_hover_color":"#000000","align_mobile":"center","_margin_mobile":{"unit":"px","top":"0","right":"0","bottom":"20","left":"0","isLinked":false},"align_tablet":"center","_margin_tablet":{"unit":"px","top":"0","right":"0","bottom":"40","left":"0","isLinked":false}},"elements":[],"isInner":false,"widgetType":"button","elType":"widget"}],"isInner":true,"elType":"column"},{"id":"54038e6d","settings":{"_column_size":50,"_inline_size":50.357,"content_position":"center","space_between_widgets":0,"margin":{"unit":"px","top":"0","right":"0","bottom":"0","left":"0","isLinked":false},"_inline_size_tablet":100},"elements":[{"id":"94e89fc","settings":{"link":"https:\/\/www.youtube.com\/watch?v=9uOETcuFjbE","vimeo_link":"https:\/\/vimeo.com\/235215203","show_image_overlay":"yes","image_overlay":{"id":1202,"url":"http:\/\/localhost\/test\/wp-content\/uploads\/2018\/09\/hiro2.2-1.png"},"_margin_mobile":{"unit":"px","top":"0","right":"0","bottom":"0","left":"0","isLinked":true},"_padding_mobile":{"unit":"px","top":"0","right":"0","bottom":"0","left":"0","isLinked":true},"youtube_url":"https:\/\/www.youtube.com\/watch?v=9uOETcuFjbE","vimeo_url":"https:\/\/vimeo.com\/235215203","dailymotion_url":"https:\/\/www.dailymotion.com\/video\/x6tqhqb"},"elements":[],"isInner":false,"widgetType":"video","elType":"widget"}],"isInner":true,"elType":"column"}],"isInner":true,"elType":"section"}],"isInner":false,"elType":"column"}],"isInner":false,"elType":"section"}]}