{"version":"0.4","title":"Chrismas-Snowboard-page","type":"page","content":[{"id":"54fdedbb","settings":{"gap":"no","height":"min-height","custom_height":{"unit":"vh","size":100},"content_position":"middle","background_background":"classic","background_image":{"id":1365,"url":"http:\/\/localhost\/test\/wp-content\/uploads\/2018\/09\/head1.jpg"},"background_position":"center center","background_size":"cover","background_overlay_background":"gradient","background_overlay_image":{"id":"1303","url":"http:\/\/localhost\/test\/wp-content\/uploads\/2018\/09\/head-overlay2.png"},"background_overlay_position":"center center","background_overlay_size":"cover","background_overlay_opacity":{"unit":"px","size":0.7},"margin_mobile":{"unit":"px","top":"0","right":0,"bottom":"0","left":0,"isLinked":true},"padding_mobile":{"unit":"px","top":"0","right":"0","bottom":"25","left":"0","isLinked":false},"background_overlay_color":"#00fff2","background_overlay_color_b":"#1900aa","background_overlay_gradient_angle":{"unit":"deg","size":330},"custom_height_tablet":{"unit":"vh","size":70},"custom_height_mobile":{"unit":"vh","size":90},"padding_tablet":{"unit":"px","top":"30","right":"30","bottom":"30","left":"30","isLinked":true}},"elements":[{"id":"4ed9881c","settings":{"_column_size":100,"border_width":{"unit":"px","top":"2","right":"2","bottom":"0","left":"2","isLinked":false},"border_color":"rgba(255,255,255,0.6)","margin_tablet":{"unit":"px","top":"0","right":"0","bottom":"0","left":"0","isLinked":false},"margin_mobile":{"unit":"px","top":"0","right":"25","bottom":"0","left":"25","isLinked":false},"padding":{"unit":"px","top":"0","right":"0","bottom":"80","left":"0","isLinked":false},"padding_tablet":{"unit":"px","top":"0","right":"0","bottom":"0","left":"0","isLinked":false},"padding_mobile":{"unit":"px","top":"0","right":"0","bottom":"0","left":"0","isLinked":false},"background_background":"classic","background_color_b":"rgba(21,66,124,0.37)"},"elements":[{"id":"7dd0aa99","settings":{"background_background":"classic","background_image":{"id":1364,"url":"http:\/\/localhost\/test\/wp-content\/uploads\/2018\/09\/head-overlay1.png"},"background_size":"contain","border_width":{"unit":"px","top":"1","right":"1","bottom":"0","left":"1","isLinked":false},"border_color":"rgba(255,255,255,0.68)","margin":{"unit":"px","top":"-20","right":0,"bottom":"0","left":0,"isLinked":false},"padding":{"unit":"px","top":"200","right":"80","bottom":"50","left":"80","isLinked":false},"background_position":"center center","padding_tablet":{"unit":"px","top":"80","right":"30","bottom":"30","left":"30","isLinked":false},"padding_mobile":{"unit":"px","top":"50","right":"20","bottom":"20","left":"20","isLinked":false}},"elements":[{"id":"730f2f95","settings":{"_column_size":100,"_inline_size":null},"elements":[{"id":"524165b4","settings":{"title":"2018","header_size":"h3","align":"center","title_color":"#ffffff","typography_typography":"custom","typography_font_size":{"unit":"px","size":300},"typography_font_family":"Josefin Sans","typography_font_weight":"900","typography_font_size_mobile":{"unit":"px","size":120},"typography_line_height":{"unit":"em","size":1},"text_shadow_text_shadow_type":"yes","text_shadow_text_shadow":{"horizontal":0,"vertical":0,"blur":12,"color":"rgba(0,0,0,0.12)"},"_border_width":{"unit":"px","top":"2","right":"2","bottom":"0","left":"2","isLinked":false},"_border_color":"rgba(255,255,255,0.31)","typography_font_size_tablet":{"unit":"px","size":220},"_margin_tablet":{"unit":"px","top":"0","right":"0","bottom":"0","left":"0","isLinked":true},"_padding_tablet":{"unit":"px","top":"0","right":"0","bottom":"0","left":"0","isLinked":true}},"elements":[],"isInner":false,"widgetType":"heading","elType":"widget"},{"id":"3fb98a73","settings":{"title":"World Championship","header_size":"h1","align":"center","title_color":"#ffffff","typography_typography":"custom","typography_font_size":{"unit":"px","size":47},"typography_font_family":"Josefin Sans","typography_font_weight":"900","typography_text_transform":"uppercase","_margin":{"unit":"px","top":"-20","right":"0","bottom":"0","left":"0","isLinked":false},"text_shadow_text_shadow_type":"yes","text_shadow_text_shadow":{"horizontal":0,"vertical":0,"blur":30,"color":"rgba(0,0,0,0.14)"},"typography_font_size_mobile":{"unit":"px","size":16},"typography_letter_spacing":{"unit":"px","size":2},"typography_font_size_tablet":{"unit":"px","size":40}},"elements":[],"isInner":false,"widgetType":"heading","elType":"widget"},{"id":"f2a7651","settings":{"editor":"<div id=\"Content\"><div class=\"boxed\"><div id=\"lipsum\"><p>It's time for the 2018 Official Winter Games to begin. Join the world of winter sports - a thrilling competition never seen before.<\/p><\/div><\/div><\/div>","text_color":"rgba(255,255,255,0.74)","typography_typography":"custom","typography_font_size":{"unit":"px","size":26},"typography_font_family":"Josefin Sans","typography_font_weight":"300","typography_line_height":{"unit":"em","size":1.3},"align_mobile":"center","_margin_mobile":{"unit":"px","top":"0","right":"0","bottom":"0","left":"0","isLinked":false},"_padding_mobile":{"unit":"px","top":"0","right":"0","bottom":"0","left":"0","isLinked":true},"align":"center","_padding":{"unit":"px","top":"0","right":"140","bottom":"0","left":"140","isLinked":false},"typography_font_size_tablet":{"unit":"px","size":23},"typography_font_size_mobile":{"unit":"px","size":20},"_padding_tablet":{"unit":"px","top":"0","right":"0","bottom":"0","left":"0","isLinked":true}},"elements":[],"isInner":false,"widgetType":"text-editor","elType":"widget"},{"id":"2a5babfb","settings":{"text":"FIND TICKET","align":"center","typography_typography":"custom","typography_font_size":{"unit":"px","size":17},"typography_font_family":"Montserrat","typography_font_weight":"600","button_text_color":"#ffffff","background_color":"#ff0000","hover_color":"#ffffff","button_background_hover_color":"#000000","hover_animation":"sink","border_width":{"unit":"px","top":"1","right":"1","bottom":"1","left":"1","isLinked":true},"border_color":"#ffffff","border_radius":{"unit":"px","top":"50","right":"50","bottom":"50","left":"50","isLinked":true},"text_padding":{"unit":"px","top":"20","right":"50","bottom":"20","left":"50","isLinked":false},"align_mobile":"center","button_box_shadow_box_shadow_type":"yes","button_box_shadow_box_shadow":{"horizontal":1,"vertical":3,"blur":1,"spread":0,"color":"rgba(0,0,0,0.14)"},"typography_font_size_mobile":{"unit":"px","size":13}},"elements":[],"isInner":false,"widgetType":"button","elType":"widget"}],"isInner":true,"elType":"column"}],"isInner":true,"elType":"section"}],"isInner":false,"elType":"column"}],"isInner":false,"elType":"section"},{"id":"4434eaed","settings":{"gap":"no","height":"min-height","custom_height":{"unit":"px","size":600},"content_position":"middle","background_background":"gradient","background_color":"#ffffff","background_color_stop":{"unit":"%","size":49},"background_color_b":"rgba(226,226,226,0.85)","background_gradient_angle":{"unit":"deg","size":0},"background_overlay_background":"classic","background_overlay_image":{"id":1368,"url":"http:\/\/localhost\/test\/wp-content\/uploads\/2018\/09\/snow2.png"},"background_overlay_position":"center center","background_overlay_size":"cover","background_overlay_opacity":{"unit":"px","size":0.7},"margin":{"unit":"px","top":"","right":0,"bottom":"","left":0,"isLinked":true},"padding":{"unit":"px","top":"130","right":"0","bottom":"130","left":"0","isLinked":false},"padding_mobile":{"unit":"px","top":"30","right":"30","bottom":"30","left":"30","isLinked":true},"shape_divider_bottom_color":"rgba(155,155,155,0.11)","padding_tablet":{"unit":"px","top":"80","right":"50","bottom":"80","left":"50","isLinked":false}},"elements":[{"id":"70d26b35","settings":{"_column_size":100,"background_background":"classic"},"elements":[{"id":"1d176023","settings":{"gap":"no","content_position":"middle","structure":"20","padding_mobile":{"unit":"px","top":"0","right":"0","bottom":"0","left":"0","isLinked":false},"reverse_order_mobile":"reverse-mobile","height_inner":"min-height","custom_height_inner_tablet":{"unit":"px","size":380}},"elements":[{"id":"65104a7","settings":{"_column_size":50,"_inline_size":null,"content_position":"center","background_background":"classic","background_color":"#ffffff","padding":{"unit":"px","top":"80","right":"80","bottom":"80","left":"80","isLinked":true},"box_shadow_box_shadow_type":"yes","box_shadow_box_shadow":{"horizontal":0,"vertical":0,"blur":30,"spread":0,"color":"rgba(0,0,0,0.18)"},"z_index":1,"animation":"fadeInLeft","padding_tablet":{"unit":"px","top":"30","right":"30","bottom":"30","left":"50","isLinked":false},"padding_mobile":{"unit":"px","top":"50","right":"30","bottom":"50","left":"30","isLinked":false}},"elements":[{"id":"3282f20f","settings":{"title":"The championship ","header_size":"h1","title_color":"#000000","typography_typography":"custom","typography_font_size":{"unit":"px","size":35},"typography_font_family":"Josefin Sans","typography_line_height":{"unit":"em","size":1.2},"typography_letter_spacing":{"unit":"px","size":0},"align_mobile":"center","typography_font_size_mobile":{"unit":"px","size":28},"typography_text_transform":"capitalize","typography_font_size_tablet":{"unit":"px","size":28}},"elements":[],"isInner":false,"widgetType":"heading","elType":"widget"},{"id":"5a59e62a","settings":{"color":"#ff0000","width":{"unit":"%","size":10},"align":"left","gap":{"unit":"px","size":0},"align_mobile":"center","weight":{"unit":"px","size":3},"width_mobile":{"unit":"%","size":25}},"elements":[],"isInner":false,"widgetType":"divider","elType":"widget"},{"id":"6e2b054f","settings":{"editor":"<p>This three day competition combines extreme sports and a celebration of everything that is wintery, fun and exciting.<\/p>","text_color":"#666666","typography_typography":"custom","typography_font_size":{"unit":"px","size":20},"typography_font_family":"Josefin Sans","typography_font_weight":"300","typography_line_height":{"unit":"em","size":1.6},"_margin":{"unit":"px","top":"0","right":"0","bottom":"0","left":"0","isLinked":false},"align_mobile":"center","_margin_mobile":{"unit":"px","top":"0","right":"0","bottom":"0","left":"0","isLinked":false},"_padding_mobile":{"unit":"px","top":"0","right":"0","bottom":"0","left":"0","isLinked":true},"typography_font_size_tablet":{"unit":"px","size":17},"typography_font_size_mobile":{"unit":"px","size":17}},"elements":[],"isInner":false,"widgetType":"text-editor","elType":"widget"},{"id":"235dab44","settings":{"text":"Learn more","align":"left","typography_typography":"custom","typography_font_size":{"unit":"px","size":14},"typography_font_family":"Montserrat","typography_font_weight":"600","button_text_color":"#ffffff","background_color":"#000000","hover_color":"#ffffff","button_background_hover_color":"#ff0000","hover_animation":"sink","border_width":{"unit":"px","top":"1","right":"1","bottom":"1","left":"1","isLinked":true},"border_color":"#ffffff","border_radius":{"unit":"px","top":"50","right":"50","bottom":"50","left":"50","isLinked":true},"text_padding":{"unit":"px","top":"13","right":"30","bottom":"13","left":"30","isLinked":false},"align_mobile":"center","typography_text_transform":"uppercase","button_box_shadow_box_shadow_type":"yes","button_box_shadow_box_shadow":{"horizontal":1,"vertical":3,"blur":1,"spread":0,"color":"rgba(0,0,0,0.14)"},"_margin":{"unit":"px","top":"-5","right":"0","bottom":"0","left":"0","isLinked":false}},"elements":[],"isInner":false,"widgetType":"button","elType":"widget"}],"isInner":true,"elType":"column"},{"id":"767aacad","settings":{"_column_size":50,"_inline_size":null,"background_hover_transition":{"unit":"px","size":0},"animation":"fadeInRight","background_background":"classic","background_image":{"id":1366,"url":"http:\/\/localhost\/test\/wp-content\/uploads\/2018\/09\/img1.jpg"},"background_size":"cover","padding_mobile":{"unit":"px","top":"100","right":"100","bottom":"100","left":"100","isLinked":true}},"elements":[{"id":"4d294a9b","settings":[],"elements":[],"isInner":false,"widgetType":"spacer","elType":"widget"}],"isInner":true,"elType":"column"}],"isInner":true,"elType":"section"},{"id":"4aeb21e0","settings":{"gap":"no","content_position":"middle","structure":"20","padding_mobile":{"unit":"px","top":"0","right":"0","bottom":"30","left":"0","isLinked":false},"height_inner":"min-height","custom_height_inner_tablet":{"unit":"px","size":380}},"elements":[{"id":"61d7a44","settings":{"_column_size":50,"_inline_size":null,"animation":"fadeInLeft","background_background":"classic","background_image":{"id":1367,"url":"http:\/\/localhost\/test\/wp-content\/uploads\/2018\/09\/img2.jpg"},"background_size":"cover","z_index":1},"elements":[{"id":"343f70f6","settings":{"_padding_mobile":{"unit":"px","top":"100","right":"100","bottom":"100","left":"100","isLinked":true}},"elements":[],"isInner":false,"widgetType":"spacer","elType":"widget"}],"isInner":true,"elType":"column"},{"id":"7055f0ff","settings":{"_column_size":50,"_inline_size":null,"content_position":"center","background_background":"classic","background_color":"#ffffff","padding":{"unit":"px","top":"80","right":"80","bottom":"80","left":"80","isLinked":true},"box_shadow_box_shadow_type":"yes","box_shadow_box_shadow":{"horizontal":0,"vertical":0,"blur":30,"spread":0,"color":"rgba(0,0,0,0.09)"},"animation":"fadeInRight","padding_tablet":{"unit":"px","top":"30","right":"30","bottom":"30","left":"50","isLinked":false},"padding_mobile":{"unit":"px","top":"50","right":"30","bottom":"50","left":"30","isLinked":false}},"elements":[{"id":"54175147","settings":{"title":"About the site","header_size":"h1","title_color":"#000000","typography_typography":"custom","typography_font_size":{"unit":"px","size":35},"typography_font_family":"Josefin Sans","typography_line_height":{"unit":"em","size":1.2},"typography_letter_spacing":{"unit":"px","size":0},"align_mobile":"center","typography_font_size_mobile":{"unit":"px","size":28},"typography_text_transform":"capitalize","typography_font_size_tablet":{"unit":"px","size":28}},"elements":[],"isInner":false,"widgetType":"heading","elType":"widget"},{"id":"36ed455a","settings":{"color":"#ff0000","width":{"unit":"%","size":10},"align":"left","gap":{"unit":"px","size":0},"align_mobile":"center","weight":{"unit":"px","size":3}},"elements":[],"isInner":false,"widgetType":"divider","elType":"widget"},{"id":"1ce3a4e1","settings":{"editor":"<p>This three day competition combines extreme sports and a celebration of everything that is wintery, fun and exciting.<\/p>","text_color":"#666666","typography_typography":"custom","typography_font_size":{"unit":"px","size":20},"typography_font_family":"Josefin Sans","typography_font_weight":"300","typography_line_height":{"unit":"em","size":1.6},"_margin":{"unit":"px","top":"0","right":"0","bottom":"0","left":"0","isLinked":false},"align_mobile":"center","_margin_mobile":{"unit":"px","top":"0","right":"0","bottom":"0","left":"0","isLinked":false},"_padding_mobile":{"unit":"px","top":"0","right":"0","bottom":"0","left":"0","isLinked":true},"typography_font_size_tablet":{"unit":"px","size":17},"typography_font_size_mobile":{"unit":"px","size":17}},"elements":[],"isInner":false,"widgetType":"text-editor","elType":"widget"},{"id":"474e0e1a","settings":{"text":"Learn more","align":"left","typography_typography":"custom","typography_font_size":{"unit":"px","size":14},"typography_font_family":"Montserrat","typography_font_weight":"600","button_text_color":"#ffffff","background_color":"#000000","hover_color":"#ffffff","button_background_hover_color":"#ff0000","hover_animation":"sink","border_width":{"unit":"px","top":"1","right":"1","bottom":"1","left":"1","isLinked":true},"border_color":"#ffffff","border_radius":{"unit":"px","top":"50","right":"50","bottom":"50","left":"50","isLinked":true},"text_padding":{"unit":"px","top":"13","right":"30","bottom":"13","left":"30","isLinked":false},"align_mobile":"center","typography_text_transform":"uppercase","button_box_shadow_box_shadow_type":"yes","button_box_shadow_box_shadow":{"horizontal":1,"vertical":3,"blur":1,"spread":0,"color":"rgba(0,0,0,0.14)"},"_margin":{"unit":"px","top":"-5","right":"0","bottom":"0","left":"0","isLinked":false}},"elements":[],"isInner":false,"widgetType":"button","elType":"widget"}],"isInner":true,"elType":"column"}],"isInner":true,"elType":"section"}],"isInner":false,"elType":"column"}],"isInner":false,"elType":"section"},{"id":"6562bf8","settings":{"content_width":{"unit":"px","size":1150},"gap":"no","content_position":"middle","background_background":"classic","background_color":"#ff0000","background_overlay_background":"classic","background_overlay_image":{"id":1372,"url":"http:\/\/localhost\/test\/wp-content\/uploads\/2018\/09\/rider-fon.jpg"},"background_overlay_position":"center center","background_overlay_size":"cover","background_overlay_opacity":{"unit":"px","size":0.1},"margin_tablet":{"unit":"px","top":"0","right":0,"bottom":"0","left":0,"isLinked":true},"padding_tablet":{"unit":"px","top":"100","right":"0","bottom":"0","left":"0","isLinked":false},"padding":{"unit":"px","top":"100","right":"0","bottom":"0","left":"0","isLinked":false},"padding_mobile":{"unit":"px","top":"50","right":"0","bottom":"0","left":"0","isLinked":false}},"elements":[{"id":"6426b285","settings":{"_column_size":100},"elements":[{"id":"410414dc","settings":{"slides":[{"heading":"Dan Broudi","description":"This entrepreneur brings the full range of his energy, expertise and enthusiasm to each project he takes on. There are many reasons why he never shies away from a challenge, but one of the most important reason is his relentless approach.","button_text":"","background_color":"rgba(255,0,8,0)","_id":"9ca7fd3","background_image":{"id":1369,"url":"http:\/\/localhost\/test\/wp-content\/uploads\/2018\/09\/rider4.png"},"background_size":"auto","background_ken_burns":"","zoom_direction":"in","background_overlay":"","background_overlay_color":"rgba(0,0,0,0.5)","link":{"url":"","is_external":"","nofollow":""},"link_click":"slide","custom_style":"yes","horizontal_position":"right","vertical_position":"middle","text_align":"right","content_color":"#ffffff","background_overlay_blend_mode":""},{"background_color":"rgba(187,187,187,0)","background_image":{"id":1370,"url":"http:\/\/localhost\/test\/wp-content\/uploads\/2018\/09\/rider7.png"},"background_size":"auto","background_ken_burns":"","zoom_direction":"in","background_overlay":"","background_overlay_color":"rgba(0,0,0,0.5)","heading":"Tom Sina","description":"This entrepreneur brings the full range of his energy, expertise and enthusiasm to each project he takes on. There are many reasons why he never shies away from a challenge, but one of the most important reason is his relentless approach.","button_text":"","link":{"url":"","is_external":"","nofollow":""},"link_click":"slide","custom_style":"yes","horizontal_position":"right","vertical_position":"middle","text_align":"right","content_color":"","_id":"213fdc3","background_overlay_blend_mode":""},{"background_color":"rgba(187,187,187,0)","background_image":{"id":1371,"url":"http:\/\/localhost\/test\/wp-content\/uploads\/2018\/09\/rider6.png"},"background_size":"auto","background_ken_burns":"","zoom_direction":"in","background_overlay":"","background_overlay_color":"rgba(0,0,0,0.5)","heading":"Symon Rivers","description":"This entrepreneur brings the full range of his energy, expertise and enthusiasm to each project he takes on. There are many reasons why he never shies away from a challenge, but one of the most important reason is his relentless approach.","button_text":"","link":{"url":"","is_external":"","nofollow":""},"link_click":"slide","custom_style":"yes","horizontal_position":"right","vertical_position":"middle","text_align":"right","content_color":"","_id":"76093f9","background_overlay_blend_mode":""}],"slides_height":{"unit":"px","size":550},"content_max_width":{"unit":"%","size":50},"slides_text_align":"right","heading_typography_typography":"custom","heading_typography_font_size":{"unit":"px","size":84},"heading_typography_font_family":"Josefin Sans","description_typography_typography":"custom","description_typography_font_size":{"unit":"px","size":21},"description_typography_font_family":"Josefin Sans","description_typography_font_weight":"300","arrows_position":"outside","arrows_size":{"unit":"px","size":35},"arrows_color":"#ffffff","dots_size":{"unit":"px","size":8},"dots_color":"#ffffff","navigation":"arrows","content_max_width_mobile":{"unit":"%","size":93},"heading_color":"#ffffff","description_color":"rgba(255,255,255,0.7)","_background_background":"classic","heading_typography_font_size_tablet":{"unit":"px","size":60},"heading_typography_font_size_mobile":{"unit":"px","size":40},"description_typography_font_size_mobile":{"unit":"px","size":17}},"elements":[],"isInner":false,"widgetType":"slides","elType":"widget"}],"isInner":false,"elType":"column"}],"isInner":false,"elType":"section"},{"id":"6fcc759","settings":{"background_background":"classic","background_color_stop":{"unit":"%","size":49},"background_color_b":"#e2e2e2","background_gradient_angle":{"unit":"deg","size":0},"background_overlay_background":"classic","background_overlay_position":"top center","background_overlay_size":"cover","margin":{"unit":"px","top":"0","right":0,"bottom":"0","left":0,"isLinked":false},"padding":{"unit":"px","top":"0","right":"0","bottom":"0","left":"0","isLinked":false},"padding_tablet":{"unit":"px","top":"0","right":"0","bottom":"0","left":"0","isLinked":false},"padding_mobile":{"unit":"px","top":"0","right":"0","bottom":"0","left":"0","isLinked":false},"height":"min-height","custom_height":{"unit":"px","size":300},"background_position":"center center","background_size":"cover","animation":"fadeInDown","custom_height_tablet":{"unit":"px","size":250},"custom_height_mobile":{"unit":"px","size":183}},"elements":[{"id":"5db1f058","settings":{"_column_size":100,"content_position":"bottom","background_background":"classic","background_image":{"id":1373,"url":"http:\/\/localhost\/test\/wp-content\/uploads\/2018\/09\/boarding.png"},"background_position":"center center","background_size":"cover","margin":{"unit":"px","top":"0","right":"0","bottom":"-50","left":"0","isLinked":false},"padding":{"unit":"px","top":"0","right":"0","bottom":"0","left":"0","isLinked":true},"margin_mobile":{"unit":"px","top":"0","right":"0","bottom":"0","left":"0","isLinked":true},"padding_mobile":{"unit":"px","top":"0","right":"0","bottom":"0","left":"0","isLinked":true}},"elements":[{"id":"c4f506","settings":{"title":"Round One","align":"center","title_color":"#000000","typography_typography":"custom","typography_font_size":{"unit":"px","size":50},"typography_font_family":"Josefin Sans","_margin":{"unit":"px","top":"120","right":"0","bottom":"0","left":"0","isLinked":false},"typography_font_size_mobile":{"unit":"px","size":30},"_margin_tablet":{"unit":"px","top":"0","right":"0","bottom":"0","left":"0","isLinked":false}},"elements":[],"isInner":false,"widgetType":"heading","elType":"widget"}],"isInner":false,"elType":"column"}],"isInner":false,"elType":"section"},{"id":"5b3529be","settings":{"structure":"30","margin":{"unit":"px","top":"","right":0,"bottom":"","left":0,"isLinked":true},"margin_tablet":{"unit":"px","top":"0","right":0,"bottom":"0","left":0,"isLinked":true},"padding_tablet":{"unit":"px","top":"0","right":"80","bottom":"100","left":"80","isLinked":false},"gap":"no","content_position":"middle","margin_mobile":{"unit":"px","top":"0","right":0,"bottom":"0","left":0,"isLinked":false},"padding_mobile":{"unit":"px","top":"0","right":"30","bottom":"30","left":"30","isLinked":false},"padding":{"unit":"px","top":"50","right":"0","bottom":"150","left":"0","isLinked":false},"background_background":"gradient","background_color":"rgba(155,155,155,0.24)","background_color_b":"#ffffff","background_gradient_angle":{"unit":"deg","size":0},"background_overlay_background":"classic","background_overlay_size":"cover"},"elements":[{"id":"46453b5a","settings":{"_column_size":33,"_inline_size":null,"margin":{"unit":"px","top":"0","right":"10","bottom":"0","left":"0","isLinked":false},"margin_tablet":{"unit":"px","top":"0","right":"0","bottom":"0","left":"0","isLinked":false},"padding_tablet":{"unit":"px","top":"30","right":"30","bottom":"30","left":"30","isLinked":true},"_inline_size_mobile":100,"content_position":"center","margin_mobile":{"unit":"px","top":"0","right":"0","bottom":"0","left":"0","isLinked":true},"padding_mobile":{"unit":"px","top":"0","right":"0","bottom":"0","left":"0","isLinked":true},"padding":{"unit":"px","top":"50","right":"50","bottom":"50","left":"50","isLinked":true},"border_width":{"unit":"px","top":"0","right":"0","bottom":"3","left":"0","isLinked":false},"border_color":"#ff0000","box_shadow_hover_box_shadow_type":"yes","box_shadow_hover_box_shadow":{"horizontal":0,"vertical":0,"blur":30,"spread":0,"color":"rgba(0,0,0,0.15)"},"background_background":"classic","background_color":"#ffffff","animation":"fadeInLeft","_inline_size_tablet":100,"border_border":"solid"},"elements":[{"id":"588e1d17","settings":{"structure":"30","layout":"full_width","content_width":{"unit":"px","size":500},"gap":"no","content_position":"middle","margin_mobile":{"unit":"px","top":"0","right":0,"bottom":"0","left":0,"isLinked":true},"padding_mobile":{"unit":"px","top":"20","right":"20","bottom":"20","left":"20","isLinked":true},"margin":{"unit":"px","top":"0","right":0,"bottom":"0","left":0,"isLinked":true},"margin_tablet":{"unit":"px","top":"0","right":0,"bottom":"0","left":0,"isLinked":true},"padding_tablet":{"unit":"px","top":"0","right":"0","bottom":"0","left":"0","isLinked":true}},"elements":[{"id":"2a59c6f5","settings":{"_column_size":33,"_inline_size":40,"_inline_size_mobile":40,"margin_tablet":{"unit":"px","top":"0","right":"6","bottom":"0","left":"0","isLinked":false}},"elements":[{"id":"bc69582","settings":{"image":{"id":1374,"url":"http:\/\/localhost\/test\/wp-content\/uploads\/2018\/09\/ava1-2.png"},"image_size":"full","space":{"unit":"%","size":80},"hover_animation":"grow","space_mobile":{"unit":"%","size":65},"_margin":{"unit":"px","top":"0","right":"0","bottom":"0","left":"0","isLinked":true},"_padding":{"unit":"px","top":"0","right":"0","bottom":"0","left":"0","isLinked":true},"space_tablet":{"unit":"%","size":60}},"elements":[],"isInner":false,"widgetType":"image","elType":"widget"},{"id":"6ebe68c","settings":{"title":"Dan Kartsi","align":"center","title_color":"#000000","typography_typography":"custom","typography_font_size":{"unit":"px","size":15},"typography_font_family":"Josefin Sans"},"elements":[],"isInner":false,"widgetType":"heading","elType":"widget"}],"isInner":true,"elType":"column"},{"id":"1d1ca4aa","settings":{"_column_size":33,"_inline_size":20,"content_position":"center","_inline_size_mobile":20},"elements":[{"id":"65cc2d","settings":{"title":"VS","align":"center","title_color":"#e2e2e2","typography_typography":"custom","typography_font_size":{"unit":"px","size":35},"typography_font_family":"Josefin Sans","typography_font_size_tablet":{"unit":"px","size":60},"typography_font_size_mobile":{"unit":"px","size":30}},"elements":[],"isInner":false,"widgetType":"heading","elType":"widget"}],"isInner":true,"elType":"column"},{"id":"10b44535","settings":{"_column_size":33,"_inline_size":39.993,"_inline_size_mobile":40},"elements":[{"id":"6e1a304a","settings":{"image":{"id":1375,"url":"http:\/\/localhost\/test\/wp-content\/uploads\/2018\/09\/ava2.png"},"image_size":"full","space":{"unit":"%","size":80},"hover_animation":"grow","space_mobile":{"unit":"%","size":65},"space_tablet":{"unit":"%","size":60}},"elements":[],"isInner":false,"widgetType":"image","elType":"widget"},{"id":"486f82fb","settings":{"title":"Donny Yean","align":"center","title_color":"#000000","typography_typography":"custom","typography_font_size":{"unit":"px","size":15},"typography_font_family":"Josefin Sans"},"elements":[],"isInner":false,"widgetType":"heading","elType":"widget"}],"isInner":true,"elType":"column"}],"isInner":true,"elType":"section"}],"isInner":false,"elType":"column"},{"id":"62a445b3","settings":{"_column_size":33,"_inline_size":null,"margin":{"unit":"px","top":"0","right":"5","bottom":"0","left":"5","isLinked":false},"margin_tablet":{"unit":"px","top":"50","right":"0","bottom":"50","left":"0","isLinked":false},"padding_tablet":{"unit":"px","top":"30","right":"30","bottom":"30","left":"30","isLinked":true},"_inline_size_mobile":100,"content_position":"center","margin_mobile":{"unit":"px","top":"20","right":"0","bottom":"20","left":"0","isLinked":false},"padding_mobile":{"unit":"px","top":"0","right":"0","bottom":"0","left":"0","isLinked":false},"padding":{"unit":"px","top":"50","right":"50","bottom":"50","left":"50","isLinked":true},"border_width":{"unit":"px","top":"0","right":"0","bottom":"3","left":"0","isLinked":false},"border_color":"#ff0000","box_shadow_hover_box_shadow_type":"yes","box_shadow_hover_box_shadow":{"horizontal":0,"vertical":0,"blur":30,"spread":0,"color":"rgba(0,0,0,0.15)"},"background_background":"classic","background_color":"#ffffff","animation":"fadeIn","_inline_size_tablet":100,"border_border":"solid"},"elements":[{"id":"5243eb39","settings":{"structure":"30","layout":"full_width","content_width":{"unit":"px","size":500},"gap":"no","content_position":"middle","margin_mobile":{"unit":"px","top":"0","right":0,"bottom":"0","left":0,"isLinked":true},"padding_mobile":{"unit":"px","top":"20","right":"20","bottom":"20","left":"20","isLinked":true},"margin":{"unit":"px","top":"0","right":0,"bottom":"0","left":0,"isLinked":true},"margin_tablet":{"unit":"px","top":"0","right":0,"bottom":"0","left":0,"isLinked":true}},"elements":[{"id":"6311378f","settings":{"_column_size":33,"_inline_size":40,"_inline_size_mobile":40},"elements":[{"id":"6b7495d9","settings":{"image":{"id":1376,"url":"http:\/\/localhost\/test\/wp-content\/uploads\/2018\/09\/ava3.png"},"image_size":"full","space":{"unit":"%","size":80},"hover_animation":"grow","space_mobile":{"unit":"%","size":65},"_margin":{"unit":"px","top":"0","right":"0","bottom":"0","left":"0","isLinked":true},"_padding":{"unit":"px","top":"0","right":"0","bottom":"0","left":"0","isLinked":true},"space_tablet":{"unit":"%","size":60}},"elements":[],"isInner":false,"widgetType":"image","elType":"widget"},{"id":"52911aba","settings":{"title":"Larry Vang","align":"center","title_color":"#000000","typography_typography":"custom","typography_font_size":{"unit":"px","size":15},"typography_font_family":"Josefin Sans"},"elements":[],"isInner":false,"widgetType":"heading","elType":"widget"}],"isInner":true,"elType":"column"},{"id":"8675d52","settings":{"_column_size":33,"_inline_size":20,"content_position":"center","_inline_size_mobile":20},"elements":[{"id":"47bd5481","settings":{"title":"VS","align":"center","title_color":"#e2e2e2","typography_typography":"custom","typography_font_size":{"unit":"px","size":35},"typography_font_family":"Josefin Sans","typography_font_size_tablet":{"unit":"px","size":60},"typography_font_size_mobile":{"unit":"px","size":30}},"elements":[],"isInner":false,"widgetType":"heading","elType":"widget"}],"isInner":true,"elType":"column"},{"id":"70bea70b","settings":{"_column_size":33,"_inline_size":39.993,"_inline_size_mobile":40},"elements":[{"id":"20657fbb","settings":{"image":{"id":1377,"url":"http:\/\/localhost\/test\/wp-content\/uploads\/2018\/09\/ava4.png"},"image_size":"full","space":{"unit":"%","size":80},"hover_animation":"grow","space_mobile":{"unit":"%","size":65},"space_tablet":{"unit":"%","size":60}},"elements":[],"isInner":false,"widgetType":"image","elType":"widget"},{"id":"56eefbc0","settings":{"title":"Mike Steart","align":"center","title_color":"#000000","typography_typography":"custom","typography_font_size":{"unit":"px","size":15},"typography_font_family":"Josefin Sans"},"elements":[],"isInner":false,"widgetType":"heading","elType":"widget"}],"isInner":true,"elType":"column"}],"isInner":true,"elType":"section"}],"isInner":false,"elType":"column"},{"id":"3663543f","settings":{"_column_size":33,"_inline_size":null,"margin":{"unit":"px","top":"0","right":"0","bottom":"0","left":"10","isLinked":false},"margin_tablet":{"unit":"px","top":"0","right":"0","bottom":"0","left":"0","isLinked":false},"padding_tablet":{"unit":"px","top":"30","right":"30","bottom":"30","left":"30","isLinked":true},"_inline_size_mobile":100,"content_position":"center","margin_mobile":{"unit":"px","top":"0","right":"0","bottom":"0","left":"0","isLinked":true},"padding_mobile":{"unit":"px","top":"0","right":"0","bottom":"0","left":"0","isLinked":true},"padding":{"unit":"px","top":"50","right":"50","bottom":"50","left":"50","isLinked":true},"background_background":"classic","border_width":{"unit":"px","top":"0","right":"0","bottom":"3","left":"0","isLinked":false},"border_color":"#ff0000","box_shadow_hover_box_shadow_type":"yes","box_shadow_hover_box_shadow":{"horizontal":0,"vertical":0,"blur":30,"spread":0,"color":"rgba(0,0,0,0.15)"},"background_color":"#ffffff","animation":"fadeInRight","_inline_size_tablet":100,"border_border":"solid"},"elements":[{"id":"2b7bf72c","settings":{"structure":"30","layout":"full_width","content_width":{"unit":"px","size":500},"gap":"no","content_position":"middle","margin_mobile":{"unit":"px","top":"0","right":0,"bottom":"0","left":0,"isLinked":false},"padding_mobile":{"unit":"px","top":"20","right":"20","bottom":"20","left":"20","isLinked":false},"margin":{"unit":"px","top":"0","right":0,"bottom":"0","left":0,"isLinked":true},"margin_tablet":{"unit":"px","top":"0","right":0,"bottom":"0","left":0,"isLinked":true}},"elements":[{"id":"688cca8d","settings":{"_column_size":33,"_inline_size":40,"_inline_size_mobile":40},"elements":[{"id":"7383fc87","settings":{"image":{"id":1378,"url":"http:\/\/localhost\/test\/wp-content\/uploads\/2018\/09\/ava5.png"},"image_size":"full","space":{"unit":"%","size":80},"hover_animation":"grow","space_mobile":{"unit":"%","size":65},"_margin":{"unit":"px","top":"0","right":"0","bottom":"0","left":"0","isLinked":true},"_padding":{"unit":"px","top":"0","right":"0","bottom":"0","left":"0","isLinked":true},"space_tablet":{"unit":"%","size":60}},"elements":[],"isInner":false,"widgetType":"image","elType":"widget"},{"id":"685de798","settings":{"title":"Dan Broudi","align":"center","title_color":"#000000","typography_typography":"custom","typography_font_size":{"unit":"px","size":15},"typography_font_family":"Josefin Sans"},"elements":[],"isInner":false,"widgetType":"heading","elType":"widget"}],"isInner":true,"elType":"column"},{"id":"420d2e10","settings":{"_column_size":33,"_inline_size":20,"content_position":"center","_inline_size_mobile":20},"elements":[{"id":"7057a5df","settings":{"title":"VS","align":"center","title_color":"#e2e2e2","typography_typography":"custom","typography_font_size":{"unit":"px","size":35},"typography_font_family":"Josefin Sans","typography_font_size_tablet":{"unit":"px","size":60},"typography_font_size_mobile":{"unit":"px","size":30}},"elements":[],"isInner":false,"widgetType":"heading","elType":"widget"}],"isInner":true,"elType":"column"},{"id":"613be970","settings":{"_column_size":33,"_inline_size":39.993,"_inline_size_mobile":40},"elements":[{"id":"4b4a3561","settings":{"image":{"id":1379,"url":"http:\/\/localhost\/test\/wp-content\/uploads\/2018\/09\/ava6.png"},"image_size":"full","space":{"unit":"%","size":80},"hover_animation":"grow","space_mobile":{"unit":"%","size":65},"space_tablet":{"unit":"%","size":60}},"elements":[],"isInner":false,"widgetType":"image","elType":"widget"},{"id":"84ac27f","settings":{"title":"Tom Macart","align":"center","title_color":"#000000","typography_typography":"custom","typography_font_size":{"unit":"px","size":15},"typography_font_family":"Josefin Sans"},"elements":[],"isInner":false,"widgetType":"heading","elType":"widget"}],"isInner":true,"elType":"column"}],"isInner":true,"elType":"section"}],"isInner":false,"elType":"column"}],"isInner":false,"elType":"section"},{"id":"35900201","settings":{"content_width":{"unit":"px","size":1000},"gap":"no","height":"min-height","custom_height":{"unit":"px","size":700},"content_position":"middle","background_background":"video","background_color":"#000000","background_video_link":"https:\/\/www.youtube.com\/watch?v=KoHzXi7Usl8","background_overlay_background":"classic","background_overlay_color":"rgba(0,0,0,0.72)","background_overlay_image":{"id":1380,"url":"http:\/\/localhost\/test\/wp-content\/uploads\/2018\/09\/back.png"},"background_overlay_position":"bottom center","background_overlay_size":"cover","background_overlay_opacity":{"unit":"px","size":1},"margin_tablet":{"unit":"px","top":"0","right":0,"bottom":"0","left":0,"isLinked":true},"padding_tablet":{"unit":"px","top":"0","right":"0","bottom":"0","left":"0","isLinked":true},"custom_height_mobile":{"unit":"px","size":400},"margin_mobile":{"unit":"px","top":"0","right":0,"bottom":"0","left":0,"isLinked":true},"padding_mobile":{"unit":"px","top":"0","right":"0","bottom":"0","left":"0","isLinked":true},"custom_height_tablet":{"unit":"px","size":400}},"elements":[{"id":"169dd5e7","settings":{"_column_size":100,"margin_mobile":{"unit":"px","top":"0","right":"0","bottom":"0","left":"0","isLinked":true},"padding_mobile":{"unit":"px","top":"0","right":"0","bottom":"0","left":"0","isLinked":true},"margin_tablet":{"unit":"px","top":"0","right":"0","bottom":"0","left":"0","isLinked":true},"padding_tablet":{"unit":"px","top":"0","right":"0","bottom":"0","left":"0","isLinked":true}},"elements":[{"id":"1a0b8552","settings":{"headline_style":"rotate","animation_type":"wave","before_text":"This is how we ","highlighted_text":"Explore","rotating_text":"Explore\nFeel\nRide\nCompete","title_color":"#ffffff","title_typography_typography":"custom","title_typography_font_size":{"unit":"px","size":80},"title_typography_font_family":"Josefin Sans","words_color":"#00cbf4","words_typography_typography":"custom","words_typography_font_family":"Josefin Sans","alignment_mobile":"left","title_typography_font_size_mobile":{"unit":"px","size":50},"_margin_mobile":{"unit":"px","top":"0","right":"0","bottom":"0","left":"30","isLinked":false},"_padding_mobile":{"unit":"px","top":"0","right":"0","bottom":"0","left":"0","isLinked":true},"alignment_tablet":"center","title_typography_font_size_tablet":{"unit":"px","size":50},"_margin_tablet":{"unit":"px","top":"0","right":"0","bottom":"0","left":"0","isLinked":true},"_padding_tablet":{"unit":"px","top":"0","right":"15","bottom":"0","left":"15","isLinked":false}},"elements":[],"isInner":false,"widgetType":"animated-headline","elType":"widget"}],"isInner":false,"elType":"column"}],"isInner":false,"elType":"section"},{"id":"231dd8ed","settings":{"content_width":{"unit":"px","size":900},"height":"min-height","custom_height":{"unit":"px","size":120},"background_background":"classic","background_color":"rgba(155,155,155,0.13)","border_border":"solid","border_width":{"unit":"px","top":"0","right":"0","bottom":"0","left":"0","isLinked":false},"padding_tablet":{"unit":"px","top":"0","right":"30","bottom":"0","left":"30","isLinked":false},"reverse_order_mobile":"reverse-mobile","padding_mobile":{"unit":"px","top":"0","right":"0","bottom":"20","left":"0","isLinked":false}},"elements":[{"id":"24055d48","settings":{"_column_size":100,"_inline_size":null,"content_position":"center"},"elements":[{"id":"1a0f95d8","settings":{"social_icon_list":[{"social":"fa fa-facebook","_id":"06bd096","link":{"url":"","is_external":"true","nofollow":""}},{"social":"fa fa-twitter","_id":"334a69b","link":{"url":"","is_external":"true","nofollow":""}},{"social":"fa fa-instagram","_id":"b5fff70","link":{"url":"","is_external":"true","nofollow":""}},{"social":"fa fa-vimeo","link":{"url":"","is_external":"true","nofollow":""},"_id":"3819f05"},{"social":"fa fa-youtube","link":{"url":"","is_external":"true","nofollow":""},"_id":"d1c92a4"}],"icon_color":"custom","icon_primary_color":"rgba(0,0,0,0)","icon_secondary_color":"#4b4a45","icon_size":{"unit":"px","size":18},"icon_padding":{"unit":"em","size":0.6},"icon_spacing":{"unit":"px","size":22},"hover_primary_color":"rgba(0,0,0,0)","hover_secondary_color":"#ffffff","hover_animation":"sink","_margin_mobile":{"unit":"px","top":"0","right":"0","bottom":"0","left":"0","isLinked":true},"_padding_mobile":{"unit":"px","top":"0","right":"0","bottom":"0","left":"0","isLinked":true}},"elements":[],"isInner":false,"widgetType":"social-icons","elType":"widget"}],"isInner":false,"elType":"column"}],"isInner":false,"elType":"section"}]}