{"version":"0.4","title":"Chrismas-Tree-Shop-page","type":"page","content":[{"id":"3af959c2","settings":{"height":"min-height","custom_height":{"unit":"px","size":750},"background_background":"classic","background_image":{"id":"1313","url":"http:\/\/localhost\/test\/wp-content\/uploads\/2018\/09\/1stBG2-1.png"},"background_size":"cover","structure":"20","background_position":"bottom center","background_overlay_background":"gradient","background_overlay_color":"rgba(255,255,255,0.29)","background_overlay_color_stop":{"unit":"%","size":64},"background_overlay_color_b":"#ffffff","background_overlay_color_b_stop":{"unit":"%","size":91},"background_overlay_opacity":{"unit":"px","size":1},"shape_divider_bottom_color":"#000000","shape_divider_bottom_height":{"unit":"px","size":66},"shape_divider_bottom_above_content":"yes","margin":{"unit":"px","top":"0","right":0,"bottom":"0","left":0,"isLinked":false},"padding":{"unit":"px","top":"0","right":"0","bottom":"40","left":"0","isLinked":false},"custom_height_tablet":{"unit":"px","size":640},"custom_height_mobile":{"unit":"vh","size":100},"padding_tablet":{"unit":"px","top":"0","right":"0","bottom":"0","left":"0","isLinked":true},"padding_mobile":{"unit":"px","top":"0","right":"20","bottom":"0","left":"20","isLinked":false}},"elements":[{"id":"36d9c1eb","settings":{"_column_size":50,"content_position":"top","_inline_size_mobile":100,"margin_tablet":{"unit":"px","top":"0","right":"0","bottom":"0","left":"20","isLinked":false},"margin_mobile":{"unit":"px","top":"0","right":"0","bottom":"0","left":"0","isLinked":true},"padding_tablet":{"unit":"px","top":"0","right":"0","bottom":"0","left":"0","isLinked":true},"padding_mobile":{"unit":"px","top":"0","right":"0","bottom":"0","left":"0","isLinked":true}},"elements":[{"id":"f96d06e","settings":{"title":"Jasper's Tree shop","align":"center","title_color":"rgba(0,53,44,0.95)","typography_typography":"custom","typography_font_family":"Berkshire Swash","typography_font_size":{"unit":"px","size":125},"typography_font_weight":"100","typography_text_transform":"capitalize","typography_line_height":{"unit":"em","size":1},"typography_letter_spacing":{"unit":"px","size":-2.5},"text_shadow_text_shadow_type":"yes","text_shadow_text_shadow":{"horizontal":5,"vertical":3,"blur":0,"color":"#ffffff"},"_margin":{"unit":"px","top":"100","right":"0","bottom":"0","left":"0","isLinked":false},"align_mobile":"center","typography_font_size_mobile":{"unit":"px","size":65},"typography_font_size_tablet":{"unit":"px","size":75},"_margin_mobile":{"unit":"px","top":"0","right":"0","bottom":"0","left":"0","isLinked":true}},"elements":[],"isInner":false,"widgetType":"heading","elType":"widget"},{"id":"f1a345","settings":{"title":"christmas tree sale","header_size":"h4","align":"center","title_color":"#f70000","typography_typography":"custom","typography_font_size":{"unit":"px","size":21},"typography_font_weight":"100","typography_text_transform":"uppercase","typography_letter_spacing":{"unit":"px","size":10},"_margin":{"unit":"px","top":"30","right":"0","bottom":"0","left":"0","isLinked":false},"typography_font_size_mobile":{"unit":"px","size":16},"typography_line_height_mobile":{"unit":"px","size":31},"typography_letter_spacing_mobile":{"unit":"px","size":4.5},"_margin_mobile":{"unit":"px","top":"0","right":"0","bottom":"0","left":"0","isLinked":false},"typography_font_size_tablet":{"unit":"px","size":18},"typography_letter_spacing_tablet":{"unit":"px","size":5.3},"_padding_tablet":{"unit":"px","top":"0","right":"0","bottom":"0","left":"0","isLinked":true},"typography_font_family":"Ubuntu"},"elements":[],"isInner":false,"widgetType":"heading","elType":"widget"},{"id":"624e3e5","settings":{"text":"shop now","align":"center","typography_typography":"custom","typography_font_family":"Ubuntu","typography_font_size":{"unit":"px","size":18},"typography_font_weight":"100","typography_text_transform":"uppercase","typography_letter_spacing":{"unit":"px","size":2.2},"button_text_color":"#ffffff","background_color":"#f70000","hover_color":"#ffffff","button_background_hover_color":"#ff1000","hover_animation":"grow","border_width":{"unit":"px","top":"1","right":"1","bottom":"1","left":"1","isLinked":true},"border_color":"#f70000","border_radius":{"unit":"px","top":"60","right":"60","bottom":"60","left":"60","isLinked":true},"button_box_shadow_box_shadow":{"horizontal":0,"vertical":0,"blur":34,"spread":-11,"color":"#00352c"},"button_box_shadow_box_shadow_position":"inset","text_padding":{"unit":"px","top":"13","right":"25","bottom":"13","left":"25","isLinked":false},"_margin":{"unit":"px","top":"60","right":"0","bottom":"0","left":"0","isLinked":false},"_margin_mobile":{"unit":"px","top":"0","right":"0","bottom":"0","left":"0","isLinked":false},"typography_font_size_mobile":{"unit":"px","size":14},"_margin_tablet":{"unit":"px","top":"0","right":"0","bottom":"0","left":"0","isLinked":true},"_padding_tablet":{"unit":"px","top":"30","right":"0","bottom":"0","left":"0","isLinked":false},"_padding_mobile":{"unit":"px","top":"0","right":"0","bottom":"0","left":"0","isLinked":true}},"elements":[],"isInner":false,"widgetType":"button","elType":"widget"}],"isInner":false,"elType":"column"},{"id":"179f65d","settings":{"_column_size":50,"_inline_size":50,"_inline_size_tablet":50,"margin_mobile":{"unit":"px","top":"0","right":"0","bottom":"0","left":"0","isLinked":false},"padding_mobile":{"unit":"px","top":"0","right":"0","bottom":"0","left":"0","isLinked":true}},"elements":[{"id":"7ec0a623","settings":{"image":{"id":"1312","url":"http:\/\/localhost\/test\/wp-content\/uploads\/2018\/09\/Tree1-1-1.png"},"align":"right","_margin":{"unit":"px","top":"200","right":"0","bottom":"0","left":"32","isLinked":false},"align_mobile":"center","_margin_mobile":{"unit":"px","top":"030","right":"0","bottom":"0","left":"0","isLinked":false},"_padding_mobile":{"unit":"px","top":"0","right":"0","bottom":"0","left":"0","isLinked":true},"align_tablet":"right","space_tablet":{"unit":"%","size":100},"_margin_tablet":{"unit":"px","top":"100","right":"-100","bottom":"0","left":"-100","isLinked":false}},"elements":[],"isInner":false,"widgetType":"image","elType":"widget"}],"isInner":false,"elType":"column"}],"isInner":false,"elType":"section"},{"id":"21ef2b12","settings":{"structure":"40","background_background":"gradient","background_color":"#f4f4f4","background_color_b":"#ffffff","background_gradient_angle":{"unit":"deg","size":0},"shape_divider_bottom":"mountains","shape_divider_bottom_color":"#daeef2","shape_divider_bottom_width":{"unit":"%","size":300},"shape_divider_bottom_height":{"unit":"px","size":173},"shape_divider_bottom_above_content":"yes","padding":{"unit":"px","top":"0","right":"0","bottom":"150","left":"0","isLinked":false},"margin_tablet":{"unit":"px","top":"","right":0,"bottom":"","left":0,"isLinked":true},"margin_mobile":{"unit":"px","top":"","right":0,"bottom":"","left":0,"isLinked":true},"padding_tablet":{"unit":"px","top":"0","right":"30","bottom":"120","left":"30","isLinked":false},"padding_mobile":{"unit":"px","top":"40","right":"40","bottom":"150","left":"40","isLinked":false}},"elements":[{"id":"10c394cc","settings":{"_column_size":25,"_inline_size":null,"padding_mobile":{"unit":"px","top":"0","right":"0","bottom":"0","left":"0","isLinked":false},"_inline_size_tablet":50,"margin_tablet":{"unit":"px","top":"0","right":"0","bottom":"0","left":"0","isLinked":true}},"elements":[{"id":"1584a704","settings":{"title_text":"Choose your tree","description_text":"Lorem ipsum dolor sit amet, consectetur adipiscing elit.","image":{"id":"1314","url":"http:\/\/localhost\/test\/wp-content\/uploads\/2018\/09\/TreeIcon2-1.png"},"image_size":{"unit":"%","size":34},"title_bottom_space":{"unit":"px","size":10},"title_color":"#383838","title_typography_typography":"custom","title_typography_font_size":{"unit":"px","size":25},"title_typography_font_weight":"300","description_color":"#8c8c8c","description_typography_typography":"custom","description_typography_font_family":"Ubuntu","description_typography_font_size":{"unit":"px","size":15},"description_typography_font_weight":"400","description_typography_line_height":{"unit":"em","size":1.5},"_padding":{"unit":"px","top":"40","right":"20","bottom":"50","left":"20","isLinked":false},"_background_background":"classic","_border_width":{"unit":"px","top":"0","right":"0","bottom":"5","left":"0","isLinked":false},"_border_color":"rgba(7,107,150,0.34)","_box_shadow_box_shadow":{"horizontal":0,"vertical":0,"blur":39,"spread":0,"color":"rgba(0,53,44,0.21)"},"_box_shadow_hover_box_shadow":{"horizontal":0,"vertical":0,"blur":40,"spread":0,"color":"rgba(7,107,150,0.3)"},"title_typography_font_size_tablet":{"unit":"px","size":24},"_animation":"fadeIn","animation_duration":"fast","_background_color_stop":{"unit":"%","size":60},"_background_color_b":"rgba(56,56,56,0.77)","_background_color_b_stop":{"unit":"%","size":500},"_background_gradient_type":"radial","_background_hover_color":"#ffffff","_background_hover_color_stop":{"unit":"%","size":80},"_background_hover_color_b":"rgba(56,56,56,0.77)","_background_hover_color_b_stop":{"unit":"%","size":500},"_background_hover_gradient_type":"radial","_background_hover_transition":{"unit":"px","size":1},"_border_hover_width":{"unit":"px","top":"0","right":"0","bottom":"5","left":"0","isLinked":false},"_border_hover_color":"rgba(7,107,150,0.69)","image_space":{"unit":"px","size":14},"title_typography_font_family":"Ubuntu","title_typography_text_transform":"capitalize","description_typography_letter_spacing":{"unit":"px","size":0},"_padding_mobile":{"unit":"px","top":"0","right":"0","bottom":"0","left":"0","isLinked":true},"image_size_tablet":{"unit":"%","size":27},"description_typography_font_size_mobile":{"unit":"px","size":16},"_padding_tablet":{"unit":"px","top":"50","right":"50","bottom":"50","left":"50","isLinked":false}},"elements":[],"isInner":false,"widgetType":"image-box","elType":"widget"}],"isInner":false,"elType":"column"},{"id":"104372e4","settings":{"_column_size":25,"_inline_size":null,"padding_mobile":{"unit":"px","top":"40","right":"0","bottom":"40","left":"0","isLinked":false},"_inline_size_tablet":50},"elements":[{"id":"16d15373","settings":{"title_text":"Pick your date","description_text":"Lorem ipsum dolor sit amet, consectetur adipiscing elit. ","image":{"id":"1315","url":"http:\/\/localhost\/test\/wp-content\/uploads\/2018\/09\/IconCalend-1.png"},"image_size":{"unit":"%","size":34},"title_bottom_space":{"unit":"px","size":10},"title_color":"#383838","title_typography_typography":"custom","title_typography_font_size":{"unit":"px","size":25},"title_typography_font_weight":"300","description_color":"#8c8c8c","description_typography_typography":"custom","description_typography_font_family":"Ubuntu","description_typography_font_size":{"unit":"px","size":15},"description_typography_font_weight":"400","description_typography_line_height":{"unit":"em","size":1.5},"_padding":{"unit":"px","top":"40","right":"20","bottom":"50","left":"20","isLinked":false},"_background_background":"classic","_border_width":{"unit":"px","top":"0","right":"0","bottom":"5","left":"0","isLinked":false},"_border_color":"rgba(7,107,150,0.34)","_box_shadow_box_shadow":{"horizontal":0,"vertical":0,"blur":39,"spread":0,"color":"rgba(0,53,44,0.21)"},"_box_shadow_hover_box_shadow":{"horizontal":0,"vertical":0,"blur":40,"spread":0,"color":"rgba(7,107,150,0.3)"},"title_typography_font_size_tablet":{"unit":"px","size":24},"_animation":"fadeIn","animation_duration":"fast","_background_color_stop":{"unit":"%","size":60},"_background_color_b":"rgba(56,56,56,0.77)","_background_color_b_stop":{"unit":"%","size":500},"_background_gradient_type":"radial","_background_hover_color":"#ffffff","_background_hover_color_stop":{"unit":"%","size":80},"_background_hover_color_b":"rgba(56,56,56,0.77)","_background_hover_color_b_stop":{"unit":"%","size":500},"_background_hover_gradient_type":"radial","_background_hover_transition":{"unit":"px","size":1},"_border_hover_width":{"unit":"px","top":"0","right":"0","bottom":"5","left":"0","isLinked":false},"_border_hover_color":"rgba(7,107,150,0.69)","image_space":{"unit":"px","size":14},"title_typography_font_family":"Ubuntu","title_typography_text_transform":"capitalize","description_typography_letter_spacing":{"unit":"px","size":0},"_padding_mobile":{"unit":"px","top":"0","right":"0","bottom":"0","left":"0","isLinked":true},"image_size_tablet":{"unit":"%","size":27},"description_typography_font_size_mobile":{"unit":"px","size":16},"_padding_tablet":{"unit":"px","top":"50","right":"50","bottom":"50","left":"50","isLinked":true}},"elements":[],"isInner":false,"widgetType":"image-box","elType":"widget"}],"isInner":false,"elType":"column"},{"id":"679e26a3","settings":{"_column_size":25,"_inline_size":null,"padding_mobile":{"unit":"px","top":"0","right":"0","bottom":"0","left":"0","isLinked":false},"_inline_size_tablet":50},"elements":[{"id":"5d265e8e","settings":{"title_text":"Get free delivery","description_text":"Lorem ipsum dolor sit amet, consectetur adipiscing elit. U","image":{"id":"1316","url":"http:\/\/localhost\/test\/wp-content\/uploads\/2018\/09\/Santa-Slide-1.png"},"image_size":{"unit":"%","size":34},"title_bottom_space":{"unit":"px","size":10},"title_color":"#383838","title_typography_typography":"custom","title_typography_font_size":{"unit":"px","size":25},"title_typography_font_weight":"300","description_color":"#8c8c8c","description_typography_typography":"custom","description_typography_font_family":"Ubuntu","description_typography_font_size":{"unit":"px","size":15},"description_typography_font_weight":"400","description_typography_line_height":{"unit":"em","size":1.5},"_padding":{"unit":"px","top":"40","right":"20","bottom":"50","left":"20","isLinked":false},"_background_background":"classic","_border_width":{"unit":"px","top":"0","right":"0","bottom":"5","left":"0","isLinked":false},"_border_color":"rgba(7,107,150,0.34)","_box_shadow_box_shadow":{"horizontal":0,"vertical":0,"blur":39,"spread":0,"color":"rgba(0,53,44,0.21)"},"_box_shadow_hover_box_shadow":{"horizontal":0,"vertical":0,"blur":40,"spread":0,"color":"rgba(7,107,150,0.3)"},"title_typography_font_size_tablet":{"unit":"px","size":24},"_animation":"fadeIn","animation_duration":"fast","_background_color_stop":{"unit":"%","size":60},"_background_color_b":"rgba(56,56,56,0.77)","_background_color_b_stop":{"unit":"%","size":500},"_background_gradient_type":"radial","_background_hover_color":"#ffffff","_background_hover_color_stop":{"unit":"%","size":80},"_background_hover_color_b":"rgba(56,56,56,0.77)","_background_hover_color_b_stop":{"unit":"%","size":500},"_background_hover_gradient_type":"radial","_background_hover_transition":{"unit":"px","size":1},"_border_hover_width":{"unit":"px","top":"0","right":"0","bottom":"5","left":"0","isLinked":false},"_border_hover_color":"rgba(7,107,150,0.69)","image_space":{"unit":"px","size":14},"title_typography_font_family":"Ubuntu","title_typography_text_transform":"capitalize","description_typography_letter_spacing":{"unit":"px","size":0},"_padding_mobile":{"unit":"px","top":"0","right":"0","bottom":"0","left":"0","isLinked":true},"image_size_tablet":{"unit":"%","size":27},"description_typography_font_size_mobile":{"unit":"px","size":16},"_padding_tablet":{"unit":"px","top":"0","right":"50","bottom":"50","left":"50","isLinked":false}},"elements":[],"isInner":false,"widgetType":"image-box","elType":"widget"}],"isInner":false,"elType":"column"},{"id":"33f96439","settings":{"_column_size":25,"_inline_size":null,"padding_mobile":{"unit":"px","top":"40","right":"0","bottom":"40","left":"0","isLinked":false},"_inline_size_tablet":50},"elements":[{"id":"3ceecab1","settings":{"title_text":"celebrate christmas","description_text":"Lorem ipsum dolor sit amet, consectetur adipiscing elit. ","image":{"id":"1317","url":"http:\/\/localhost\/test\/wp-content\/uploads\/2018\/09\/PresentIcon-1.png"},"image_size":{"unit":"%","size":34},"title_bottom_space":{"unit":"px","size":10},"title_color":"#383838","title_typography_typography":"custom","title_typography_font_size":{"unit":"px","size":25},"title_typography_font_weight":"300","description_color":"#8c8c8c","description_typography_typography":"custom","description_typography_font_family":"Ubuntu","description_typography_font_size":{"unit":"px","size":15},"description_typography_font_weight":"400","description_typography_line_height":{"unit":"em","size":1.5},"_padding":{"unit":"px","top":"40","right":"20","bottom":"50","left":"20","isLinked":false},"_background_background":"classic","_border_width":{"unit":"px","top":"0","right":"0","bottom":"5","left":"0","isLinked":false},"_border_color":"rgba(7,107,150,0.34)","_box_shadow_box_shadow":{"horizontal":0,"vertical":0,"blur":39,"spread":0,"color":"rgba(0,53,44,0.21)"},"_box_shadow_hover_box_shadow":{"horizontal":0,"vertical":0,"blur":40,"spread":0,"color":"rgba(7,107,150,0.3)"},"title_typography_font_size_tablet":{"unit":"px","size":24},"_animation":"fadeIn","animation_duration":"fast","_background_color_stop":{"unit":"%","size":60},"_background_color_b":"rgba(56,56,56,0.77)","_background_color_b_stop":{"unit":"%","size":500},"_background_gradient_type":"radial","_background_hover_color":"#ffffff","_background_hover_color_stop":{"unit":"%","size":80},"_background_hover_color_b":"rgba(56,56,56,0.77)","_background_hover_color_b_stop":{"unit":"%","size":500},"_background_hover_gradient_type":"radial","_background_hover_transition":{"unit":"px","size":1},"_border_hover_width":{"unit":"px","top":"0","right":"0","bottom":"5","left":"0","isLinked":false},"_border_hover_color":"rgba(7,107,150,0.69)","image_space":{"unit":"px","size":14},"title_typography_font_family":"Ubuntu","title_typography_text_transform":"capitalize","description_typography_letter_spacing":{"unit":"px","size":0},"_padding_mobile":{"unit":"px","top":"0","right":"0","bottom":"0","left":"0","isLinked":true},"image_size_tablet":{"unit":"%","size":27},"description_typography_font_size_mobile":{"unit":"px","size":16},"_padding_tablet":{"unit":"px","top":"0","right":"50","bottom":"50","left":"50","isLinked":false}},"elements":[],"isInner":false,"widgetType":"image-box","elType":"widget"}],"isInner":false,"elType":"column"}],"isInner":false,"elType":"section"},{"id":"14b874b9","settings":{"background_background":"gradient","background_color":"#daeef2","background_size":"cover","background_overlay_background":"classic","background_overlay_opacity":{"unit":"px","size":0.04},"padding":{"unit":"px","top":"50","right":"0","bottom":"200","left":"0","isLinked":false},"background_color_stop":{"unit":"%","size":37},"background_color_b":"#f2f2f2","background_overlay_image":{"id":"1324","url":"http:\/\/localhost\/test\/wp-content\/uploads\/2018\/09\/trnsprntdBG-1.png"},"background_overlay_position":"top center","background_overlay_size":"cover","padding_mobile":{"unit":"px","top":"30","right":"0","bottom":"30","left":"0","isLinked":false},"padding_tablet":{"unit":"px","top":"30","right":"0","bottom":"100","left":"0","isLinked":false}},"elements":[{"id":"4d23c60d","settings":{"_column_size":100,"padding":{"unit":"px","top":"0","right":"0","bottom":"0","left":"0","isLinked":false}},"elements":[{"id":"58143478","settings":{"title":"christmas","header_size":"h4","align":"center","title_color":"#f70000","typography_typography":"custom","typography_font_size":{"unit":"px","size":21},"typography_font_weight":"600","typography_text_transform":"uppercase","typography_letter_spacing":{"unit":"px","size":10},"_margin":{"unit":"px","top":"0","right":"0","bottom":"0","left":"0","isLinked":false},"typography_font_size_mobile":{"unit":"px","size":15},"typography_font_size_tablet":{"unit":"px","size":15},"typography_font_family":"Ubuntu"},"elements":[],"isInner":false,"widgetType":"heading","elType":"widget"},{"id":"7eff5cdc","settings":{"title":"Choose your tree","header_size":"h4","align":"center","title_color":"#383838","typography_typography":"custom","typography_font_size":{"unit":"px","size":51},"typography_font_weight":"100","typography_letter_spacing":{"unit":"px","size":0},"_margin":{"unit":"px","top":"0","right":"0","bottom":"50","left":"0","isLinked":false},"typography_text_transform":"capitalize","align_mobile":"center","typography_font_size_mobile":{"unit":"px","size":32},"typography_font_size_tablet":{"unit":"px","size":38},"_margin_tablet":{"unit":"px","top":"0","right":"0","bottom":"0","left":"0","isLinked":false},"_padding_tablet":{"unit":"px","top":"0","right":"0","bottom":"10","left":"0","isLinked":false},"typography_font_family":"Ubuntu"},"elements":[],"isInner":false,"widgetType":"heading","elType":"widget"},{"id":"3ec70f34","settings":{"gap":"no","structure":"30","padding":{"unit":"px","top":"50","right":"0","bottom":"0","left":"0","isLinked":false},"content_width":{"unit":"px","size":1000},"custom_height_inner":{"unit":"px","size":0},"padding_mobile":{"unit":"px","top":"0","right":"30","bottom":"0","left":"30","isLinked":false},"padding_tablet":{"unit":"px","top":"30","right":"15","bottom":"0","left":"15","isLinked":false}},"elements":[{"id":"5ade3318","settings":{"_column_size":33,"_inline_size":null,"space_between_widgets":0,"background_background":"classic","background_color":"#ffffff","border_radius":{"unit":"px","top":"10","right":"10","bottom":"10","left":"10","isLinked":true},"box_shadow_box_shadow_type":"yes","box_shadow_box_shadow":{"horizontal":0,"vertical":0,"blur":40,"spread":0,"color":"rgba(0,0,0,0.05)"},"margin":{"unit":"px","top":"0","right":"30","bottom":"0","left":"0","isLinked":false},"margin_mobile":{"unit":"px","top":"0","right":"0","bottom":"0","left":"0","isLinked":true},"padding":{"unit":"px","top":"0","right":"0","bottom":"10","left":"0","isLinked":false},"margin_tablet":{"unit":"px","top":"0","right":"10","bottom":"0","left":"0","isLinked":false},"padding_tablet":{"unit":"px","top":"0","right":"0","bottom":"0","left":"0","isLinked":false}},"elements":[{"id":"3255bc09","settings":{"image":{"url":"","id":""},"title_text":"Vickerman ","description_text":"Pre-lit Alaskan Pine ","position":"left","image_space":{"unit":"px","size":""},"image_size":{"unit":"%","size":""},"text_align":"left","content_vertical_alignment":"bottom","title_bottom_space":{"unit":"px","size":5},"title_color":"rgba(255,255,255,0.84)","title_typography_typography":"custom","title_typography_font_family":"Ubuntu","title_typography_font_size":{"unit":"px","size":16},"title_typography_font_weight":"500","title_typography_line_height":{"unit":"em","size":1},"title_typography_letter_spacing":{"unit":"px","size":-0.2},"description_color":"#ffffff","description_typography_typography":"custom","description_typography_font_family":"Ubuntu","description_typography_font_size":{"unit":"px","size":14},"description_typography_font_weight":"100","description_typography_letter_spacing":{"unit":"px","size":-0.2},"_padding":{"unit":"px","top":"15","right":"15","bottom":"5","left":"15","isLinked":false},"_background_color":"rgba(0,53,44,0.95)","_border_radius":{"unit":"px","top":"10","right":"10","bottom":"0","left":"0","isLinked":false},"_background_background":"classic","description_typography_font_size_tablet":{"unit":"px","size":13},"image_space_tablet":{"unit":"px","size":0},"image_size_tablet":{"unit":"%","size":5},"title_bottom_space_tablet":{"unit":"px","size":10}},"elements":[],"isInner":false,"widgetType":"image-box","elType":"widget"},{"id":"f3100a9","settings":{"title":"$599","header_size":"h3","align":"right","title_color":"#ffffff","typography_typography":"custom","typography_font_family":"Ubuntu","typography_font_size":{"unit":"px","size":37},"typography_font_weight":"100","typography_letter_spacing":{"unit":"px","size":-3},"_margin":{"unit":"px","top":"-48","right":"0","bottom":"0","left":"0","isLinked":false},"_padding":{"unit":"px","top":"0","right":"15","bottom":"0","left":"0","isLinked":false},"typography_font_size_tablet":{"unit":"px","size":27},"_margin_tablet":{"unit":"px","top":"-56","right":"0","bottom":"0","left":"0","isLinked":false},"_margin_mobile":{"unit":"px","top":"-40","right":"0","bottom":"0","left":"0","isLinked":false}},"elements":[],"isInner":false,"widgetType":"heading","elType":"widget"},{"id":"1874f82","settings":{"image":{"id":"1318","url":"http:\/\/localhost\/test\/wp-content\/uploads\/2018\/09\/t1-2.png"},"space":{"unit":"%","size":57},"_padding":{"unit":"px","top":"40","right":"0","bottom":"0","left":"0","isLinked":false},"_background_background":"classic","_background_color":"rgba(255,255,255,0)","_box_shadow_box_shadow":{"horizontal":0,"vertical":100,"blur":100,"spread":-42,"color":"rgba(0,0,0,0.1)"},"_box_shadow_box_shadow_position":"inset"},"elements":[],"isInner":false,"widgetType":"image","elType":"widget"},{"id":"3e74e502","settings":{"text":"shop now","align":"center","typography_typography":"custom","typography_font_family":"Ubuntu","typography_font_size":{"unit":"px","size":18},"typography_font_weight":"100","typography_text_transform":"uppercase","typography_letter_spacing":{"unit":"px","size":0.2},"button_text_color":"#ffffff","background_color":"#f70000","hover_color":"#ffffff","button_background_hover_color":"#ff1000","hover_animation":"grow","border_width":{"unit":"px","top":"1","right":"1","bottom":"1","left":"1","isLinked":true},"border_color":"#f70000","border_radius":{"unit":"px","top":"60","right":"60","bottom":"60","left":"60","isLinked":true},"button_box_shadow_box_shadow":{"horizontal":0,"vertical":0,"blur":34,"spread":-11,"color":"#00352c"},"button_box_shadow_box_shadow_position":"inset","text_padding":{"unit":"px","top":"13","right":"30","bottom":"13","left":"30","isLinked":false},"_padding":{"unit":"px","top":"20","right":"0","bottom":"20","left":"0","isLinked":false},"_background_background":"classic","_border_radius":{"unit":"px","top":"0","right":"0","bottom":"10","left":"10","isLinked":false},"typography_font_size_tablet":{"unit":"px","size":15}},"elements":[],"isInner":false,"widgetType":"button","elType":"widget"}],"isInner":true,"elType":"column"},{"id":"3c98b3a7","settings":{"_column_size":33,"_inline_size":null,"space_between_widgets":0,"background_background":"classic","background_color":"#ffffff","border_radius":{"unit":"px","top":"10","right":"10","bottom":"10","left":"10","isLinked":true},"box_shadow_box_shadow_type":"yes","box_shadow_box_shadow":{"horizontal":0,"vertical":0,"blur":40,"spread":0,"color":"rgba(0,0,0,0.05)"},"margin":{"unit":"px","top":"0","right":"15","bottom":"0","left":"15","isLinked":false},"margin_mobile":{"unit":"px","top":"30","right":"0","bottom":"0","left":"0","isLinked":false},"padding":{"unit":"px","top":"0","right":"0","bottom":"10","left":"0","isLinked":false},"margin_tablet":{"unit":"px","top":"0","right":"5","bottom":"0","left":"5","isLinked":false}},"elements":[{"id":"3c125469","settings":{"image":{"url":"","id":""},"title_text":"Hayden Pine ","description_text":"Holiday Living 4.5-ft Pre-lit ","position":"left","image_space":{"unit":"px","size":""},"image_size":{"unit":"%","size":""},"text_align":"left","content_vertical_alignment":"bottom","title_bottom_space":{"unit":"px","size":5},"title_color":"rgba(255,255,255,0.84)","title_typography_typography":"custom","title_typography_font_family":"Ubuntu","title_typography_font_size":{"unit":"px","size":16},"title_typography_font_weight":"500","title_typography_line_height":{"unit":"em","size":1},"title_typography_letter_spacing":{"unit":"px","size":-0.2},"description_color":"#ffffff","description_typography_typography":"custom","description_typography_font_family":"Ubuntu","description_typography_font_size":{"unit":"px","size":14},"description_typography_font_weight":"100","description_typography_letter_spacing":{"unit":"px","size":-0.2},"_padding":{"unit":"px","top":"15","right":"15","bottom":"5","left":"15","isLinked":false},"_background_color":"rgba(0,53,44,0.95)","_border_radius":{"unit":"px","top":"10","right":"10","bottom":"0","left":"0","isLinked":false},"_background_background":"classic","description_typography_font_size_tablet":{"unit":"px","size":13},"title_bottom_space_tablet":{"unit":"px","size":10}},"elements":[],"isInner":false,"widgetType":"image-box","elType":"widget"},{"id":"31235fc7","settings":{"title":"$430","header_size":"h3","align":"right","title_color":"#ffffff","typography_typography":"custom","typography_font_family":"Ubuntu","typography_font_size":{"unit":"px","size":37},"typography_font_weight":"100","typography_letter_spacing":{"unit":"px","size":-3},"_margin":{"unit":"px","top":"-48","right":"0","bottom":"0","left":"0","isLinked":false},"_padding":{"unit":"px","top":"0","right":"15","bottom":"0","left":"0","isLinked":false},"typography_font_size_tablet":{"unit":"px","size":27},"_margin_tablet":{"unit":"px","top":"-56","right":"0","bottom":"0","left":"0","isLinked":false},"_margin_mobile":{"unit":"px","top":"-40","right":"0","bottom":"0","left":"0","isLinked":false}},"elements":[],"isInner":false,"widgetType":"heading","elType":"widget"},{"id":"18a38600","settings":{"image":{"id":"1319","url":"http:\/\/localhost\/test\/wp-content\/uploads\/2018\/09\/t8-1.png"},"space":{"unit":"%","size":57},"_padding":{"unit":"px","top":"40","right":"0","bottom":"0","left":"0","isLinked":false},"_background_background":"classic","_background_color":"rgba(255,255,255,0)","_box_shadow_box_shadow":{"horizontal":0,"vertical":100,"blur":100,"spread":-42,"color":"rgba(0,0,0,0.1)"},"_box_shadow_box_shadow_position":"inset"},"elements":[],"isInner":false,"widgetType":"image","elType":"widget"},{"id":"3441e796","settings":{"text":"shop now","align":"center","typography_typography":"custom","typography_font_family":"Ubuntu","typography_font_size":{"unit":"px","size":18},"typography_font_weight":"100","typography_text_transform":"uppercase","typography_letter_spacing":{"unit":"px","size":0.2},"button_text_color":"#ffffff","background_color":"#f70000","hover_color":"#ffffff","button_background_hover_color":"#ff1000","hover_animation":"grow","border_width":{"unit":"px","top":"1","right":"1","bottom":"1","left":"1","isLinked":true},"border_color":"#f70000","border_radius":{"unit":"px","top":"60","right":"60","bottom":"60","left":"60","isLinked":true},"button_box_shadow_box_shadow":{"horizontal":0,"vertical":0,"blur":34,"spread":-11,"color":"#00352c"},"button_box_shadow_box_shadow_position":"inset","text_padding":{"unit":"px","top":"13","right":"30","bottom":"13","left":"30","isLinked":false},"_padding":{"unit":"px","top":"20","right":"0","bottom":"20","left":"0","isLinked":false},"_background_background":"classic","_border_radius":{"unit":"px","top":"0","right":"0","bottom":"10","left":"10","isLinked":false},"typography_font_size_tablet":{"unit":"px","size":15}},"elements":[],"isInner":false,"widgetType":"button","elType":"widget"}],"isInner":true,"elType":"column"},{"id":"5c880f5d","settings":{"_column_size":33,"_inline_size":null,"space_between_widgets":0,"background_background":"classic","background_color":"#ffffff","border_radius":{"unit":"px","top":"10","right":"10","bottom":"10","left":"10","isLinked":true},"box_shadow_box_shadow_type":"yes","box_shadow_box_shadow":{"horizontal":0,"vertical":0,"blur":40,"spread":0,"color":"rgba(0,0,0,0.05)"},"margin":{"unit":"px","top":"0","right":"0","bottom":"0","left":"30","isLinked":false},"margin_mobile":{"unit":"px","top":"30","right":"0","bottom":"0","left":"0","isLinked":false},"padding":{"unit":"px","top":"0","right":"0","bottom":"10","left":"0","isLinked":false},"margin_tablet":{"unit":"px","top":"0","right":"0","bottom":"0","left":"10","isLinked":false}},"elements":[{"id":"3904025e","settings":{"image":{"url":"","id":""},"title_text":"Oakmont","description_text":"Spruce Artificial Christmas Tree ","position":"left","image_space":{"unit":"px","size":""},"image_size":{"unit":"%","size":""},"text_align":"left","content_vertical_alignment":"bottom","title_bottom_space":{"unit":"px","size":5},"title_color":"rgba(255,255,255,0.84)","title_typography_typography":"custom","title_typography_font_family":"Ubuntu","title_typography_font_size":{"unit":"px","size":16},"title_typography_font_weight":"500","title_typography_line_height":{"unit":"em","size":1},"title_typography_letter_spacing":{"unit":"px","size":-0.2},"description_color":"#ffffff","description_typography_typography":"custom","description_typography_font_family":"Ubuntu","description_typography_font_size":{"unit":"px","size":14},"description_typography_font_weight":"100","description_typography_letter_spacing":{"unit":"px","size":-0.2},"_padding":{"unit":"px","top":"15","right":"15","bottom":"5","left":"15","isLinked":false},"_background_color":"rgba(0,53,44,0.95)","_border_radius":{"unit":"px","top":"10","right":"10","bottom":"0","left":"0","isLinked":false},"_background_background":"classic","description_typography_font_size_tablet":{"unit":"px","size":13},"title_bottom_space_tablet":{"unit":"px","size":10}},"elements":[],"isInner":false,"widgetType":"image-box","elType":"widget"},{"id":"12e98499","settings":{"title":"$235","header_size":"h3","align":"right","title_color":"#ffffff","typography_typography":"custom","typography_font_family":"Ubuntu","typography_font_size":{"unit":"px","size":37},"typography_font_weight":"100","typography_letter_spacing":{"unit":"px","size":-3},"_margin":{"unit":"px","top":"-48","right":"0","bottom":"0","left":"0","isLinked":false},"_padding":{"unit":"px","top":"0","right":"15","bottom":"0","left":"0","isLinked":false},"align_tablet":"right","typography_font_size_tablet":{"unit":"px","size":27},"_margin_tablet":{"unit":"px","top":"-56","right":"0","bottom":"0","left":"0","isLinked":false},"_margin_mobile":{"unit":"px","top":"-40","right":"0","bottom":"0","left":"0","isLinked":false}},"elements":[],"isInner":false,"widgetType":"heading","elType":"widget"},{"id":"74d47bba","settings":{"image":{"id":"1320","url":"http:\/\/localhost\/test\/wp-content\/uploads\/2018\/09\/t6-1.png"},"space":{"unit":"%","size":57},"_padding":{"unit":"px","top":"40","right":"0","bottom":"0","left":"0","isLinked":false},"_background_background":"classic","_background_color":"rgba(255,255,255,0)","_box_shadow_box_shadow":{"horizontal":0,"vertical":100,"blur":100,"spread":-42,"color":"rgba(0,0,0,0.1)"},"_box_shadow_box_shadow_position":"inset"},"elements":[],"isInner":false,"widgetType":"image","elType":"widget"},{"id":"1825393c","settings":{"text":"shop now","align":"center","typography_typography":"custom","typography_font_family":"Ubuntu","typography_font_size":{"unit":"px","size":18},"typography_font_weight":"100","typography_text_transform":"uppercase","typography_letter_spacing":{"unit":"px","size":0.2},"button_text_color":"#ffffff","background_color":"#f70000","hover_color":"#ffffff","button_background_hover_color":"#ff1000","hover_animation":"grow","border_width":{"unit":"px","top":"1","right":"1","bottom":"1","left":"1","isLinked":true},"border_color":"#f70000","border_radius":{"unit":"px","top":"60","right":"60","bottom":"60","left":"60","isLinked":true},"button_box_shadow_box_shadow":{"horizontal":0,"vertical":0,"blur":34,"spread":-11,"color":"#00352c"},"button_box_shadow_box_shadow_position":"inset","text_padding":{"unit":"px","top":"13","right":"30","bottom":"13","left":"30","isLinked":false},"_padding":{"unit":"px","top":"20","right":"0","bottom":"20","left":"0","isLinked":false},"_background_background":"classic","_border_radius":{"unit":"px","top":"0","right":"0","bottom":"10","left":"10","isLinked":false},"typography_font_size_tablet":{"unit":"px","size":15}},"elements":[],"isInner":false,"widgetType":"button","elType":"widget"}],"isInner":true,"elType":"column"}],"isInner":true,"elType":"section"},{"id":"5ba8d60","settings":{"gap":"no","structure":"30","padding":{"unit":"px","top":"50","right":"0","bottom":"0","left":"0","isLinked":false},"content_width":{"unit":"px","size":1000},"custom_height_inner":{"unit":"px","size":0},"margin_mobile":{"unit":"px","top":"","right":0,"bottom":"","left":0,"isLinked":true},"padding_mobile":{"unit":"px","top":"30","right":"30","bottom":"0","left":"30","isLinked":false},"padding_tablet":{"unit":"px","top":"30","right":"15","bottom":"0","left":"15","isLinked":false}},"elements":[{"id":"1fab761b","settings":{"_column_size":33,"_inline_size":null,"space_between_widgets":0,"background_background":"classic","background_color":"#ffffff","border_radius":{"unit":"px","top":"10","right":"10","bottom":"10","left":"10","isLinked":true},"box_shadow_box_shadow_type":"yes","box_shadow_box_shadow":{"horizontal":0,"vertical":0,"blur":40,"spread":0,"color":"rgba(0,0,0,0.05)"},"margin":{"unit":"px","top":"0","right":"30","bottom":"0","left":"0","isLinked":false},"margin_mobile":{"unit":"px","top":"0","right":"0","bottom":"0","left":"0","isLinked":true},"padding":{"unit":"px","top":"0","right":"0","bottom":"10","left":"0","isLinked":false},"margin_tablet":{"unit":"px","top":"0","right":"10","bottom":"0","left":"0","isLinked":false}},"elements":[{"id":"2963529f","settings":{"image":{"url":"","id":""},"title_text":"Lawndale","description_text":"819-Count Pre-Lit  Full Artificial ","position":"left","image_space":{"unit":"px","size":""},"image_size":{"unit":"%","size":""},"text_align":"left","content_vertical_alignment":"bottom","title_bottom_space":{"unit":"px","size":5},"title_color":"rgba(255,255,255,0.84)","title_typography_typography":"custom","title_typography_font_family":"Ubuntu","title_typography_font_size":{"unit":"px","size":16},"title_typography_font_weight":"500","title_typography_line_height":{"unit":"em","size":1},"title_typography_letter_spacing":{"unit":"px","size":-0.2},"description_color":"#ffffff","description_typography_typography":"custom","description_typography_font_family":"Ubuntu","description_typography_font_size":{"unit":"px","size":14},"description_typography_font_weight":"100","description_typography_letter_spacing":{"unit":"px","size":-0.2},"_padding":{"unit":"px","top":"15","right":"15","bottom":"5","left":"15","isLinked":false},"_background_color":"rgba(0,53,44,0.95)","_border_radius":{"unit":"px","top":"10","right":"10","bottom":"0","left":"0","isLinked":false},"_background_background":"classic","description_typography_font_size_tablet":{"unit":"px","size":13},"title_bottom_space_tablet":{"unit":"px","size":10}},"elements":[],"isInner":false,"widgetType":"image-box","elType":"widget"},{"id":"667f84fd","settings":{"title":"$345","header_size":"h3","align":"right","title_color":"#ffffff","typography_typography":"custom","typography_font_family":"Ubuntu","typography_font_size":{"unit":"px","size":37},"typography_font_weight":"100","typography_letter_spacing":{"unit":"px","size":-3},"_margin":{"unit":"px","top":"-48","right":"0","bottom":"0","left":"0","isLinked":false},"_padding":{"unit":"px","top":"0","right":"15","bottom":"0","left":"0","isLinked":false},"typography_font_size_tablet":{"unit":"px","size":27},"_margin_tablet":{"unit":"px","top":"-56","right":"0","bottom":"0","left":"0","isLinked":false},"_margin_mobile":{"unit":"px","top":"-40","right":"0","bottom":"0","left":"0","isLinked":false}},"elements":[],"isInner":false,"widgetType":"heading","elType":"widget"},{"id":"4273de56","settings":{"image":{"id":"1321","url":"http:\/\/localhost\/test\/wp-content\/uploads\/2018\/09\/t4-2.png"},"space":{"unit":"%","size":57},"_padding":{"unit":"px","top":"40","right":"0","bottom":"0","left":"0","isLinked":false},"_background_background":"classic","_background_color":"rgba(255,255,255,0)","_box_shadow_box_shadow":{"horizontal":0,"vertical":100,"blur":100,"spread":-42,"color":"rgba(0,0,0,0.1)"},"_box_shadow_box_shadow_position":"inset"},"elements":[],"isInner":false,"widgetType":"image","elType":"widget"},{"id":"18e7b7a7","settings":{"text":"shop now","align":"center","typography_typography":"custom","typography_font_family":"Ubuntu","typography_font_size":{"unit":"px","size":18},"typography_font_weight":"100","typography_text_transform":"uppercase","typography_letter_spacing":{"unit":"px","size":0.2},"button_text_color":"#ffffff","background_color":"#f70000","hover_color":"#ffffff","button_background_hover_color":"#ff1000","hover_animation":"grow","border_width":{"unit":"px","top":"1","right":"1","bottom":"1","left":"1","isLinked":true},"border_color":"#f70000","border_radius":{"unit":"px","top":"60","right":"60","bottom":"60","left":"60","isLinked":true},"button_box_shadow_box_shadow":{"horizontal":0,"vertical":0,"blur":34,"spread":-11,"color":"#00352c"},"button_box_shadow_box_shadow_position":"inset","text_padding":{"unit":"px","top":"13","right":"30","bottom":"13","left":"30","isLinked":false},"_padding":{"unit":"px","top":"20","right":"0","bottom":"20","left":"0","isLinked":false},"_background_background":"classic","_border_radius":{"unit":"px","top":"0","right":"0","bottom":"10","left":"10","isLinked":false},"typography_font_size_tablet":{"unit":"px","size":15}},"elements":[],"isInner":false,"widgetType":"button","elType":"widget"}],"isInner":true,"elType":"column"},{"id":"2bbd6d66","settings":{"_column_size":33,"_inline_size":null,"space_between_widgets":0,"background_background":"classic","background_color":"#ffffff","border_radius":{"unit":"px","top":"10","right":"10","bottom":"10","left":"10","isLinked":true},"box_shadow_box_shadow_type":"yes","box_shadow_box_shadow":{"horizontal":0,"vertical":0,"blur":40,"spread":0,"color":"rgba(0,0,0,0.05)"},"margin":{"unit":"px","top":"0","right":"15","bottom":"0","left":"15","isLinked":false},"margin_mobile":{"unit":"px","top":"30","right":"0","bottom":"0","left":"0","isLinked":false},"padding":{"unit":"px","top":"0","right":"0","bottom":"10","left":"0","isLinked":false},"margin_tablet":{"unit":"px","top":"0","right":"5","bottom":"0","left":"5","isLinked":false}},"elements":[{"id":"707a5b16","settings":{"image":{"url":"","id":""},"title_text":"Colorado","description_text":"Spruce Artificial Christmas Tree ","position":"left","image_space":{"unit":"px","size":""},"image_size":{"unit":"%","size":""},"text_align":"left","content_vertical_alignment":"bottom","title_bottom_space":{"unit":"px","size":5},"title_color":"rgba(255,255,255,0.84)","title_typography_typography":"custom","title_typography_font_family":"Ubuntu","title_typography_font_size":{"unit":"px","size":16},"title_typography_font_weight":"500","title_typography_line_height":{"unit":"em","size":1},"title_typography_letter_spacing":{"unit":"px","size":-0.2},"description_color":"#ffffff","description_typography_typography":"custom","description_typography_font_family":"Ubuntu","description_typography_font_size":{"unit":"px","size":14},"description_typography_font_weight":"100","description_typography_letter_spacing":{"unit":"px","size":-0.2},"_padding":{"unit":"px","top":"15","right":"15","bottom":"5","left":"15","isLinked":false},"_background_color":"rgba(0,53,44,0.95)","_border_radius":{"unit":"px","top":"10","right":"10","bottom":"0","left":"0","isLinked":false},"_background_background":"classic","description_typography_font_size_tablet":{"unit":"px","size":13},"title_bottom_space_tablet":{"unit":"px","size":10}},"elements":[],"isInner":false,"widgetType":"image-box","elType":"widget"},{"id":"12b4acfb","settings":{"title":"$620","header_size":"h3","align":"right","title_color":"#ffffff","typography_typography":"custom","typography_font_family":"Ubuntu","typography_font_size":{"unit":"px","size":37},"typography_font_weight":"100","typography_letter_spacing":{"unit":"px","size":-3},"_margin":{"unit":"px","top":"-48","right":"0","bottom":"0","left":"0","isLinked":false},"_padding":{"unit":"px","top":"0","right":"15","bottom":"0","left":"0","isLinked":false},"typography_font_size_tablet":{"unit":"px","size":27},"_margin_tablet":{"unit":"px","top":"-56","right":"0","bottom":"0","left":"0","isLinked":false},"_margin_mobile":{"unit":"px","top":"-40","right":"0","bottom":"0","left":"0","isLinked":false}},"elements":[],"isInner":false,"widgetType":"heading","elType":"widget"},{"id":"6e5ab428","settings":{"image":{"id":"1322","url":"http:\/\/localhost\/test\/wp-content\/uploads\/2018\/09\/t2-2.png"},"space":{"unit":"%","size":57},"_padding":{"unit":"px","top":"40","right":"0","bottom":"0","left":"0","isLinked":false},"_background_background":"classic","_background_color":"rgba(255,255,255,0)","_box_shadow_box_shadow":{"horizontal":0,"vertical":100,"blur":100,"spread":-42,"color":"rgba(0,0,0,0.1)"},"_box_shadow_box_shadow_position":"inset"},"elements":[],"isInner":false,"widgetType":"image","elType":"widget"},{"id":"4e25bad6","settings":{"text":"shop now","align":"center","typography_typography":"custom","typography_font_family":"Ubuntu","typography_font_size":{"unit":"px","size":18},"typography_font_weight":"100","typography_text_transform":"uppercase","typography_letter_spacing":{"unit":"px","size":0.2},"button_text_color":"#ffffff","background_color":"#f70000","hover_color":"#ffffff","button_background_hover_color":"#ff1000","hover_animation":"grow","border_width":{"unit":"px","top":"1","right":"1","bottom":"1","left":"1","isLinked":true},"border_color":"#f70000","border_radius":{"unit":"px","top":"60","right":"60","bottom":"60","left":"60","isLinked":true},"button_box_shadow_box_shadow":{"horizontal":0,"vertical":0,"blur":34,"spread":-11,"color":"#00352c"},"button_box_shadow_box_shadow_position":"inset","text_padding":{"unit":"px","top":"13","right":"30","bottom":"13","left":"30","isLinked":false},"_padding":{"unit":"px","top":"20","right":"0","bottom":"20","left":"0","isLinked":false},"_background_background":"classic","_border_radius":{"unit":"px","top":"0","right":"0","bottom":"10","left":"10","isLinked":false},"typography_font_size_tablet":{"unit":"px","size":15}},"elements":[],"isInner":false,"widgetType":"button","elType":"widget"}],"isInner":true,"elType":"column"},{"id":"1e0cf35a","settings":{"_column_size":33,"_inline_size":null,"space_between_widgets":0,"background_background":"classic","background_color":"#ffffff","border_radius":{"unit":"px","top":"10","right":"10","bottom":"10","left":"10","isLinked":true},"box_shadow_box_shadow_type":"yes","box_shadow_box_shadow":{"horizontal":0,"vertical":0,"blur":40,"spread":0,"color":"rgba(0,0,0,0.05)"},"margin":{"unit":"px","top":"0","right":"0","bottom":"0","left":"30","isLinked":false},"margin_mobile":{"unit":"px","top":"30","right":"0","bottom":"0","left":"0","isLinked":false},"padding":{"unit":"px","top":"0","right":"0","bottom":"10","left":"0","isLinked":false},"margin_tablet":{"unit":"px","top":"0","right":"0","bottom":"0","left":"10","isLinked":false}},"elements":[{"id":"a79da0c","settings":{"image":{"url":"","id":""},"title_text":"Aspen","description_text":"Color Changing Warm White \n","position":"left","image_space":{"unit":"px","size":""},"image_size":{"unit":"%","size":""},"text_align":"left","content_vertical_alignment":"bottom","title_bottom_space":{"unit":"px","size":5},"title_color":"rgba(255,255,255,0.84)","title_typography_typography":"custom","title_typography_font_family":"Ubuntu","title_typography_font_size":{"unit":"px","size":16},"title_typography_font_weight":"500","title_typography_line_height":{"unit":"em","size":1},"title_typography_letter_spacing":{"unit":"px","size":-0.2},"description_color":"#ffffff","description_typography_typography":"custom","description_typography_font_family":"Ubuntu","description_typography_font_size":{"unit":"px","size":14},"description_typography_font_weight":"100","description_typography_letter_spacing":{"unit":"px","size":-0.2},"_padding":{"unit":"px","top":"15","right":"15","bottom":"5","left":"15","isLinked":false},"_background_color":"rgba(0,53,44,0.95)","_border_radius":{"unit":"px","top":"10","right":"10","bottom":"0","left":"0","isLinked":false},"_background_background":"classic","description_typography_font_size_tablet":{"unit":"px","size":13},"title_bottom_space_tablet":{"unit":"px","size":10}},"elements":[],"isInner":false,"widgetType":"image-box","elType":"widget"},{"id":"23b0a6c4","settings":{"title":"$280","header_size":"h3","align":"right","title_color":"#ffffff","typography_typography":"custom","typography_font_family":"Ubuntu","typography_font_size":{"unit":"px","size":37},"typography_font_weight":"100","typography_letter_spacing":{"unit":"px","size":-3},"_margin":{"unit":"px","top":"-48","right":"0","bottom":"0","left":"0","isLinked":false},"_padding":{"unit":"px","top":"0","right":"15","bottom":"0","left":"0","isLinked":false},"typography_font_size_tablet":{"unit":"px","size":27},"_margin_tablet":{"unit":"px","top":"-56","right":"0","bottom":"0","left":"0","isLinked":false},"_margin_mobile":{"unit":"px","top":"-40","right":"0","bottom":"0","left":"0","isLinked":false}},"elements":[],"isInner":false,"widgetType":"heading","elType":"widget"},{"id":"745e463b","settings":{"image":{"id":"1323","url":"http:\/\/localhost\/test\/wp-content\/uploads\/2018\/09\/t5-1.png"},"space":{"unit":"%","size":57},"_padding":{"unit":"px","top":"40","right":"0","bottom":"0","left":"0","isLinked":false},"_background_background":"classic","_background_color":"rgba(255,255,255,0)","_box_shadow_box_shadow":{"horizontal":0,"vertical":100,"blur":100,"spread":-42,"color":"rgba(0,0,0,0.1)"},"_box_shadow_box_shadow_position":"inset"},"elements":[],"isInner":false,"widgetType":"image","elType":"widget"},{"id":"53c82fb6","settings":{"text":"shop now","align":"center","typography_typography":"custom","typography_font_family":"Ubuntu","typography_font_size":{"unit":"px","size":18},"typography_font_weight":"100","typography_text_transform":"uppercase","typography_letter_spacing":{"unit":"px","size":0.2},"button_text_color":"#ffffff","background_color":"#f70000","hover_color":"#ffffff","button_background_hover_color":"#ff1000","hover_animation":"grow","border_width":{"unit":"px","top":"1","right":"1","bottom":"1","left":"1","isLinked":true},"border_color":"#f70000","border_radius":{"unit":"px","top":"60","right":"60","bottom":"60","left":"60","isLinked":true},"button_box_shadow_box_shadow":{"horizontal":0,"vertical":0,"blur":34,"spread":-11,"color":"#00352c"},"button_box_shadow_box_shadow_position":"inset","text_padding":{"unit":"px","top":"13","right":"30","bottom":"13","left":"30","isLinked":false},"_padding":{"unit":"px","top":"20","right":"0","bottom":"20","left":"0","isLinked":false},"_background_background":"classic","_border_radius":{"unit":"px","top":"0","right":"0","bottom":"10","left":"10","isLinked":false},"typography_font_size_tablet":{"unit":"px","size":15}},"elements":[],"isInner":false,"widgetType":"button","elType":"widget"}],"isInner":true,"elType":"column"}],"isInner":true,"elType":"section"}],"isInner":false,"elType":"column"}],"isInner":false,"elType":"section"},{"id":"70ea541a","settings":{"gap":"wider","height":"min-height","custom_height":{"unit":"px","size":500},"content_position":"middle","structure":"20","background_background":"classic","background_color":"#ffffff","background_color_b":"rgba(242,41,91,0)","background_position":"center center","background_size":"cover","background_overlay_background":"gradient","background_overlay_color":"#ffffff","background_overlay_color_b":"rgba(255,255,255,0.93)","background_overlay_color_b_stop":{"unit":"%","size":56},"background_overlay_position":"center center","background_overlay_size":"cover","background_overlay_opacity":{"unit":"px","size":1},"padding":{"unit":"px","top":"0","right":"0","bottom":"0","left":"0","isLinked":false},"column_position":"bottom","margin_mobile":{"unit":"px","top":"0","right":0,"bottom":"0","left":0,"isLinked":true},"padding_mobile":{"unit":"px","top":"50","right":"25","bottom":"0","left":"25","isLinked":false},"reverse_order_mobile":"reverse-mobile","custom_height_tablet":{"unit":"px","size":380},"margin_tablet":{"unit":"px","top":"","right":0,"bottom":"","left":0,"isLinked":true},"padding_tablet":{"unit":"px","top":"0","right":"0","bottom":"0","left":"0","isLinked":true}},"elements":[{"id":"535b3fef","settings":{"_column_size":50,"_inline_size":50.263,"border_width":{"unit":"px","top":"8","right":"8","bottom":"8","left":"8","isLinked":true},"border_color":"#00352c","border_radius":{"unit":"px","top":"0","right":"0","bottom":"0","left":"0","isLinked":false},"box_shadow_box_shadow":{"horizontal":7,"vertical":7,"blur":0,"spread":-1,"color":"rgba(0,53,44,0.3)"},"margin":{"unit":"px","top":"0","right":"50","bottom":"0","left":"0","isLinked":false},"padding":{"unit":"px","top":"0","right":"0","bottom":"0","left":"20","isLinked":false},"content_position":"bottom","margin_tablet":{"unit":"px","top":"0","right":"0","bottom":"0","left":"0","isLinked":false},"padding_mobile":{"unit":"px","top":"50","right":"0","bottom":"0","left":"0","isLinked":false},"padding_tablet":{"unit":"px","top":"0","right":"0","bottom":"0","left":"0","isLinked":true}},"elements":[{"id":"9bbc714","settings":{"image":{"id":"1325","url":"http:\/\/localhost\/test\/wp-content\/uploads\/2018\/09\/santa2-1.png"},"_margin":{"unit":"px","top":"-200","right":"0","bottom":"0","left":"0","isLinked":false},"_margin_mobile":{"unit":"px","top":"0","right":"0","bottom":"0","left":"0","isLinked":true},"_padding_mobile":{"unit":"px","top":"0","right":"0","bottom":"0","left":"0","isLinked":true},"space_tablet":{"unit":"%","size":100},"_margin_tablet":{"unit":"px","top":"-85","right":"0","bottom":"0","left":"0","isLinked":false}},"elements":[],"isInner":false,"widgetType":"image","elType":"widget"}],"isInner":false,"elType":"column"},{"id":"77144ed8","settings":{"_column_size":50,"_inline_size":49.737,"content_position":"top","padding_mobile":{"unit":"px","top":"0","right":"0","bottom":"0","left":"0","isLinked":true},"padding_tablet":{"unit":"px","top":"60","right":"20","bottom":"30","left":"0","isLinked":false}},"elements":[{"id":"7846802f","settings":{"title":"deal of the day","header_size":"h4","title_color":"#383838","typography_typography":"custom","typography_font_size":{"unit":"px","size":51},"typography_font_weight":"300","typography_text_transform":"capitalize","typography_letter_spacing":{"unit":"px","size":0},"_margin":{"unit":"px","top":"0","right":"0","bottom":"40","left":"0","isLinked":false},"typography_font_size_mobile":{"unit":"px","size":32},"align_mobile":"center","typography_font_size_tablet":{"unit":"px","size":38},"_margin_tablet":{"unit":"px","top":"0","right":"0","bottom":"0","left":"0","isLinked":true},"typography_font_family":"Ubuntu"},"elements":[],"isInner":false,"widgetType":"heading","elType":"widget"},{"id":"40f35972","settings":{"editor":"<div id=\"featured\" class=\"clearfix\"><div class=\"right\"><p>This is your chance to enjoy Jasper's Alpine Christmas Tree at a very special price. This tree is a great choice for a confined space and can be decorated in several interesting ways.<\/p><\/div><\/div>","align":"left","text_color":"rgba(0,0,0,0.63)","typography_typography":"custom","typography_font_family":"Ubuntu","typography_font_size":{"unit":"px","size":16},"typography_font_weight":"400","typography_line_height":{"unit":"em","size":2},"_margin":{"unit":"px","top":"0","right":"0","bottom":"0","left":"0","isLinked":false},"align_mobile":"center","_margin_tablet":{"unit":"px","top":"0","right":"0","bottom":"0","left":"0","isLinked":false},"_padding_tablet":{"unit":"px","top":"0","right":"0","bottom":"0","left":"0","isLinked":false}},"elements":[],"isInner":false,"widgetType":"text-editor","elType":"widget"},{"id":"7e75d696","settings":{"gap":"no","structure":"20","margin":{"unit":"px","top":"40","right":0,"bottom":"0","left":0,"isLinked":false},"margin_tablet":{"unit":"px","top":"0","right":0,"bottom":"0","left":0,"isLinked":false},"padding_mobile":{"unit":"px","top":"0","right":"0","bottom":"0","left":"0","isLinked":true}},"elements":[{"id":"5d9d2647","settings":{"_column_size":50,"_inline_size":28.909,"_inline_size_mobile":100,"_inline_size_tablet":35,"content_position":"center"},"elements":[{"id":"5c94f2ee","settings":{"title":"$53.99","header_size":"h4","align":"left","title_color":"rgba(0,17,5,0.95)","typography_typography":"custom","typography_font_size":{"unit":"px","size":35},"typography_font_weight":"900","typography_text_transform":"uppercase","typography_letter_spacing":{"unit":"px","size":-1.6},"_margin":{"unit":"px","top":"0","right":"0","bottom":"0","left":"0","isLinked":false},"align_mobile":"center","_margin_mobile":{"unit":"px","top":"0","right":"0","bottom":"0","left":"0","isLinked":false},"typography_line_height_tablet":{"unit":"px","size":45},"typography_font_family":"Ubuntu"},"elements":[],"isInner":false,"widgetType":"heading","elType":"widget"}],"isInner":true,"elType":"column"},{"id":"359d2d21","settings":{"_column_size":50,"_inline_size":85.784,"_inline_size_mobile":100,"_inline_size_tablet":50,"content_position":"center","margin_mobile":{"unit":"px","top":"0","right":"0","bottom":"0","left":"0","isLinked":true},"padding_mobile":{"unit":"px","top":"0","right":"0","bottom":"0","left":"0","isLinked":true}},"elements":[{"id":"3e672dbb","settings":{"text":"buy now","align":"left","typography_typography":"custom","typography_font_family":"Ubuntu","typography_font_size":{"unit":"px","size":18},"typography_font_weight":"100","typography_text_transform":"uppercase","typography_letter_spacing":{"unit":"px","size":2.2},"button_text_color":"#ffffff","background_color":"#f70000","hover_color":"#ffffff","button_background_hover_color":"#ff1000","hover_animation":"grow","border_width":{"unit":"px","top":"1","right":"1","bottom":"1","left":"1","isLinked":true},"border_color":"#f70000","border_radius":{"unit":"px","top":"60","right":"60","bottom":"60","left":"60","isLinked":true},"button_box_shadow_box_shadow":{"horizontal":0,"vertical":0,"blur":34,"spread":-11,"color":"#00352c"},"button_box_shadow_box_shadow_position":"inset","text_padding":{"unit":"px","top":"13","right":"25","bottom":"13","left":"25","isLinked":false},"_margin":{"unit":"px","top":"0","right":"0","bottom":"0","left":"0","isLinked":false},"align_mobile":"justify","_padding_mobile":{"unit":"px","top":"30","right":"20","bottom":"0","left":"20","isLinked":false}},"elements":[],"isInner":false,"widgetType":"button","elType":"widget"}],"isInner":true,"elType":"column"}],"isInner":true,"elType":"section"}],"isInner":false,"elType":"column"}],"isInner":false,"elType":"section"},{"id":"54a745b9","settings":{"custom_height":{"unit":"px","size":0},"background_background":"gradient","background_position":"top center","background_repeat":"no-repeat","background_size":"auto","background_overlay_background":"classic","background_overlay_opacity":{"unit":"px","size":0.04},"padding":{"unit":"px","top":"100","right":"0","bottom":"80","left":"0","isLinked":false},"background_overlay_color_stop":{"unit":"%","size":64},"background_overlay_color_b":"#ffffff","background_overlay_color_b_stop":{"unit":"%","size":90},"background_color":"#ffffff","background_color_b":"#c2ecef","background_overlay_image":{"id":"1260","url":"http:\/\/localhost\/test\/wp-content\/uploads\/2018\/09\/3dBG-2.png"},"background_overlay_position":"bottom center","background_overlay_size":"cover","background_gradient_type":"radial","padding_tablet":{"unit":"px","top":"40","right":"0","bottom":"30","left":"0","isLinked":false},"padding_mobile":{"unit":"px","top":"80","right":"20","bottom":"50","left":"20","isLinked":false}},"elements":[{"id":"7d71d55f","settings":{"_column_size":100,"_inline_size":null,"margin_mobile":{"unit":"px","top":"0","right":"0","bottom":"0","left":"0","isLinked":true},"padding_mobile":{"unit":"px","top":"0","right":"0","bottom":"0","left":"0","isLinked":true}},"elements":[{"id":"41eb32e6","settings":{"title":"clients","header_size":"h4","align":"center","title_color":"#f70000","typography_typography":"custom","typography_font_size":{"unit":"px","size":21},"typography_font_weight":"600","typography_text_transform":"uppercase","typography_letter_spacing":{"unit":"px","size":10},"typography_font_size_mobile":{"unit":"px","size":18},"typography_font_size_tablet":{"unit":"px","size":15},"typography_font_family":"Ubuntu"},"elements":[],"isInner":false,"widgetType":"heading","elType":"widget"},{"id":"1e4b1af","settings":{"title":"Clients say","header_size":"h4","align":"center","title_color":"#383838","typography_typography":"custom","typography_font_size":{"unit":"px","size":51},"typography_font_weight":"300","typography_letter_spacing":{"unit":"px","size":0},"_margin":{"unit":"px","top":"0","right":"0","bottom":"50","left":"0","isLinked":false},"typography_text_transform":"capitalize","align_mobile":"center","typography_font_size_mobile":{"unit":"px","size":40},"typography_font_size_tablet":{"unit":"px","size":38},"_margin_tablet":{"unit":"px","top":"0","right":"0","bottom":"0","left":"0","isLinked":false},"_padding_tablet":{"unit":"px","top":"0","right":"0","bottom":"10","left":"0","isLinked":false},"typography_font_family":"Ubuntu"},"elements":[],"isInner":false,"widgetType":"heading","elType":"widget"},{"id":"716d0259","settings":{"slides":[{"content":"A sunproof save without berries is truly a mountain of bragging swedishes. Some posit the sodden fiber to be less than frothy. The guide is a beach. Brokers are herbaged basins.","name":"Allyson Phillips","title":"Designer","image":{"id":"1326","url":"http:\/\/localhost\/test\/wp-content\/uploads\/2018\/09\/t1-3.png"},"_id":"38a45b9"},{"content":"A sunproof save without berries is truly a mountain of bragging swedishes. Some posit the sodden fiber to be less than frothy. The guide is a beach. Brokers are herbaged basins.","name":"Judith Jenkins","title":"3D Artist","image":{"id":"1327","url":"http:\/\/localhost\/test\/wp-content\/uploads\/2018\/09\/t2-3.png"},"_id":"11bb317"},{"content":"A sunproof save without berries is truly a mountain of bragging swedishes. Some posit the sodden fiber to be less than frothy. The guide is a beach. Brokers are herbaged basins.","name":"Deborah Johnson","title":"Crafter","image":{"id":"1328","url":"http:\/\/localhost\/test\/wp-content\/uploads\/2018\/09\/t3-1.png"},"_id":"d2f19c0"},{"content":"A sunproof save without berries is truly a mountain of bragging swedishes. Some posit the sodden fiber to be less than frothy. The guide is a beach. Brokers are herbaged basins.","name":"Rhonda Bentley","title":"Decorator","image":{"id":"1329","url":"http:\/\/localhost\/test\/wp-content\/uploads\/2018\/09\/t4-3.png"},"_id":"eb5dc59"}],"slides_per_view":"1","slides_to_scroll":"1","width":{"unit":"%","size":86},"space_between":{"unit":"px","size":15},"content_gap":{"unit":"px","size":35},"content_color":"rgba(73,81,87,0.75)","content_typography_typography":"custom","content_typography_font_family":"Ubuntu","content_typography_font_size":{"unit":"px","size":17},"content_typography_font_weight":"400","content_typography_line_height":{"unit":"em","size":2},"name_color":"#383838","name_typography_typography":"custom","name_typography_font_family":"Ubuntu","name_typography_font_size":{"unit":"px","size":17},"name_typography_font_weight":"600","name_typography_line_height":{"unit":"em","size":1.2},"title_color":"#495157","title_typography_typography":"custom","title_typography_font_family":"Ubuntu","title_typography_font_size":{"unit":"px","size":16},"title_typography_font_weight":"100","title_typography_line_height":{"unit":"em","size":1.8},"image_size":{"unit":"px","size":86},"image_border":"yes","image_border_color":"rgba(255,255,255,0.25)","image_border_width":{"unit":"px","size":5},"arrows_size":{"unit":"px","size":25},"arrows_color":"#f70000","pagination_color":"#f70000","background_color":"rgba(255,255,255,0.95)","text_padding":{"unit":"px","top":"40","right":"30","bottom":"40","left":"30","isLinked":false},"border_radius":{"unit":"px","top":"12","right":"12","bottom":"12","left":"12","isLinked":true},"border":"yes","border_color":"rgba(0,0,0,0.07)","border_width":{"unit":"px","size":1},"_margin":{"unit":"px","top":"60","right":"0","bottom":"0","left":"0","isLinked":false},"pagination":"","width_mobile":{"unit":"px","size":316},"content_gap_mobile":{"unit":"px","size":33},"content_typography_font_size_mobile":{"unit":"px","size":15},"image_gap_mobile":{"unit":"px","size":10},"_margin_mobile":{"unit":"px","top":"0","right":"0","bottom":"0","left":"0","isLinked":true},"_padding_mobile":{"unit":"px","top":"0","right":"0","bottom":"0","left":"0","isLinked":true},"_margin_tablet":{"unit":"px","top":"1","right":"1","bottom":"1","left":"1","isLinked":true}},"elements":[],"isInner":false,"widgetType":"testimonial-carousel","elType":"widget"}],"isInner":false,"elType":"column"}],"isInner":false,"elType":"section"},{"id":"5706c708","settings":{"gap":"no","height":"min-height","custom_height":{"unit":"px","size":524},"structure":"20","padding_tablet":{"unit":"px","top":"0","right":"30","bottom":"0","left":"30","isLinked":false},"padding_mobile":{"unit":"px","top":"20","right":"20","bottom":"60","left":"20","isLinked":false}},"elements":[{"id":"61c0bf1f","settings":{"_column_size":50,"_inline_size":59.912,"_inline_size_mobile":100,"content_position":"bottom","margin_mobile":{"unit":"px","top":"0","right":"0","bottom":"0","left":"0","isLinked":true},"padding":{"unit":"px","top":"0","right":"50","bottom":"0","left":"0","isLinked":false},"padding_tablet":{"unit":"px","top":"0","right":"40","bottom":"0","left":"0","isLinked":false},"padding_mobile":{"unit":"px","top":"0","right":"0","bottom":"0","left":"0","isLinked":true},"_inline_size_tablet":45},"elements":[{"id":"330f8cdc","settings":{"title":"Contact Us","header_size":"h4","title_color":"#383838","typography_typography":"custom","typography_font_size":{"unit":"px","size":50},"typography_font_weight":"300","typography_text_transform":"capitalize","typography_letter_spacing":{"unit":"px","size":0},"_margin":{"unit":"px","top":"0","right":"0","bottom":"30","left":"0","isLinked":false},"align":"left","align_mobile":"center","typography_font_size_tablet":{"unit":"px","size":38},"typography_font_size_mobile":{"unit":"px","size":40},"_margin_tablet":{"unit":"px","top":"0","right":"0","bottom":"0","left":"0","isLinked":true},"_margin_mobile":{"unit":"px","top":"30","right":"0","bottom":"0","left":"0","isLinked":false},"_padding_tablet":{"unit":"px","top":"0","right":"0","bottom":"0","left":"0","isLinked":true},"_padding_mobile":{"unit":"px","top":"0","right":"0","bottom":"0","left":"0","isLinked":true},"typography_font_family":"Ubuntu"},"elements":[],"isInner":false,"widgetType":"heading","elType":"widget"},{"id":"296f31ec","settings":{"editor":"<p>Lorem ipsum dolor sit amet, consectetur adipiscing elit. Etiam nec laoreet dui. Nunc maximus facilisis pellentesque.<\/p>","align":"left","text_color":"rgba(0,0,0,0.63)","typography_typography":"custom","typography_font_family":"Ubuntu","typography_font_size":{"unit":"px","size":18},"typography_font_weight":"400","typography_line_height":{"unit":"em","size":1.8},"_margin":{"unit":"px","top":"0","right":"0","bottom":"50","left":"0","isLinked":false},"align_mobile":"center","typography_font_size_tablet":{"unit":"px","size":14},"_margin_mobile":{"unit":"px","top":"0","right":"0","bottom":"0","left":"0","isLinked":true},"_padding":{"unit":"px","top":"0","right":"200","bottom":"0","left":"0","isLinked":false},"_padding_tablet":{"unit":"px","top":"0","right":"0","bottom":"0","left":"0","isLinked":false},"_padding_mobile":{"unit":"px","top":"0","right":"0","bottom":"0","left":"0","isLinked":true},"_margin_tablet":{"unit":"px","top":"0","right":"0","bottom":"0","left":"0","isLinked":false}},"elements":[],"isInner":false,"widgetType":"text-editor","elType":"widget"},{"id":"35fbe7d6","settings":{"gap":"no","structure":"30","margin_tablet":{"unit":"px","top":"0","right":0,"bottom":"0","left":0,"isLinked":false},"padding_tablet":{"unit":"px","top":"0","right":"0","bottom":"0","left":"0","isLinked":false}},"elements":[{"id":"9e34de5","settings":{"_column_size":33,"_inline_size":null,"_inline_size_tablet":100,"padding_mobile":{"unit":"px","top":"20","right":"30","bottom":"30","left":"30","isLinked":false},"space_between_widgets":0},"elements":[{"id":"3015d859","settings":{"icon":"fa fa-home","title_text":"visit ","description_text":"","position":"left","primary_color":"#98d8e4","icon_space":{"unit":"px","size":12},"icon_space_mobile":{"unit":"px","size":3},"icon_size":{"unit":"px","size":27},"icon_size_mobile":{"unit":"px","size":35},"text_align":"left","text_align_mobile":"center","title_color":"#707070","title_typography_typography":"custom","title_typography_font_family":"Ubuntu","title_typography_font_size":{"unit":"px","size":22},"title_typography_font_weight":"500","title_typography_text_transform":"uppercase","title_typography_line_height":{"unit":"em","size":1.2},"_margin":{"unit":"px","top":"0","right":"0","bottom":"0","left":"0","isLinked":true},"_padding":{"unit":"px","top":"0","right":"0","bottom":"0","left":"0","isLinked":true}},"elements":[],"isInner":false,"widgetType":"icon-box","elType":"widget"},{"id":"261c787d","settings":{"title":"2 Elizabeth St. London, UK","align":"left","title_color":"#495157","typography_typography":"custom","typography_font_size":{"unit":"px","size":13},"_margin":{"unit":"px","top":"-12","right":"0","bottom":"0","left":"0","isLinked":false},"align_mobile":"center","typography_font_size_mobile":{"unit":"px","size":16},"header_size":"h6","typography_font_family":"Ubuntu","typography_font_weight":"100","typography_font_size_tablet":{"unit":"px","size":16}},"elements":[],"isInner":false,"widgetType":"heading","elType":"widget"}],"isInner":true,"elType":"column"},{"id":"79b3f26a","settings":{"_column_size":33,"_inline_size":null,"_inline_size_tablet":100,"padding_mobile":{"unit":"px","top":"0","right":"30","bottom":"30","left":"30","isLinked":false},"space_between_widgets":0},"elements":[{"id":"3b9f5342","settings":{"icon":"fa fa-phone","title_text":"call","description_text":"","position":"left","primary_color":"#98d8e4","icon_space":{"unit":"px","size":12},"icon_space_mobile":{"unit":"px","size":6},"icon_size":{"unit":"px","size":27},"text_align":"left","text_align_mobile":"center","title_color":"#707070","title_typography_typography":"custom","title_typography_font_family":"Ubuntu","title_typography_font_size":{"unit":"px","size":22},"title_typography_font_weight":"500","title_typography_text_transform":"uppercase","title_typography_line_height":{"unit":"em","size":1.2},"_margin_tablet":{"unit":"px","top":"25","right":"0","bottom":"0","left":"0","isLinked":false},"_padding_tablet":{"unit":"px","top":"20","right":"0","bottom":"0","left":"0","isLinked":false}},"elements":[],"isInner":false,"widgetType":"icon-box","elType":"widget"},{"id":"28031baa","settings":{"title":"+44 (0) 203 116 7711","align":"left","title_color":"#495157","typography_typography":"custom","typography_font_size":{"unit":"px","size":13},"_margin":{"unit":"px","top":"-12","right":"0","bottom":"0","left":"0","isLinked":false},"align_mobile":"center","typography_font_size_mobile":{"unit":"px","size":16},"header_size":"h6","typography_font_family":"Ubuntu","typography_font_weight":"100","typography_font_size_tablet":{"unit":"px","size":16},"_padding_tablet":{"unit":"px","top":"0","right":"0","bottom":"20","left":"0","isLinked":false}},"elements":[],"isInner":false,"widgetType":"heading","elType":"widget"}],"isInner":true,"elType":"column"},{"id":"2ad42ba5","settings":{"_column_size":33,"_inline_size":null,"_inline_size_tablet":100,"padding_mobile":{"unit":"px","top":"0","right":"30","bottom":"30","left":"30","isLinked":false},"space_between_widgets":0},"elements":[{"id":"7f2e013d","settings":{"icon":"fa fa-envelope","title_text":"contact","description_text":"","position":"left","primary_color":"#98d8e4","icon_space":{"unit":"px","size":12},"icon_space_mobile":{"unit":"px","size":6},"icon_size":{"unit":"px","size":27},"text_align":"left","text_align_mobile":"center","title_color":"#707070","title_typography_typography":"custom","title_typography_font_family":"Ubuntu","title_typography_font_size":{"unit":"px","size":22},"title_typography_font_weight":"500","title_typography_text_transform":"uppercase","title_typography_line_height":{"unit":"em","size":1.2},"_margin_tablet":{"unit":"px","top":"25","right":"0","bottom":"0","left":"0","isLinked":false},"_padding_tablet":{"unit":"px","top":"0","right":"0","bottom":"0","left":"0","isLinked":true}},"elements":[],"isInner":false,"widgetType":"icon-box","elType":"widget"},{"id":"778f9af1","settings":{"title":"noreply@noland.com","align":"left","title_color":"#495157","typography_typography":"custom","typography_font_size":{"unit":"px","size":13},"_margin":{"unit":"px","top":"-12","right":"0","bottom":"0","left":"0","isLinked":false},"align_mobile":"center","typography_font_size_mobile":{"unit":"px","size":16},"header_size":"h6","typography_font_family":"Ubuntu","typography_font_weight":"100","typography_font_size_tablet":{"unit":"px","size":16}},"elements":[],"isInner":false,"widgetType":"heading","elType":"widget"}],"isInner":true,"elType":"column"}],"isInner":true,"elType":"section"}],"isInner":false,"elType":"column"},{"id":"29c54b8a","settings":{"_column_size":50,"_inline_size":40.088,"content_position":"bottom","_inline_size_tablet":55},"elements":[{"id":"413b6db1","settings":{"address":"Dan Parking Lot","zoom":{"unit":"px","size":16},"_margin_mobile":{"unit":"px","top":"30","right":"0","bottom":"0","left":"0","isLinked":false}},"elements":[],"isInner":false,"widgetType":"google_maps","elType":"widget"}],"isInner":false,"elType":"column"}],"isInner":false,"elType":"section"},{"id":"4079e067","settings":{"height":"min-height","custom_height":{"unit":"px","size":194},"background_background":"classic","background_image":{"id":1330,"url":"http:\/\/localhost\/test\/wp-content\/uploads\/2018\/09\/2ndBG-1.png"},"background_position":"center center","background_size":"cover","background_overlay_background":"classic","background_overlay_color":"rgba(145,210,224,0)","background_overlay_color_stop":{"unit":"%","size":-50},"background_overlay_color_b":"rgba(255,255,255,0.97)","background_overlay_image":{"id":1331,"url":"http:\/\/localhost\/test\/wp-content\/uploads\/2018\/09\/3dBG.png"},"background_overlay_position":"bottom center","background_overlay_opacity":{"unit":"px","size":0.12},"margin":{"unit":"px","top":"","right":0,"bottom":"","left":0,"isLinked":true},"padding_tablet":{"unit":"px","top":"0","right":"30","bottom":"0","left":"30","isLinked":false},"padding_mobile":{"unit":"px","top":"30","right":"20","bottom":"30","left":"20","isLinked":false}},"elements":[{"id":"5142b046","settings":{"_column_size":100,"space_between_widgets":20,"_inline_size":47.895,"content_position":"center","_inline_size_tablet":35,"margin_tablet":{"unit":"px","top":"0","right":"0","bottom":"0","left":"0","isLinked":true},"padding_tablet":{"unit":"px","top":"0","right":"0","bottom":"0","left":"0","isLinked":true}},"elements":[{"id":"46421295","settings":{"title":"Newsletter","header_size":"h3","align":"center","typography_typography":"custom","typography_font_family":"Berkshire Swash","typography_font_size":{"unit":"px","size":60},"typography_font_weight":"100","typography_text_transform":"capitalize","typography_line_height":{"unit":"em","size":0.8},"typography_letter_spacing":{"unit":"px","size":-2.5},"text_shadow_text_shadow_type":"yes","text_shadow_text_shadow":{"horizontal":4,"vertical":3,"blur":0,"color":"rgba(0,53,44,0.95)"},"align_tablet":"left","typography_font_size_tablet":{"unit":"px","size":50},"_margin_mobile":{"unit":"px","top":"0","right":"0","bottom":"20","left":"0","isLinked":false},"align_mobile":"center","title_color":"#ffffff"},"elements":[],"isInner":false,"widgetType":"heading","elType":"widget"}],"isInner":false,"elType":"column"},{"id":"75869e75","settings":{"_column_size":100,"_inline_size":52.105,"content_position":"center","_inline_size_tablet":65,"margin_tablet":{"unit":"px","top":"0","right":"0","bottom":"0","left":"0","isLinked":false},"padding_tablet":{"unit":"px","top":"0","right":"0","bottom":"0","left":"0","isLinked":false}},"elements":[{"id":"66414b47","settings":{"form_name":"New Form","form_fields":[{"_id":"email","field_type":"email","required":"true","field_label":"Email","placeholder":"Enter Your Email","width":"66","field_value":"","field_options":"","inline_list":"","width_tablet":"","width_mobile":"100","rows":4,"recaptcha_size":"normal","recaptcha_style":"light","css_classes":"","file_sizes":"","file_types":"","allow_multiple_upload":"","max_files":"","acceptance_text":"","checked_by_default":"","field_min":"","field_max":"","min_date":"","max_date":"","use_native_date":"","use_native_time":"","allow_multiple":"","select_size":"","field_html":""}],"input_size":"md","show_labels":"","button_text":"subscribe","button_size":"md","button_width":"33","email_content":"[all-fields]","email_content_2":"[all-fields]","success_message":"The form was sent successfully!","error_message":"There's something wrong... Please fill in the required fields.","required_field_message":"Required","invalid_message":"There's something wrong... The form is invalid.","subscriber_already_exists_message":"Subscriber already exist.","column_gap":{"unit":"px","size":11},"row_gap":{"unit":"px","size":16},"field_text_color":"#000000","field_typography_typography":"custom","field_typography_font_family":"Ubuntu","field_typography_font_size":{"unit":"px","size":16},"field_typography_font_weight":"100","field_typography_letter_spacing":{"unit":"px","size":1.1},"field_border_width":{"unit":"px","top":"0","right":"0","bottom":"0","left":"0","isLinked":true},"field_border_radius":{"unit":"px","top":"60","right":"60","bottom":"60","left":"60","isLinked":true},"button_text_color":"#ffffff","button_typography_typography":"custom","button_typography_font_family":"Ubuntu","button_typography_font_size":{"unit":"px","size":18},"button_typography_font_weight":"300","button_typography_text_transform":"uppercase","button_typography_letter_spacing":{"unit":"px","size":1.5},"button_background_color":"#f70000","button_border_radius":{"unit":"px","top":"60","right":"60","bottom":"60","left":"60","isLinked":true},"button_hover_animation":"shrink","_padding":{"unit":"px","top":"4","right":"4","bottom":"4","left":"4","isLinked":true},"_background_background":"classic","_background_color":"rgba(255,255,255,0)","_border_width":{"unit":"px","top":"0","right":"0","bottom":"0","left":"0","isLinked":true},"_border_radius":{"unit":"px","top":"26","right":"26","bottom":"26","left":"26","isLinked":true},"_box_shadow_box_shadow":{"horizontal":0,"vertical":0,"blur":72,"spread":64,"color":""},"field_border_color":"#ffffff","_border_border":"solid","_border_color":"#ffffff","_box_shadow_box_shadow_position":"inset","button_width_mobile":"100","button_align_mobile":"center","field_typography_font_size_tablet":{"unit":"px","size":15},"field_background_color":"#ededed","button_typography_font_size_tablet":{"unit":"px","size":14},"button_border_width":{"unit":"px","top":"3","right":"3","bottom":"3","left":"3","isLinked":true},"_padding_mobile":{"unit":"px","top":"7","right":"7","bottom":"7","left":"7","isLinked":true}},"elements":[],"isInner":false,"widgetType":"form","elType":"widget"}],"isInner":false,"elType":"column"}],"isInner":false,"elType":"section"}]}