{"version":"0.4","title":"Chrismas-Gift-Shop-page","type":"page","content":[{"id":"29e0d806","settings":{"layout":"full_width","gap":"no","custom_height":{"unit":"px","size":830},"column_position":"bottom","content_position":"bottom","background_background":"classic","background_image":{"id":1254,"url":"http:\/\/localhost\/test\/wp-content\/uploads\/2018\/09\/redBG2.png"},"background_size":"cover","background_overlay_background":"classic","background_overlay_image":{"id":1255,"url":"http:\/\/localhost\/test\/wp-content\/uploads\/2018\/09\/Overlay2-1.png"},"background_overlay_repeat":"no-repeat","background_overlay_size":"cover","background_overlay_opacity":{"unit":"px","size":1},"height":"min-height","background_position":"center center","custom_height_mobile":{"unit":"vh","size":100},"background_overlay_position":"center center","margin_tablet":{"unit":"px","top":"","right":0,"bottom":"","left":0,"isLinked":true},"margin_mobile":{"unit":"px","top":"0","right":0,"bottom":"0","left":0,"isLinked":true},"padding_tablet":{"unit":"px","top":"0","right":"0","bottom":"0","left":"0","isLinked":false},"padding_mobile":{"unit":"px","top":"0","right":"0","bottom":"0","left":"0","isLinked":true},"css_classes":"snow-bg","custom_height_tablet":{"unit":"vh","size":73},"padding":{"unit":"px","top":"100","right":"0","bottom":"0","left":"0","isLinked":false}},"elements":[{"id":"4bed7efd","settings":{"_column_size":100,"content_position":"center","_inline_size":null},"elements":[{"id":"6b11dd64","settings":{"title":"<b>Kick Off<\/b> <br>Christmas!<\/span1>","header_size":"h3","align":"center","title_color":"#ffffff","typography_typography":"custom","typography_font_family":"Mountains of Christmas","typography_font_size":{"unit":"px","size":100},"typography_font_weight":"normal","typography_letter_spacing":{"unit":"px","size":-1.5},"_margin":{"unit":"px","top":"0","right":"0","bottom":"0","left":"0","isLinked":false},"text_shadow_text_shadow_type":"yes","text_shadow_text_shadow":{"horizontal":5,"vertical":3,"blur":0,"color":"rgba(0,0,0,0.3)"},"align_mobile":"center","typography_font_size_mobile":{"unit":"px","size":70},"_margin_mobile":{"unit":"px","top":"100","right":"0","bottom":"0","left":"0","isLinked":false},"_animation":"swing","animation_duration":"fast"},"elements":[],"isInner":false,"widgetType":"heading","elType":"widget"},{"id":"9a790a8","settings":{"content_width":{"unit":"px","size":450},"margin_tablet":{"unit":"px","top":"0","right":0,"bottom":"40","left":0,"isLinked":false}},"elements":[{"id":"db9b4c4","settings":{"_column_size":100,"_inline_size":null},"elements":[{"id":"3f334921","settings":{"editor":"<p>Get the latest news about new arrivals, gifts, special offers and other discount information<\/p>","align":"center","text_color":"#ffffff","typography_typography":"custom","typography_font_family":"Roboto","typography_font_size":{"unit":"px","size":19},"typography_letter_spacing":{"unit":"px","size":0.6},"typography_font_weight":"400","typography_line_height":{"unit":"em","size":1.4},"_padding":{"unit":"%","top":"0","right":"0","bottom":"0","left":"0","isLinked":false},"typography_font_size_mobile":{"unit":"px","size":20}},"elements":[],"isInner":false,"widgetType":"text-editor","elType":"widget"},{"id":"382340a5","settings":{"text":"get gifts","align":"center","size":"md","icon":"fa fa-gift","icon_align":"right","typography_typography":"custom","typography_font_family":"Roboto","typography_font_size":{"unit":"px","size":17},"typography_font_weight":"500","typography_text_transform":"uppercase","typography_letter_spacing":{"unit":"px","size":2},"button_text_color":"#ffffff","background_color":"#13c661","hover_color":"#ffffff","button_background_hover_color":"#383838","border_radius":{"unit":"px","top":"70","right":"70","bottom":"70","left":"70","isLinked":true},"button_box_shadow_box_shadow_type":"yes","button_box_shadow_box_shadow":{"horizontal":0,"vertical":4,"blur":0,"spread":0,"color":""},"text_padding":{"unit":"px","top":"13","right":"35","bottom":"13","left":"35","isLinked":false},"_margin":{"unit":"px","top":"60","right":"0","bottom":"0","left":"0","isLinked":false},"hover_animation":"grow","border_width":{"unit":"px","top":"2","right":"2","bottom":"2","left":"2","isLinked":true},"_animation":"bounceInUp"},"elements":[],"isInner":false,"widgetType":"button","elType":"widget"}],"isInner":true,"elType":"column"}],"isInner":true,"elType":"section"},{"id":"305b58fd","settings":{"image":{"id":1252,"url":"http:\/\/localhost\/test\/wp-content\/uploads\/2018\/09\/Mountains4.png"},"image_size":"full","_z_index":0,"_animation":"fadeInUp","animation_duration":"fast","_background_background":"classic","_background_image":{"id":1253,"url":"http:\/\/localhost\/test\/wp-content\/uploads\/2018\/09\/footerr.png"},"_background_position":"top center","_background_size":"cover"},"elements":[],"isInner":false,"widgetType":"image","elType":"widget"}],"isInner":false,"elType":"column"}],"isInner":false,"elType":"section"},{"id":"6a7871e9","settings":{"height":"min-height","custom_height":{"unit":"px","size":475},"background_background":"classic","background_color":"#ffffff","background_color_stop":{"unit":"%","size":50},"background_color_b":"#dddddd","background_size":"cover","background_overlay_background":"gradient","background_overlay_color":"rgba(255,255,255,0.79)","background_overlay_color_b":"#ffffff","background_overlay_opacity":{"unit":"px","size":1},"background_position":"top center","background_overlay_gradient_type":"radial","margin_tablet":{"unit":"px","top":"","right":0,"bottom":"","left":0,"isLinked":true},"margin_mobile":{"unit":"px","top":"","right":0,"bottom":"","left":0,"isLinked":true},"padding_tablet":{"unit":"px","top":"0","right":"0","bottom":"60","left":"0","isLinked":false},"custom_height_tablet":{"unit":"px","size":400}},"elements":[{"id":"7077fb7b","settings":{"_column_size":100,"_inline_size":null,"content_position":"center","margin_tablet":{"unit":"px","top":"0","right":"0","bottom":"0","left":"0","isLinked":true},"margin_mobile":{"unit":"px","top":"0","right":"0","bottom":"0","left":"0","isLinked":true},"padding_tablet":{"unit":"px","top":"0","right":"0","bottom":"0","left":"0","isLinked":true}},"elements":[{"id":"6107eee8","settings":{"structure":"30","margin":{"unit":"px","top":"40","right":0,"bottom":"0","left":0,"isLinked":false},"gap":"wider","margin_tablet":{"unit":"px","top":"","right":0,"bottom":"","left":0,"isLinked":true},"padding_tablet":{"unit":"px","top":"0","right":"20","bottom":"0","left":"20","isLinked":false},"padding_mobile":{"unit":"px","top":"0","right":"0","bottom":"0","left":"0","isLinked":false}},"elements":[{"id":"41ef6044","settings":{"_column_size":33,"_inline_size":null,"margin_tablet":{"unit":"px","top":"0","right":"15","bottom":"0","left":"5","isLinked":false},"padding_tablet":{"unit":"px","top":"0","right":"0","bottom":"0","left":"0","isLinked":true},"padding_mobile":{"unit":"px","top":"40","right":"40","bottom":"40","left":"40","isLinked":true}},"elements":[{"id":"59604a93","settings":{"title_text":"Christmas Trees","description_text":"Lorem ipsum dolor sit amet, consectetur adipiscing elit. Ut elit tellus sed do eiusmod","image":{"id":1256,"url":"http:\/\/localhost\/test\/wp-content\/uploads\/2018\/09\/Christmas-Tree2-1.png"},"image_size":{"unit":"%","size":25},"title_bottom_space":{"unit":"px","size":10},"title_color":"#383838","title_typography_typography":"custom","title_typography_font_size":{"unit":"px","size":30},"title_typography_font_weight":"300","title_typography_letter_spacing":{"unit":"px","size":-0.8},"description_color":"#8c8c8c","description_typography_typography":"custom","description_typography_font_family":"Roboto","description_typography_font_size":{"unit":"px","size":15},"description_typography_font_weight":"400","description_typography_line_height":{"unit":"em","size":1.5},"_padding":{"unit":"px","top":"40","right":"34","bottom":"50","left":"34","isLinked":false},"_background_background":"classic","_background_color":"#ffffff","_border_border":"solid","_border_width":{"unit":"px","top":"0","right":"0","bottom":"5","left":"0","isLinked":false},"_border_color":"#c2cbd2","_border_radius":{"unit":"px","top":"20","right":"20","bottom":"20","left":"20","isLinked":true},"_box_shadow_box_shadow_type":"yes","_box_shadow_box_shadow":{"horizontal":0,"vertical":0,"blur":43,"spread":0,"color":"rgba(7,107,150,0.06)"},"_box_shadow_hover_box_shadow":{"horizontal":0,"vertical":0,"blur":40,"spread":0,"color":"rgba(7,107,150,0.3)"},"title_typography_font_size_tablet":{"unit":"px","size":23},"_animation":"fadeIn","animation_duration":"fast","_animation_delay":150,"_border_hover_border":"solid","_border_hover_width":{"unit":"px","top":"0","right":"0","bottom":"5","left":"0","isLinked":false},"_border_hover_color":"#ea0a0e"},"elements":[],"isInner":false,"widgetType":"image-box","elType":"widget"}],"isInner":true,"elType":"column"},{"id":"46fba4c4","settings":{"_column_size":33,"_inline_size":null,"margin_tablet":{"unit":"px","top":"0","right":"10","bottom":"0","left":"10","isLinked":false},"padding_tablet":{"unit":"px","top":"0","right":"0","bottom":"0","left":"0","isLinked":true},"padding_mobile":{"unit":"px","top":"10","right":"40","bottom":"40","left":"40","isLinked":false}},"elements":[{"id":"9ee3f76","settings":{"title_text":"Gifts & Treats","description_text":"Lorem ipsum dolor sit amet, consectetur adipiscing elit. Ut elit tellus sed do eiusmod","image":{"id":1257,"url":"http:\/\/localhost\/test\/wp-content\/uploads\/2018\/09\/Present-Box2-1.png"},"image_size":{"unit":"%","size":25},"title_bottom_space":{"unit":"px","size":10},"title_color":"#383838","title_typography_typography":"custom","title_typography_font_size":{"unit":"px","size":30},"title_typography_font_weight":"300","title_typography_letter_spacing":{"unit":"px","size":-0.8},"description_color":"#8c8c8c","description_typography_typography":"custom","description_typography_font_family":"Roboto","description_typography_font_size":{"unit":"px","size":15},"description_typography_font_weight":"400","description_typography_line_height":{"unit":"em","size":1.5},"_padding":{"unit":"px","top":"40","right":"34","bottom":"50","left":"34","isLinked":false},"_background_background":"classic","_background_color":"#ffffff","_border_border":"solid","_border_width":{"unit":"px","top":"0","right":"0","bottom":"5","left":"0","isLinked":false},"_border_color":"#c2cbd2","_border_radius":{"unit":"px","top":"20","right":"20","bottom":"20","left":"20","isLinked":true},"_box_shadow_box_shadow_type":"yes","_box_shadow_box_shadow":{"horizontal":0,"vertical":0,"blur":43,"spread":0,"color":"rgba(7,107,150,0.06)"},"_box_shadow_hover_box_shadow":{"horizontal":0,"vertical":0,"blur":40,"spread":0,"color":"rgba(7,107,150,0.3)"},"title_typography_font_size_tablet":{"unit":"px","size":23},"_animation":"fadeIn","animation_duration":"fast","_animation_delay":250,"_border_hover_border":"solid","_border_hover_width":{"unit":"px","top":"0","right":"0","bottom":"5","left":"0","isLinked":false},"_border_hover_color":"#ea0a0e"},"elements":[],"isInner":false,"widgetType":"image-box","elType":"widget"}],"isInner":true,"elType":"column"},{"id":"1e6c1877","settings":{"_column_size":33,"_inline_size":null,"margin_tablet":{"unit":"px","top":"0","right":"5","bottom":"0","left":"15","isLinked":false},"padding_tablet":{"unit":"px","top":"0","right":"0","bottom":"0","left":"0","isLinked":true},"padding_mobile":{"unit":"px","top":"10","right":"40","bottom":"40","left":"40","isLinked":false}},"elements":[{"id":"374a5d87","settings":{"title_text":"DIY Decorations","description_text":"Lorem ipsum dolor sit amet, consectetur adipiscing elit. Ut elit tellus sed do eiusmod","image":{"id":1258,"url":"http:\/\/localhost\/test\/wp-content\/uploads\/2018\/09\/giftsi2-1.png"},"image_size":{"unit":"%","size":25},"title_bottom_space":{"unit":"px","size":10},"title_color":"#383838","title_typography_typography":"custom","title_typography_font_size":{"unit":"px","size":30},"title_typography_font_weight":"300","title_typography_letter_spacing":{"unit":"px","size":-0.8},"description_color":"#8c8c8c","description_typography_typography":"custom","description_typography_font_family":"Roboto","description_typography_font_size":{"unit":"px","size":15},"description_typography_font_weight":"400","description_typography_line_height":{"unit":"em","size":1.5},"_padding":{"unit":"px","top":"40","right":"34","bottom":"50","left":"34","isLinked":false},"_background_background":"classic","_background_color":"#ffffff","_border_border":"solid","_border_width":{"unit":"px","top":"0","right":"0","bottom":"5","left":"0","isLinked":false},"_border_color":"#c2cbd2","_border_radius":{"unit":"px","top":"20","right":"20","bottom":"20","left":"20","isLinked":true},"_box_shadow_box_shadow_type":"yes","_box_shadow_box_shadow":{"horizontal":0,"vertical":0,"blur":43,"spread":0,"color":"rgba(7,107,150,0.06)"},"_box_shadow_hover_box_shadow":{"horizontal":0,"vertical":0,"blur":40,"spread":0,"color":"rgba(7,107,150,0.3)"},"title_typography_font_size_tablet":{"unit":"px","size":23},"_animation":"fadeIn","animation_duration":"fast","_animation_delay":300,"_border_hover_border":"solid","_border_hover_width":{"unit":"px","top":"0","right":"0","bottom":"5","left":"0","isLinked":false},"_border_hover_color":"#ea0a0e","_margin_tablet":{"unit":"px","top":"0","right":"0","bottom":"0","left":"0","isLinked":true}},"elements":[],"isInner":false,"widgetType":"image-box","elType":"widget"}],"isInner":true,"elType":"column"}],"isInner":true,"elType":"section"}],"isInner":false,"elType":"column"}],"isInner":false,"elType":"section"},{"id":"2188a2d4","settings":{"height":"min-height","custom_height":{"unit":"px","size":""},"structure":"20","background_background":"classic","background_color_stop":{"unit":"%","size":50},"background_color_b":"#c2cbd2","background_size":"auto","background_overlay_background":"classic","background_overlay_color":"rgba(255,255,255,0.92)","background_overlay_color_b":"#ffffff","background_overlay_opacity":{"unit":"px","size":1},"padding":{"unit":"px","top":"120","right":"0","bottom":"80","left":"0","isLinked":false},"background_attachment":"fixed","background_overlay_color_b_stop":{"unit":"%","size":72},"background_overlay_gradient_type":"radial","margin":{"unit":"px","top":"0","right":0,"bottom":"0","left":0,"isLinked":false},"margin_mobile":{"unit":"px","top":"0","right":0,"bottom":"0","left":0,"isLinked":true},"padding_tablet":{"unit":"px","top":"30","right":"0","bottom":"80","left":"0","isLinked":false},"padding_mobile":{"unit":"px","top":"0","right":"0","bottom":"40","left":"0","isLinked":false},"reverse_order_mobile":"reverse-mobile"},"elements":[{"id":"2c2a8c76","settings":{"_column_size":50,"_inline_size":40,"content_position":"center","background_background":"classic","background_color_b":"#ffffff","padding":{"unit":"px","top":"50","right":"0","bottom":"50","left":"0","isLinked":false}},"elements":[{"id":"5bf38922","settings":{"image":{"id":1259,"url":"http:\/\/localhost\/test\/wp-content\/uploads\/2018\/09\/Santa1-1.png"},"space":{"unit":"%","size":70},"image_box_shadow_box_shadow_type":"yes","image_box_shadow_box_shadow":{"horizontal":0,"vertical":0,"blur":10,"spread":0,"color":""},"_margin":{"unit":"px","top":"0","right":"0","bottom":"0","left":"0","isLinked":false},"space_mobile":{"unit":"%","size":60},"_margin_mobile":{"unit":"px","top":"0","right":"0","bottom":"0","left":"0","isLinked":false},"_animation":"bounceInUp","animation_duration":"fast","space_tablet":{"unit":"%","size":80}},"elements":[],"isInner":false,"widgetType":"image","elType":"widget"}],"isInner":false,"elType":"column"},{"id":"729caa48","settings":{"_column_size":50,"_inline_size":60,"content_position":"center","margin_tablet":{"unit":"px","top":"0","right":"0","bottom":"0","left":"20","isLinked":false},"margin_mobile":{"unit":"px","top":"0","right":"0","bottom":"0","left":"0","isLinked":true},"padding_mobile":{"unit":"px","top":"0","right":"20","bottom":"0","left":"20","isLinked":false},"border_width":{"unit":"px","top":"1","right":"1","bottom":"1","left":"1","isLinked":true},"border_color":"#95d5ed","padding":{"unit":"px","top":"0","right":"60","bottom":"0","left":"80","isLinked":false},"padding_tablet":{"unit":"px","top":"0","right":"0","bottom":"0","left":"40","isLinked":false}},"elements":[{"id":"43b0909d","settings":{"title":"ho ho ho!","header_size":"h3","align":"left","title_color":"#383838","typography_typography":"custom","typography_font_family":"Mountains of Christmas","typography_font_size":{"unit":"px","size":90},"typography_font_weight":"bold","typography_letter_spacing":{"unit":"px","size":-1.5},"_margin":{"unit":"px","top":"0","right":"0","bottom":"0","left":"0","isLinked":false},"text_shadow_text_shadow_type":"yes","text_shadow_text_shadow":{"horizontal":0,"vertical":0,"blur":0,"color":"rgba(0,0,0,0)"},"align_mobile":"center","typography_font_size_tablet":{"unit":"px","size":65},"typography_font_size_mobile":{"unit":"px","size":65},"_animation":"swing","animation_duration":"fast"},"elements":[],"isInner":false,"widgetType":"heading","elType":"widget"},{"id":"120f91ad","settings":{"editor":"<p>The most bold and ultimate ideas of 2017 for handmade items by award-winning designers Lorem ipsum dolor sit amet, consectetur adipiscing elit, sed do eiusmod tempor incididunt ut labore et dolore magna aliqua. Ut enim ad minim veniam<\/p>","align":"left","text_color":"#8c8c8c","typography_typography":"custom","typography_font_family":"Roboto","typography_font_size":{"unit":"px","size":17},"typography_letter_spacing":{"unit":"px","size":0},"typography_font_weight":"400","typography_line_height":{"unit":"em","size":1.6},"_margin":{"unit":"px","top":"0","right":"100","bottom":"0","left":"0","isLinked":false},"_padding":{"unit":"%","top":"0","right":"0","bottom":"0","left":"0","isLinked":false},"align_mobile":"center","typography_font_size_mobile":{"unit":"px","size":15},"_margin_tablet":{"unit":"px","top":"0","right":"080","bottom":"0","left":"0","isLinked":false},"_margin_mobile":{"unit":"px","top":"0","right":"15","bottom":"0","left":"15","isLinked":false},"_padding_mobile":{"unit":"px","top":"0","right":"0","bottom":"0","left":"0","isLinked":true},"animation_duration":"fast","_animation_delay":100,"typography_font_size_tablet":{"unit":"px","size":15},"typography_line_height_mobile":{"unit":"px","size":28}},"elements":[],"isInner":false,"widgetType":"text-editor","elType":"widget"},{"id":"50b72892","settings":{"title":"Don't miss it!","header_size":"h4","align":"left","title_color":"#383838","typography_typography":"custom","typography_font_family":"Roboto","typography_font_size":{"unit":"px","size":25},"typography_font_weight":"bold","typography_letter_spacing":{"unit":"px","size":2},"_margin":{"unit":"px","top":"0","right":"0","bottom":"0","left":"0","isLinked":false},"text_shadow_text_shadow_type":"yes","text_shadow_text_shadow":{"horizontal":0,"vertical":0,"blur":0,"color":"rgba(0,0,0,0)"},"align_mobile":"center","typography_font_size_tablet":{"unit":"px","size":20},"typography_font_size_mobile":{"unit":"px","size":22},"animation_duration":"fast","typography_text_transform":"uppercase","_margin_mobile":{"unit":"px","top":"40","right":"0","bottom":"0","left":"0","isLinked":false}},"elements":[],"isInner":false,"widgetType":"heading","elType":"widget"},{"id":"57310af6","settings":{"editor":"<p>The most bold and ultimate ideas of 2017\u00a0<\/p>","align":"left","text_color":"#8c8c8c","typography_typography":"custom","typography_font_family":"Roboto","typography_font_size":{"unit":"px","size":15},"typography_letter_spacing":{"unit":"px","size":0},"typography_font_weight":"300","typography_line_height":{"unit":"em","size":1.6},"_margin":{"unit":"px","top":"-13","right":"0","bottom":"0","left":"0","isLinked":false},"_padding":{"unit":"%","top":"0","right":"0","bottom":"0","left":"0","isLinked":false},"align_mobile":"center","typography_font_size_mobile":{"unit":"px","size":15},"_margin_tablet":{"unit":"px","top":"0","right":"080","bottom":"0","left":"0","isLinked":false},"_margin_mobile":{"unit":"px","top":"0","right":"0","bottom":"0","left":"0","isLinked":true},"_padding_mobile":{"unit":"px","top":"0","right":"0","bottom":"0","left":"0","isLinked":true},"_animation":"fadeInRight","animation_duration":"fast","_animation_delay":100},"elements":[],"isInner":false,"widgetType":"text-editor","elType":"widget"},{"id":"4af81fec","settings":{"icon":"fa fa-phone-square","title_text":"+985-500-505","description_text":"","primary_color":"#13c661","text_align":"justify","title_color":"#383838","title_typography_typography":"custom","title_typography_font_size":{"unit":"px","size":25},"title_typography_line_height":{"unit":"em","size":2.1},"title_size":"h4","icon_space_mobile":{"unit":"px","size":0},"text_align_mobile":"center","title_bottom_space_mobile":{"unit":"px","size":0},"icon_space_tablet":{"unit":"px","size":0},"icon_size_tablet":{"unit":"px","size":40},"title_typography_font_size_tablet":{"unit":"px","size":20}},"elements":[],"isInner":false,"widgetType":"icon-box","elType":"widget"}],"isInner":false,"elType":"column"}],"isInner":false,"elType":"section"},{"id":"7deac047","settings":{"height":"min-height","custom_height":{"unit":"px","size":500},"background_background":"video","background_video_link":"https:\/\/youtu.be\/AmUsYu6NUQs","background_overlay_background":"classic","background_overlay_color":"#000000","background_overlay_opacity":{"unit":"px","size":0.75},"custom_height_mobile":{"unit":"px","size":356},"background_video_fallback":{"id":1260,"url":"http:\/\/localhost\/test\/wp-content\/uploads\/2018\/09\/3dBG-2.png"}},"elements":[{"id":"f321fbf","settings":{"_column_size":100},"elements":[{"id":"370f6fb2","settings":{"title":"Time is ticking","header_size":"h3","align":"center","title_color":"#ffffff","typography_typography":"custom","typography_font_family":"Roboto","typography_font_size":{"unit":"px","size":60},"typography_font_weight":"100","typography_letter_spacing":{"unit":"px","size":-1.5},"_margin":{"unit":"px","top":"0","right":"0","bottom":"0","left":"0","isLinked":false},"text_shadow_text_shadow_type":"yes","text_shadow_text_shadow":{"horizontal":0,"vertical":0,"blur":0,"color":"rgba(0,0,0,0)"},"align_mobile":"center","typography_font_size_tablet":{"unit":"px","size":54},"typography_font_size_mobile":{"unit":"px","size":51},"_animation":"swing","animation_duration":"fast"},"elements":[],"isInner":false,"widgetType":"heading","elType":"widget"},{"id":"6af8c666","settings":{"label_days":"Days","label_hours":"Hours","label_minutes":"Minutes","label_seconds":"Seconds","digits_color":"#ffffff","digits_typography_typography":"custom","digits_typography_font_family":"Oswald","container_width":{"unit":"%","size":44},"box_background_color":"#ff1919","box_border_width":{"unit":"px","top":"0","right":"0","bottom":"0","left":"0","isLinked":true},"box_border_color":"#13c661","box_border_radius":{"unit":"px","top":"10","right":"10","bottom":"10","left":"10","isLinked":true},"box_spacing":{"unit":"px","size":15},"box_padding":{"unit":"px","top":"15","right":"25","bottom":"15","left":"25","isLinked":false},"digits_typography_font_size":{"unit":"px","size":40},"digits_typography_line_height":{"unit":"em","size":1.4},"label_color":"rgba(255,255,255,0.81)","label_typography_typography":"custom","label_typography_font_size":{"unit":"px","size":9},"label_typography_font_family":"Roboto","label_typography_text_transform":"uppercase","label_typography_letter_spacing":{"unit":"px","size":3},"_padding":{"unit":"px","top":"0","right":"0","bottom":"0","left":"0","isLinked":false},"box_spacing_mobile":{"unit":"px","size":9},"box_padding_mobile":{"unit":"px","top":"5","right":"15","bottom":"6","left":"15","isLinked":false},"digits_typography_font_size_mobile":{"unit":"px","size":30},"label_typography_font_size_mobile":{"unit":"px","size":8},"container_width_mobile":{"unit":"%","size":97},"label_typography_font_weight":"500","label_typography_letter_spacing_mobile":{"unit":"px","size":1}},"elements":[],"isInner":false,"widgetType":"countdown","elType":"widget"}],"isInner":false,"elType":"column"}],"isInner":false,"elType":"section"},{"id":"59f4909b","settings":{"height":"min-height","custom_height":{"unit":"px","size":475},"structure":"20","background_background":"classic","background_color":"#ffffff","background_color_stop":{"unit":"%","size":50},"background_color_b":"#dddddd","background_size":"auto","background_overlay_background":"classic","background_overlay_color_b":"#ffffff","background_overlay_opacity":{"unit":"px","size":1},"padding":{"unit":"px","top":"120","right":"0","bottom":"120","left":"0","isLinked":false},"background_attachment":"fixed","background_overlay_color_b_stop":{"unit":"%","size":72},"background_overlay_gradient_type":"radial","background_overlay_gradient_position":"top right","margin":{"unit":"px","top":"","right":0,"bottom":"","left":0,"isLinked":true},"margin_mobile":{"unit":"px","top":"0","right":0,"bottom":"0","left":0,"isLinked":true},"padding_mobile":{"unit":"px","top":"40","right":"0","bottom":"40","left":"0","isLinked":false},"padding_tablet":{"unit":"px","top":"100","right":"0","bottom":"80","left":"0","isLinked":false}},"elements":[{"id":"40c47000","settings":{"_column_size":50,"_inline_size":60,"content_position":"center","margin":{"unit":"px","top":"0","right":"50","bottom":"0","left":"100","isLinked":false},"margin_tablet":{"unit":"px","top":"0","right":"0","bottom":"0","left":"60","isLinked":false},"margin_mobile":{"unit":"px","top":"0","right":"0","bottom":"0","left":"0","isLinked":true},"padding_tablet":{"unit":"px","top":"0","right":"0","bottom":"0","left":"0","isLinked":true}},"elements":[{"id":"5c0cc0","settings":{"title":"Special Offer","header_size":"h3","align":"left","title_color":"#383838","typography_typography":"custom","typography_font_family":"Mountains of Christmas","typography_font_size":{"unit":"px","size":90},"typography_font_weight":"bold","typography_letter_spacing":{"unit":"px","size":-1.5},"_margin":{"unit":"px","top":"0","right":"0","bottom":"0","left":"0","isLinked":false},"text_shadow_text_shadow_type":"yes","text_shadow_text_shadow":{"horizontal":0,"vertical":0,"blur":0,"color":"rgba(0,0,0,0)"},"align_mobile":"center","typography_font_size_tablet":{"unit":"px","size":65},"typography_font_size_mobile":{"unit":"px","size":65},"typography_line_height_mobile":{"unit":"px","size":90},"_margin_mobile":{"unit":"px","top":"30","right":"0","bottom":"0","left":"0","isLinked":false},"_animation":"swing","animation_duration":"fast"},"elements":[],"isInner":false,"widgetType":"heading","elType":"widget"},{"id":"6a412d2d","settings":{"editor":"<div class=\"elementor-element elementor-element-mhn5qi2 elementor-widget elementor-widget-text-editor\" data-id=\"mhn5qi2\" data-element_type=\"text-editor.default\"><div class=\"elementor-widget-container\"><div class=\"elementor-text-editor elementor-clearfix\"><p>This hot Christmas season we prepared many special offers, discounts and coupon codes!<\/p><p><b>Save up to 50% on your Purchase<\/b><\/p><\/div><\/div><\/div><div class=\"elementor-element elementor-element-d7a251f elementor-widget elementor-widget-text-editor\" data-id=\"d7a251f\" data-element_type=\"text-editor.default\"><div class=\"elementor-widget-container\"><div class=\"elementor-text-editor elementor-clearfix\"><p>Santa\u2019s Bag is the place where you can find a great variety of Christmas gifts, accessories, decoration, postcards and other lovely items. 2017 collection is ready for our big sale!<\/p><\/div><\/div><\/div>","align":"left","text_color":"#8c8c8c","typography_typography":"custom","typography_font_family":"Roboto","typography_font_size":{"unit":"px","size":17},"typography_letter_spacing":{"unit":"px","size":0},"typography_font_weight":"400","typography_line_height":{"unit":"em","size":1.6},"_margin":{"unit":"px","top":"0","right":"100","bottom":"0","left":"0","isLinked":false},"_padding":{"unit":"%","top":"0","right":"0","bottom":"0","left":"0","isLinked":false},"align_mobile":"center","_margin_mobile":{"unit":"px","top":"0","right":"0","bottom":"0","left":"0","isLinked":true},"_padding_mobile":{"unit":"px","top":"0","right":"20","bottom":"0","left":"20","isLinked":false},"animation_duration":"fast","_animation_delay":150,"typography_font_size_tablet":{"unit":"px","size":15},"typography_font_size_mobile":{"unit":"px","size":15}},"elements":[],"isInner":false,"widgetType":"text-editor","elType":"widget"},{"id":"41652ba0","settings":{"text":"recover code","align":"left","size":"md","icon_align":"right","typography_typography":"custom","typography_font_family":"Roboto","typography_font_size":{"unit":"px","size":17},"typography_font_weight":"500","typography_text_transform":"uppercase","typography_letter_spacing":{"unit":"px","size":2},"button_text_color":"#ffffff","background_color":"#13c661","hover_color":"#ffffff","button_background_hover_color":"#383838","border_radius":{"unit":"px","top":"70","right":"70","bottom":"70","left":"70","isLinked":true},"button_box_shadow_box_shadow_type":"yes","button_box_shadow_box_shadow":{"horizontal":0,"vertical":4,"blur":0,"spread":0,"color":""},"text_padding":{"unit":"px","top":"13","right":"35","bottom":"13","left":"35","isLinked":false},"_margin":{"unit":"px","top":"60","right":"0","bottom":"0","left":"0","isLinked":false},"hover_animation":"grow","border_width":{"unit":"px","top":"2","right":"2","bottom":"2","left":"2","isLinked":true},"_animation":"bounceInUp","align_mobile":"center"},"elements":[],"isInner":false,"widgetType":"button","elType":"widget"}],"isInner":false,"elType":"column"},{"id":"4a61a4c","settings":{"_column_size":50,"_inline_size":40,"content_position":"center"},"elements":[{"id":"1ef3cdd5","settings":{"image":{"id":1261,"url":"http:\/\/localhost\/test\/wp-content\/uploads\/2018\/09\/tree1-1.png"},"space":{"unit":"%","size":78},"image_box_shadow_box_shadow_type":"yes","image_box_shadow_box_shadow":{"horizontal":0,"vertical":0,"blur":10,"spread":0,"color":""},"space_mobile":{"unit":"%","size":60},"_margin_mobile":{"unit":"px","top":"40","right":"0","bottom":"40","left":"0","isLinked":false},"_animation":"bounceInRight","animation_duration":"fast","space_tablet":{"unit":"%","size":80}},"elements":[],"isInner":false,"widgetType":"image","elType":"widget"}],"isInner":false,"elType":"column"}],"isInner":false,"elType":"section"},{"id":"36acd857","settings":{"layout":"full_width","gap":"no","height":"min-height","custom_height":{"unit":"px","size":550},"column_position":"bottom","background_background":"classic","background_image":{"id":1254,"url":"http:\/\/localhost\/test\/wp-content\/uploads\/2018\/09\/redBG2.png"},"custom_height_tablet":{"unit":"px","size":400},"margin":{"unit":"px","top":"","right":0,"bottom":"","left":0,"isLinked":true},"padding":{"unit":"px","top":"60","right":"0","bottom":"0","left":"0","isLinked":false},"padding_mobile":{"unit":"px","top":"30","right":"0","bottom":"0","left":"0","isLinked":false},"content_width":{"unit":"px","size":911},"background_size":"cover"},"elements":[{"id":"1f260cdb","settings":{"_column_size":100},"elements":[{"id":"187266a2","settings":{"content_width":{"unit":"px","size":700}},"elements":[{"id":"2da216e8","settings":{"_column_size":100,"_inline_size":null},"elements":[{"id":"7285dc9a","settings":{"title":"<b>Sign up<\/b> for our newsletter","header_size":"h3","align":"left","title_color":"#ffffff","typography_typography":"custom","typography_font_family":"Roboto","typography_font_size":{"unit":"px","size":34},"typography_font_weight":"300","typography_text_transform":"capitalize","typography_letter_spacing":{"unit":"px","size":-0.5},"align_tablet":"left","align_mobile":"center","typography_font_size_mobile":{"unit":"px","size":26},"typography_line_height_mobile":{"unit":"px","size":38},"animation_duration":"fast","_margin_tablet":{"unit":"px","top":"0","right":"0","bottom":"0","left":"84","isLinked":false},"_margin_mobile":{"unit":"px","top":"0","right":"0","bottom":"0","left":"0","isLinked":true},"_padding_tablet":{"unit":"px","top":"0","right":"0","bottom":"0","left":"0","isLinked":false}},"elements":[],"isInner":false,"widgetType":"heading","elType":"widget"},{"id":"1ae04b1","settings":{"weight":{"unit":"px","size":3},"color":"#13c661","width":{"unit":"px","size":52},"align":"left","gap":{"unit":"px","size":6},"_border_border":"solid","_border_color":"#383838","align_tablet":"left","align_mobile":"center","animation_duration":"fast","_margin_tablet":{"unit":"px","top":"0","right":"0","bottom":"0","left":"84","isLinked":false},"_margin_mobile":{"unit":"px","top":"-15","right":"0","bottom":"0","left":"0","isLinked":false},"_padding_tablet":{"unit":"px","top":"0","right":"0","bottom":"0","left":"0","isLinked":true}},"elements":[],"isInner":false,"widgetType":"divider","elType":"widget"},{"id":"55eda82d","settings":{"form_name":"New Form","form_fields":[{"_id":"name","field_type":"text","field_label":"Name","placeholder":"Name","width":"33","field_value":"","required":"","field_options":"","inline_list":"","width_tablet":"","width_mobile":"","rows":4,"recaptcha_size":"normal","recaptcha_style":"light","css_classes":"","file_sizes":"","file_types":"","allow_multiple_upload":"","max_files":"","acceptance_text":"","checked_by_default":"","field_min":"","field_max":"","min_date":"","max_date":"","use_native_date":"","use_native_time":"","allow_multiple":"","select_size":"","field_html":""},{"_id":"email","field_type":"email","required":"true","field_label":"Email","placeholder":"Email","width":"33","field_value":"","field_options":"","inline_list":"","width_tablet":"","width_mobile":"","rows":4,"recaptcha_size":"normal","recaptcha_style":"light","css_classes":"","file_sizes":"","file_types":"","allow_multiple_upload":"","max_files":"","acceptance_text":"","checked_by_default":"","field_min":"","field_max":"","min_date":"","max_date":"","use_native_date":"","use_native_time":"","allow_multiple":"","select_size":"","field_html":""}],"input_size":"md","show_labels":"","button_text":"send","button_size":"md","button_width":"33","button_align":"start","email_content":"[all-fields]","email_content_2":"[all-fields]","success_message":"The form was sent successfully!","error_message":"There's something wrong... Please fill in the required fields.","required_field_message":"Required","invalid_message":"There's something wrong... The form is invalid.","subscriber_already_exists_message":"Subscriber already exist.","column_gap":{"unit":"px","size":15},"field_text_color":"#1c1c1c","field_typography_typography":"custom","field_typography_font_family":"Roboto","field_typography_font_size":{"unit":"px","size":15},"field_typography_font_weight":"400","field_background_color":"#efefef","field_border_color":"#c7d6db","field_border_width":{"unit":"px","top":"0","right":"0","bottom":"0","left":"8","isLinked":false},"field_border_radius":{"unit":"px","top":"60","right":"60","bottom":"60","left":"60","isLinked":true},"button_text_color":"#ffffff","button_typography_typography":"custom","button_typography_font_family":"Roboto","button_typography_font_size":{"unit":"px","size":17},"button_typography_font_weight":"500","button_typography_text_transform":"uppercase","button_typography_letter_spacing":{"unit":"px","size":1},"button_background_color":"#13c661","button_border_width":{"unit":"px","top":"2","right":"2","bottom":"2","left":"2","isLinked":true},"button_border_color":"#1cb2c9","button_border_radius":{"unit":"px","top":"60","right":"60","bottom":"60","left":"60","isLinked":true},"button_text_padding":{"unit":"px","top":"0","right":"40","bottom":"0","left":"40","isLinked":false},"_box_shadow_box_shadow_type":"yes","_box_shadow_box_shadow":{"horizontal":0,"vertical":0,"blur":10,"spread":0,"color":""},"button_align_mobile":"center","row_gap":{"unit":"px","size":16},"button_hover_color":"#ffffff","button_background_hover_color":"#383838","button_hover_border_color":"#1cb2c9","button_hover_animation":"grow","animation_duration":"fast","button_typography_line_height":{"unit":"em","size":2},"_padding":{"unit":"px","top":"0","right":"0","bottom":"50","left":"0","isLinked":false},"button_align_tablet":"start","_margin_tablet":{"unit":"px","top":"0","right":"0","bottom":"0","left":"0","isLinked":false},"_margin_mobile":{"unit":"px","top":"0","right":"20","bottom":"0","left":"020","isLinked":false},"_padding_tablet":{"unit":"px","top":"0","right":"0","bottom":"0","left":"84","isLinked":false},"_padding_mobile":{"unit":"px","top":"0","right":"0","bottom":"0","left":"0","isLinked":false}},"elements":[],"isInner":false,"widgetType":"form","elType":"widget"}],"isInner":true,"elType":"column"}],"isInner":true,"elType":"section"},{"id":"2e3f0752","settings":{"image":{"id":1252,"url":"http:\/\/localhost\/test\/wp-content\/uploads\/2018\/09\/Mountains4.png"},"image_size":"full","animation_duration":"fast","_background_background":"classic","_background_image":{"id":1262,"url":"http:\/\/localhost\/test\/wp-content\/uploads\/2018\/09\/Mountains2.png"},"_background_position":"top center","_background_size":"cover"},"elements":[],"isInner":false,"widgetType":"image","elType":"widget"}],"isInner":false,"elType":"column"}],"isInner":false,"elType":"section"}]}