{"version":"0.4","title":"ComingSoon8-page","type":"page","content":[{"id":"6005048f","settings":{"layout":"full_width","height":"min-height","column_position":"stretch","background_background":"classic","background_image":{"id":1118,"url":"http:\/\/localhost\/test\/wp-content\/uploads\/2018\/09\/henry-be-228194.jpg"},"background_position":"center center","background_size":"cover","custom_height":{"unit":"vh","size":100},"content_position":"bottom"},"elements":[{"id":"3542f416","settings":{"_column_size":100,"_inline_size":null,"background_background":"classic","background_color":"rgba(0,0,0,0.61)","border_radius":{"unit":"px","top":"10","right":"10","bottom":"10","left":"10","isLinked":true},"margin":{"unit":"px","top":"60","right":"60","bottom":"60","left":"60","isLinked":true},"margin_mobile":{"unit":"px","top":"20","right":"20","bottom":"20","left":"20","isLinked":true},"padding":{"unit":"px","top":"20","right":"40","bottom":"20","left":"40","isLinked":false}},"elements":[{"id":"1902bc74","settings":{"title":"New Site Coming Up in","align":"center","title_color":"#ffffff","typography_typography":"custom","typography_font_family":"Karla","typography_font_weight":"bold","typography_text_transform":"uppercase","typography_font_size":{"unit":"px","size":"49"},"typography_font_size_tablet":{"unit":"px","size":44},"typography_font_size_mobile":{"unit":"px","size":"37"}},"elements":[],"isInner":false,"widgetType":"heading","elType":"widget"},{"id":"9f3985","settings":{"weight":{"unit":"px","size":"5"},"color":"#ffffff","width":{"unit":"%","size":8},"align":"center","_padding":{"unit":"px","top":"0","right":"0","bottom":"30","left":"0","isLinked":false}},"elements":[],"isInner":false,"widgetType":"divider","elType":"widget"},{"id":"2bc61ac","settings":{"label_days":"Days","label_hours":"Hours","label_minutes":"Minutes","label_seconds":"Seconds","container_width":{"unit":"px","size":"620"},"container_width_tablet":{"unit":"px","size":"540"},"box_background_color":"rgba(0,0,0,0)","digits_typography_typography":"custom","digits_typography_font_size_mobile":{"unit":"px","size":30},"digits_typography_font_family":"Karla","digits_typography_font_weight":"600","label_typography_typography":"custom","label_typography_font_size_mobile":{"unit":"px","size":11},"label_typography_font_family":"Karla","label_typography_text_transform":"uppercase","label_typography_line_height_mobile":{"unit":"em","size":1.8}},"elements":[],"isInner":false,"widgetType":"countdown","elType":"widget"},{"id":"2a88eeda","settings":{"space":{"unit":"px","size":190},"space_tablet":{"unit":"px","size":305},"space_mobile":{"unit":"px","size":"75"}},"elements":[],"isInner":false,"widgetType":"spacer","elType":"widget"},{"id":"4cec8234","settings":{"structure":"20","layout":"full_width","content_position":"middle"},"elements":[{"id":"1a728db3","settings":{"_column_size":50,"_inline_size":null},"elements":[{"id":"2d180a30","settings":{"title":"Contact@gmail.com","title_color":"#ffffff","typography_typography":"custom","typography_font_family":"Karla","typography_font_weight":"200","typography_text_transform":"uppercase","header_size":"h4","align_mobile":"center","typography_font_size":{"unit":"px","size":"21"},"typography_font_size_mobile":{"unit":"px","size":"17"},"typography_letter_spacing":{"unit":"px","size":"0"}},"elements":[],"isInner":false,"widgetType":"heading","elType":"widget"}],"isInner":true,"elType":"column"},{"id":"4b4b0e88","settings":{"_column_size":50,"_inline_size":null},"elements":[{"id":"55dc5306","settings":{"social_icon_list":[{"social":"fa fa-facebook","_id":"has5aaa","link":{"url":"","is_external":"true","nofollow":""}},{"social":"fa fa-twitter","_id":"2zvu9sj","link":{"url":"","is_external":"true","nofollow":""}},{"social":"fa fa-google-plus","_id":"w05y8jd","link":{"url":"","is_external":"true","nofollow":""}}],"align":"right","icon_color":"custom","icon_primary_color":"rgba(255,255,255,0)","align_tablet":"right"},"elements":[],"isInner":false,"widgetType":"social-icons","elType":"widget"}],"isInner":true,"elType":"column"}],"isInner":true,"elType":"section"}],"isInner":false,"elType":"column"}],"isInner":false,"elType":"section"}]}