{"version":"0.4","title":"ComingSoon6-page","type":"page","content":[{"id":"771854ef","settings":{"height":"full","background_background":"classic","background_image":{"id":1114,"url":"http:\/\/localhost\/test\/wp-content\/uploads\/2018\/09\/clem-onojeghuo-198573.png"},"background_size":"cover","background_overlay_background":"gradient","background_overlay_color":"rgba(70,0,247,0.79)","background_overlay_color_b":"#1f0356","background_overlay_opacity":{"unit":"px","size":0.74},"background_overlay_gradient_angle":{"unit":"deg","size":210},"border_border":"solid","border_width":{"unit":"px","top":"20","right":"20","bottom":"20","left":"20","isLinked":true},"border_color":"#ffffff","padding_tablet":{"unit":"px","top":"20","right":"20","bottom":"20","left":"20","isLinked":true},"padding_mobile":{"unit":"px","top":"50","right":"25","bottom":"50","left":"25","isLinked":false},"column_position":"stretch","padding":{"unit":"px","top":"20","right":"20","bottom":"20","left":"20","isLinked":true}},"elements":[{"id":"3840513b","settings":{"_column_size":100,"_inline_size":null,"content_position":"center","padding_mobile":{"unit":"px","top":"0","right":"0","bottom":"0","left":"0","isLinked":true},"border_color":"#ffffff"},"elements":[{"id":"51252be5","settings":{"title":"Under Construction","align":"center","title_color":"#ffffff","typography_typography":"custom","typography_font_size":{"unit":"px","size":81},"typography_font_family":"Cormorant","typography_font_weight":"bold","typography_text_transform":"uppercase","typography_letter_spacing":{"unit":"px","size":"2"},"typography_font_size_tablet":{"unit":"px","size":54},"typography_font_size_mobile":{"unit":"px","size":"35"},"typography_letter_spacing_mobile":{"unit":"px","size":-0.8}},"elements":[],"isInner":false,"widgetType":"heading","elType":"widget"},{"id":"6e6bc437","settings":{"title":"Our services will be available again within:","align":"center","title_color":"#ffffff","typography_typography":"custom","typography_font_size":{"unit":"px","size":"25"},"typography_font_family":"Roboto","typography_font_weight":"300","typography_letter_spacing":{"unit":"px","size":"0"},"header_size":"h3","typography_font_size_mobile":{"unit":"px","size":"15"}},"elements":[],"isInner":false,"widgetType":"heading","elType":"widget"},{"id":"27569554","settings":{"label_days":"Days","label_hours":"Hours","label_minutes":"Minutes","label_seconds":"Seconds","container_width":{"unit":"%","size":"55"},"box_background_color":"rgba(255,255,255,0.31)","box_border_radius":{"unit":"%","top":"","right":"","bottom":"","left":"","isLinked":true},"box_spacing":{"unit":"px","size":"25"},"box_padding":{"unit":"px","top":"35","right":"0","bottom":"35","left":"0","isLinked":false},"digits_color":"#ffffff","digits_typography_typography":"custom","digits_typography_font_size":{"unit":"px","size":"50"},"digits_typography_font_weight":"600","label_color":"rgba(255,255,255,0.65)","_padding":{"unit":"px","top":"60","right":"0","bottom":"100","left":"0","isLinked":false},"digits_typography_font_family":"Roboto","label_typography_typography":"custom","label_typography_font_family":"Roboto","due_date":"2017-10-18 03:30","container_width_tablet":{"unit":"%","size":88},"box_spacing_tablet":{"unit":"px","size":26},"box_padding_mobile":{"unit":"px","top":"20","right":"0","bottom":"20","left":"0","isLinked":false},"digits_typography_font_size_mobile":{"unit":"px","size":26},"label_typography_font_size":{"unit":"px","size":"17"},"label_typography_font_size_mobile":{"unit":"px","size":"12"},"label_typography_line_height":{"unit":"em","size":1.2},"_padding_mobile":{"unit":"px","top":"20","right":"0","bottom":"20","left":"0","isLinked":false}},"elements":[],"isInner":false,"widgetType":"countdown","elType":"widget"},{"id":"66431aab","settings":{"structure":"30"},"elements":[{"id":"75d07358","settings":{"_column_size":33,"_inline_size":null,"margin":{"unit":"%","top":"","right":"","bottom":"","left":"","isLinked":true},"padding":{"unit":"%","top":"0","right":"20","bottom":"0","left":"0","isLinked":false},"padding_mobile":{"unit":"px","top":"0","right":"0","bottom":"0","left":"0","isLinked":true}},"elements":[{"id":"6d82f316","settings":{"title":"Sales","align":"center","title_color":"#ffffff","typography_typography":"custom","typography_font_size":{"unit":"px","size":"25"},"typography_font_family":"Cormorant","typography_font_weight":"bold","typography_text_transform":"uppercase","typography_letter_spacing":{"unit":"px","size":"2"},"header_size":"h3"},"elements":[],"isInner":false,"widgetType":"heading","elType":"widget"},{"id":"67145772","settings":{"title":"Lorem ipsum dolor sit amet, consectetur adipiscing elit. Morbi a volutpat tellus, non tempus ipsum.","align":"center","title_color":"rgba(255,255,255,0.57)","typography_typography":"custom","typography_font_size":{"unit":"px","size":"14"},"typography_font_family":"Roboto","typography_font_weight":"100","typography_line_height":{"unit":"em","size":"1.6"},"typography_letter_spacing":{"unit":"px","size":"0"},"header_size":"p"},"elements":[],"isInner":false,"widgetType":"heading","elType":"widget"}],"isInner":true,"elType":"column"},{"id":"3ef724f2","settings":{"_column_size":33,"_inline_size":null,"border_border":"solid","border_width":{"unit":"px","top":"0","right":"1","bottom":"0","left":"1","isLinked":false},"border_color":"#ffffff","margin":{"unit":"%","top":"","right":"","bottom":"","left":"","isLinked":true},"padding":{"unit":"%","top":"0","right":"10","bottom":"0","left":"10","isLinked":false},"margin_mobile":{"unit":"px","top":"20","right":"0","bottom":"20","left":"0","isLinked":false},"padding_mobile":{"unit":"px","top":"0","right":"0","bottom":"0","left":"0","isLinked":true}},"elements":[{"id":"61501bdd","settings":{"title":"Support","align":"center","title_color":"#ffffff","typography_typography":"custom","typography_font_size":{"unit":"px","size":"25"},"typography_font_family":"Cormorant","typography_font_weight":"bold","typography_text_transform":"uppercase","typography_letter_spacing":{"unit":"px","size":"2"},"_margin":{"unit":"%","top":"","right":"","bottom":"","left":"","isLinked":true},"header_size":"h3"},"elements":[],"isInner":false,"widgetType":"heading","elType":"widget"},{"id":"2810cff7","settings":{"title":"Lorem ipsum dolor sit amet, consectetur adipiscing elit. Morbi a volutpat tellus, non tempus ipsum.","align":"center","title_color":"rgba(255,255,255,0.57)","typography_typography":"custom","typography_font_size":{"unit":"px","size":"14"},"typography_font_family":"Roboto","typography_font_weight":"100","typography_line_height":{"unit":"em","size":"1.6"},"typography_letter_spacing":{"unit":"px","size":"0"},"header_size":"p"},"elements":[],"isInner":false,"widgetType":"heading","elType":"widget"}],"isInner":true,"elType":"column"},{"id":"57f125ec","settings":{"_column_size":33,"_inline_size":null,"margin":{"unit":"%","top":"","right":"","bottom":"","left":"","isLinked":true},"padding":{"unit":"%","top":"0","right":"0","bottom":"0","left":"20","isLinked":false},"padding_mobile":{"unit":"px","top":"0","right":"0","bottom":"0","left":"0","isLinked":true}},"elements":[{"id":"32cb1339","settings":{"title":"Contact","align":"center","title_color":"#ffffff","typography_typography":"custom","typography_font_size":{"unit":"px","size":"25"},"typography_font_family":"Cormorant","typography_font_weight":"bold","typography_text_transform":"uppercase","typography_letter_spacing":{"unit":"px","size":"2"},"header_size":"h3"},"elements":[],"isInner":false,"widgetType":"heading","elType":"widget"},{"id":"7f974928","settings":{"title":"Lorem ipsum dolor sit amet, consectetur adipiscing elit. Morbi a volutpat tellus, non tempus ipsum.","align":"center","title_color":"rgba(255,255,255,0.57)","typography_typography":"custom","typography_font_size":{"unit":"px","size":"14"},"typography_font_family":"Roboto","typography_font_weight":"100","typography_line_height":{"unit":"em","size":"1.6"},"typography_letter_spacing":{"unit":"px","size":"0"},"header_size":"p"},"elements":[],"isInner":false,"widgetType":"heading","elType":"widget"}],"isInner":true,"elType":"column"}],"isInner":true,"elType":"section"}],"isInner":false,"elType":"column"}],"isInner":false,"elType":"section"}]}