{"version":"0.4","title":"ComingSoon4-page","type":"page","content":[{"id":"6456bc4","settings":{"layout":"full_width","height":"full","column_position":"stretch","content_position":"middle","margin_tablet":{"unit":"px","top":"","right":0,"bottom":"","left":0,"isLinked":true},"margin_mobile":{"unit":"px","top":"","right":0,"bottom":"","left":0,"isLinked":true},"padding_mobile":{"unit":"px","top":"0","right":"0","bottom":"0","left":"0","isLinked":false},"background_background":"classic","background_image":{"id":1110,"url":"http:\/\/localhost\/test\/wp-content\/uploads\/2018\/09\/soon1.jpg"},"background_position":"bottom right","background_size":"cover"},"elements":[{"id":"255fc395","settings":{"_column_size":100,"_inline_size":null,"background_background":"classic","background_image":{"id":1109,"url":"http:\/\/localhost\/test\/wp-content\/uploads\/2018\/09\/2..jpg"},"background_size":"cover","margin_tablet":{"unit":"px","top":"0","right":"0","bottom":"0","left":"0","isLinked":true},"padding":{"unit":"%","top":"0","right":"5","bottom":"0","left":"5","isLinked":false},"padding_tablet":{"unit":"%","top":"0","right":"5","bottom":"0","left":"5","isLinked":false},"padding_mobile":{"unit":"%","top":"15","right":"5","bottom":"20","left":"5","isLinked":false},"margin":{"unit":"%","top":"0","right":"50","bottom":"0","left":"0","isLinked":false}},"elements":[{"id":"4931db41","settings":{"image":{"id":1108,"url":"http:\/\/localhost\/test\/wp-content\/uploads\/2018\/09\/col.png"},"space":{"unit":"%","size":35},"image_size":"full"},"elements":[],"isInner":false,"widgetType":"image","elType":"widget"},{"id":"2946dc26","settings":{"title":"Coming soon","header_size":"h1","align":"center","title_color":"#ffffff","typography_typography":"custom","typography_font_size":{"unit":"px","size":75},"typography_font_size_mobile":{"unit":"px","size":"53"},"typography_font_family":"Courgette","typography_text_transform":"capitalize","section_custom_css_pro":"","custom_css_pro":""},"elements":[],"isInner":false,"widgetType":"heading","elType":"widget"},{"id":"27b6bd1b","settings":{"editor":"<p>This fall will be <strong>HOT! <\/strong><\/p>","align":"center","text_color":"#ffffff","typography_typography":"custom","typography_font_size":{"unit":"px","size":"26"},"typography_font_size_mobile":{"unit":"px","size":"20"},"typography_font_family":"Roboto","typography_font_weight":"300","_padding":{"unit":"px","top":"0","right":"0","bottom":"15","left":"0","isLinked":false},"_padding_tablet":{"unit":"%","top":"","right":"","bottom":"","left":"","isLinked":true},"_padding_mobile":{"unit":"%","top":"","right":"","bottom":"","left":"","isLinked":true},"section_custom_css_pro":"","custom_css_pro":""},"elements":[],"isInner":false,"widgetType":"text-editor","elType":"widget"},{"id":"6ac28ac1","settings":{"due_date":"2017-11-07 02:00","show_days":"true","show_hours":"true","show_minutes":"true","show_seconds":"true","show_labels":"true","custom_labels":"true","label_days":"dd","label_hours":"hr","label_minutes":"min","label_seconds":"sec","box_background_color":"rgba(0,0,0,0)","box_border_border":"solid","box_border_width":{"unit":"px","top":"0","right":"0","bottom":"0","left":"0","isLinked":true},"box_spacing":{"unit":"px","size":"0"},"box_spacing_tablet":{"unit":"px","size":"5"},"box_padding_tablet":{"unit":"px","top":"10","right":"10","bottom":"10","left":"10","isLinked":true},"box_padding_mobile":{"unit":"%","top":"5","right":"5","bottom":"5","left":"5","isLinked":true},"digits_color":"#ffffff","digits_typography_typography":"custom","digits_typography_font_size":{"unit":"px","size":"70"},"digits_typography_font_size_tablet":{"unit":"px","size":64},"digits_typography_font_size_mobile":{"unit":"px","size":"35"},"digits_typography_font_family":"Roboto Condensed","digits_typography_font_weight":"900","label_color":"#03b596","label_typography_typography":"custom","label_typography_font_size_tablet":{"unit":"px","size":17},"label_typography_font_size_mobile":{"unit":"px","size":"14"},"label_typography_font_family":"Roboto","label_typography_font_weight":"500","label_typography_letter_spacing":{"unit":"px","size":2.3},"_padding_mobile":{"unit":"%","top":"0","right":"5","bottom":"0","left":"5","isLinked":false},"section_custom_css_pro":"","custom_css_pro":"","container_width_tablet":{"unit":"%","size":82},"box_spacing_mobile":{"unit":"px","size":18}},"elements":[],"isInner":false,"widgetType":"countdown","elType":"widget"},{"id":"476cc1ce","settings":{"title":"Get updated","align":"center","title_color":"#ffffff","typography_typography":"custom","typography_font_size":{"unit":"px","size":"40"},"typography_font_size_mobile":{"unit":"px","size":"33"},"typography_font_family":"Courgette","typography_text_transform":"capitalize","_padding":{"unit":"px","top":"90","right":"0","bottom":"15","left":"0","isLinked":false},"_padding_tablet":{"unit":"%","top":"","right":"","bottom":"","left":"","isLinked":true},"_padding_mobile":{"unit":"%","top":"10","right":"0","bottom":"0","left":"0","isLinked":false},"section_custom_css_pro":"","custom_css_pro":"","header_size":"h4"},"elements":[],"isInner":false,"widgetType":"heading","elType":"widget"},{"id":"5ac9fa8","settings":{"form_name":"New Form","form_fields":[{"field_type":"email","field_label":"Your email adress","placeholder":"Your email adress","width":"60","_id":"v3mmo1f","required":"","field_options":"","inline_list":"","rows":4,"recaptcha_size":"normal","recaptcha_style":"light","css_classes":"","width_tablet":"","width_mobile":"","field_value":"","file_sizes":"","file_types":"","allow_multiple_upload":"","max_files":"","acceptance_text":"","checked_by_default":"","field_min":"","field_max":"","min_date":"","max_date":"","use_native_date":"","use_native_time":"","allow_multiple":"","select_size":"","field_html":""}],"input_size":"lg","show_labels":"","button_text":"Notify me","button_size":"lg","button_width":"40","button_align_tablet":"stretch","button_align_mobile":"stretch","success_message":"The message was sent successfully!","error_message":"There's something wrong... Please fill in the required fields.","required_field_message":"Required","invalid_message":"There's something wrong... The form is invalid.","column_gap":{"unit":"px","size":0},"row_gap":{"unit":"px","size":4},"field_text_color":"#ffffff","field_typography_typography":"custom","field_typography_font_family":"Roboto","field_typography_text_transform":"capitalize","field_background_color":"#000000","field_border_color":"#ffffff","field_border_width":{"unit":"px","top":"0","right":"0","bottom":"0","left":"0","isLinked":true},"field_border_radius":{"unit":"px","top":"0","right":"0","bottom":"0","left":"0","isLinked":true},"button_typography_typography":"custom","button_typography_font_family":"Roboto","button_typography_font_weight":"700","button_typography_text_transform":"uppercase","button_typography_letter_spacing":{"unit":"px","size":"1.6"},"button_background_color":"#03b596","button_border_radius":{"unit":"px","top":"0","right":"0","bottom":"0","left":"0","isLinked":true},"section_custom_css_pro":"","custom_css_pro":"","email_content":"[all-fields]","email_content_2":"[all-fields]"},"elements":[],"isInner":false,"widgetType":"form","elType":"widget"}],"isInner":false,"elType":"column"}],"isInner":false,"elType":"section"}]}