{"version":"0.4","title":"Contact-Delivery-Company-page","type":"page","content":[{"id":"52fca347","settings":{"layout":"full_width","content_width":{"unit":"px","size":1140},"height":"min-height","custom_height":{"unit":"px","size":0},"background_background":"classic","background_image":{"id":1004,"url":"http:\/\/localhost\/test\/wp-content\/uploads\/2018\/09\/10-1-1.jpg"},"background_position":"bottom center","background_size":"cover","background_overlay_title":"","padding":{"unit":"px","top":"70","right":"0","bottom":"70","left":"0","isLinked":false},"padding_tablet":{"unit":"px","top":"50","right":"0","bottom":"50","left":"0","isLinked":false},"padding_mobile":{"unit":"px","top":"40","right":"0","bottom":"40","left":"0","isLinked":false},"reverse_order_mobile":"reverse-mobile"},"elements":[{"id":"b93053a","settings":{"_column_size":100,"_inline_size":null},"elements":[{"id":"7357cb62","settings":{"title":"Contact us","size":"large","align":"center","title_color":"#ffffff","typography_typography":"custom","typography_font_size":{"unit":"px","size":"60"},"typography_font_family":"Roboto Condensed","typography_font_weight":"600","typography_text_transform":"capitalize","typography_letter_spacing":{"unit":"px","size":"1.5"},"header_size":"h1"},"elements":[],"isInner":false,"widgetType":"heading","elType":"widget"}],"isInner":false,"elType":"column"}],"isInner":false,"elType":"section"},{"id":"7f8c798b","settings":{"content_width":{"unit":"px","size":1140},"structure":"20","background_background":"classic","background_color":"#ebebeb","background_overlay_title":"","padding":{"unit":"px","top":"150","right":"0","bottom":"100","left":"0","isLinked":false},"padding_tablet":{"unit":"px","top":"50","right":"30","bottom":"40","left":"30","isLinked":false},"padding_mobile":{"unit":"px","top":"50","right":"32","bottom":"50","left":"32","isLinked":false}},"elements":[{"id":"43827c30","settings":{"_column_size":50,"_inline_size":"38.246","padding":{"unit":"px","top":"0","right":"100","bottom":"0","left":"0","isLinked":false},"padding_tablet":{"unit":"px","top":"0","right":"40","bottom":"0","left":"0","isLinked":false},"padding_mobile":{"unit":"px","top":"0","right":"0","bottom":"0","left":"0","isLinked":true}},"elements":[{"id":"4db28763","settings":{"title":"Write us","size":"large","align":"left","title_color":"#f84d43","typography_typography":"custom","typography_font_size":{"unit":"px","size":"40"},"typography_font_family":"Roboto Condensed","typography_font_weight":"600","typography_text_transform":"capitalize","typography_letter_spacing":{"unit":"px","size":"1"},"typography_font_size_tablet":{"unit":"px","size":"30"},"align_mobile":"center","typography_font_size_mobile":{"unit":"px","size":"35"}},"elements":[],"isInner":false,"widgetType":"heading","elType":"widget"},{"id":"3a162d70","settings":{"editor":"<p>Lorem ipsum dolor sit amet, consectetur adipiscing elit.<\/p>","text_color":"#333333","typography_typography":"custom","typography_font_size":{"unit":"px","size":"20"},"typography_font_family":"Roboto Condensed","typography_font_weight":"600","typography_line_height":{"unit":"em","size":"1.5"},"typography_font_size_tablet":{"unit":"px","size":"18"},"align_mobile":"center","typography_font_size_mobile":{"unit":"px","size":"22"}},"elements":[],"isInner":false,"widgetType":"text-editor","elType":"widget"},{"id":"5d5a4473","settings":{"editor":"<p>Lorem ipsum dolor sit amet, consectetur adipiscing elit. Nam sodales fermentum gravida. Vivamus elementum massa neque, sed fringilla mi malesuada aliquet.\u00a0<\/p>","typography_typography":"custom","typography_font_size":{"unit":"px","size":15},"typography_font_family":"Roboto Condensed","typography_letter_spacing":{"unit":"px","size":"0.8"},"typography_font_size_tablet":{"unit":"px","size":"14"},"align_mobile":"center"},"elements":[],"isInner":false,"widgetType":"text-editor","elType":"widget"}],"isInner":false,"elType":"column"},{"id":"7b1431a","settings":{"_column_size":50,"_inline_size":"61.754","background_background":"classic","padding_tablet":{"unit":"px","top":"0","right":"0","bottom":"0","left":"30","isLinked":false},"margin_mobile":{"unit":"px","top":"30","right":"0","bottom":"0","left":"0","isLinked":false},"padding_mobile":{"unit":"px","top":"0","right":"0","bottom":"0","left":"0","isLinked":true}},"elements":[{"id":"39aff9a6","settings":{"form_name":"New Form","form_fields":[{"_id":"name","field_type":"text","field_label":"Name","placeholder":"Name","width":"50","form_fields_tabs":"","form_fields_content_tab":"","required":"","field_options":"","inline_list":"","width_tablet":"","width_mobile":"","rows":4,"recaptcha_size":"normal","recaptcha_style":"light","css_classes":"","form_fields_advanced_tab":"","shortcode":"","field_value":"","file_sizes":"","file_types":"","allow_multiple_upload":"","max_files":"","acceptance_text":"","checked_by_default":"","field_min":"","field_max":"","min_date":"","max_date":"","use_native_date":"","use_native_time":"","allow_multiple":"","select_size":"","field_html":""},{"_id":"email","field_type":"email","required":"true","field_label":"Email","placeholder":"Email","width":"50","form_fields_tabs":"","form_fields_content_tab":"","field_options":"","inline_list":"","width_tablet":"","width_mobile":"","rows":4,"recaptcha_size":"normal","recaptcha_style":"light","css_classes":"","form_fields_advanced_tab":"","shortcode":"","field_value":"","file_sizes":"","file_types":"","allow_multiple_upload":"","max_files":"","acceptance_text":"","checked_by_default":"","field_min":"","field_max":"","min_date":"","max_date":"","use_native_date":"","use_native_time":"","allow_multiple":"","select_size":"","field_html":""},{"_id":"field_1","field_type":"text","required":"true","field_label":"Subject","placeholder":"Subject","width":"100","form_fields_tabs":"","form_fields_content_tab":"","field_options":"","inline_list":"","width_tablet":"","width_mobile":"","rows":4,"recaptcha_size":"normal","recaptcha_style":"light","css_classes":"","form_fields_advanced_tab":"","shortcode":"","field_value":"","file_sizes":"","file_types":"","allow_multiple_upload":"","max_files":"","acceptance_text":"","checked_by_default":"","field_min":"","field_max":"","min_date":"","max_date":"","use_native_date":"","use_native_time":"","allow_multiple":"","select_size":"","field_html":""},{"_id":"message","field_type":"textarea","field_label":"Message","placeholder":"Message","width":"100","form_fields_tabs":"","form_fields_content_tab":"","required":"","field_options":"","inline_list":"","width_tablet":"","width_mobile":"","rows":4,"recaptcha_size":"normal","recaptcha_style":"light","css_classes":"","form_fields_advanced_tab":"","shortcode":"","field_value":"","file_sizes":"","file_types":"","allow_multiple_upload":"","max_files":"","acceptance_text":"","checked_by_default":"","field_min":"","field_max":"","min_date":"","max_date":"","use_native_date":"","use_native_time":"","allow_multiple":"","select_size":"","field_html":""}],"show_labels":"","button_text":"Send","button_align":"end","email_content":"[all-fields]","email_content_2":"[all-fields]","success_message":"The form was sent successfully!","error_message":"There's something wrong... Please fill in the required fields.","required_field_message":"Required","invalid_message":"There's something wrong... The form is invalid.","field_typography_typography":"custom","field_typography_font_family":"Roboto Condensed","field_typography_font_weight":"100","field_border_width":{"unit":"px","top":"0","right":"0","bottom":"0","left":"0","isLinked":false},"field_border_radius":{"unit":"px","top":"0","right":"0","bottom":"0","left":"0","isLinked":true},"button_typography_typography":"custom","button_typography_font_size":{"unit":"px","size":"16"},"button_typography_font_family":"Roboto Condensed","button_typography_font_weight":"bold","button_typography_text_transform":"uppercase","button_typography_letter_spacing":{"unit":"px","size":"3"},"button_background_color":"#f84d43","button_border_radius":{"unit":"px","top":"0","right":"0","bottom":"0","left":"0","isLinked":true},"button_align_mobile":"stretch","button_background_hover_color":"#000000"},"elements":[],"isInner":false,"widgetType":"form","elType":"widget"}],"isInner":false,"elType":"column"}],"isInner":false,"elType":"section"},{"id":"1b8479e9","settings":{"layout":"full_width","content_width":{"unit":"px","size":1140},"gap":"no","custom_height":{"unit":"px","size":0},"background_overlay_title":""},"elements":[{"id":"35092740","settings":{"_column_size":100,"_inline_size":null},"elements":[{"id":"e69e2ab","settings":{"address":"London Eye, London, United Kingdom","zoom":{"unit":"px","size":12},"height":{"unit":"px","size":421}},"elements":[],"isInner":false,"widgetType":"google_maps","elType":"widget"}],"isInner":false,"elType":"column"}],"isInner":false,"elType":"section"},{"id":"4b210dc5","settings":{"content_width":{"unit":"px","size":1140},"structure":"30","background_background":"classic","background_color":"#f84d43","background_overlay_title":"","padding":{"unit":"px","top":"100","right":"0","bottom":"100","left":"0","isLinked":false},"padding_tablet":{"unit":"px","top":"50","right":"10","bottom":"50","left":"10","isLinked":false}},"elements":[{"id":"6ef2f354","settings":{"_column_size":33,"_inline_size":null,"margin":{"unit":"px","top":"0","right":"80","bottom":"0","left":"0","isLinked":false},"margin_tablet":{"unit":"px","top":"0","right":"0","bottom":"0","left":"0","isLinked":false},"margin_mobile":{"unit":"px","top":"0","right":"0","bottom":"0","left":"0","isLinked":true},"padding_mobile":{"unit":"px","top":"0","right":"50","bottom":"0","left":"50","isLinked":false}},"elements":[{"id":"31735f23","settings":{"title":"Opening hours","size":"large","align":"left","title_color":"#000000","typography_typography":"custom","typography_font_size":{"unit":"px","size":"35"},"typography_font_family":"Roboto Condensed","typography_font_weight":"600","typography_text_transform":"capitalize","typography_letter_spacing":{"unit":"px","size":"1"},"typography_font_size_tablet":{"unit":"px","size":"30"},"header_size":"h4","align_mobile":"center","typography_font_size_mobile":{"unit":"px","size":"35"}},"elements":[],"isInner":false,"widgetType":"heading","elType":"widget"},{"id":"2d28658c","settings":{"editor":"<p>10am - 8pm everyday<\/p>","text_color":"#ffffff","typography_typography":"custom","typography_font_size":{"unit":"px","size":15},"typography_font_family":"Roboto Condensed","typography_font_weight":"600","typography_letter_spacing":{"unit":"px","size":"0.8"},"align_mobile":"center","typography_font_size_mobile":{"unit":"px","size":"18"}},"elements":[],"isInner":false,"widgetType":"text-editor","elType":"widget"},{"id":"4676ceac","settings":{"editor":"<p>Administration: from 9am till 4pm <br \/>Special points: from 10am till 5pm <br \/>Last entry - 4:30pm<\/p>","typography_typography":"custom","typography_font_size":{"unit":"px","size":15},"typography_font_family":"Roboto Condensed","typography_letter_spacing":{"unit":"px","size":"0.8"},"text_color":"rgba(255,255,255,0.85)","typography_font_size_tablet":{"unit":"px","size":"14"},"align_mobile":"center"},"elements":[],"isInner":false,"widgetType":"text-editor","elType":"widget"}],"isInner":false,"elType":"column"},{"id":"2e7796a0","settings":{"_column_size":33,"_inline_size":null,"margin":{"unit":"px","top":"0","right":"40","bottom":"0","left":"40","isLinked":false},"margin_tablet":{"unit":"px","top":"0","right":"0","bottom":"0","left":"0","isLinked":true},"padding_mobile":{"unit":"px","top":"50","right":"50","bottom":"50","left":"50","isLinked":true}},"elements":[{"id":"bbfe388","settings":{"title":"Call us","size":"large","align":"left","title_color":"#000000","typography_typography":"custom","typography_font_size":{"unit":"px","size":"35"},"typography_font_family":"Roboto Condensed","typography_font_weight":"600","typography_text_transform":"capitalize","typography_letter_spacing":{"unit":"px","size":"1"},"typography_font_size_tablet":{"unit":"px","size":"30"},"header_size":"h4","align_mobile":"center","typography_font_size_mobile":{"unit":"px","size":"35"}},"elements":[],"isInner":false,"widgetType":"heading","elType":"widget"},{"id":"258de1fb","settings":{"editor":"<p>+61 (0) 3 8376 6284<\/p>","text_color":"#ffffff","typography_typography":"custom","typography_font_size":{"unit":"px","size":15},"typography_font_family":"Roboto Condensed","typography_font_weight":"600","typography_letter_spacing":{"unit":"px","size":"0.8"},"align_mobile":"center","typography_font_size_mobile":{"unit":"px","size":"18"}},"elements":[],"isInner":false,"widgetType":"text-editor","elType":"widget"},{"id":"68f6708","settings":{"editor":"<p>Lorem ipsum dolor sit amet, consectetur adipisicing elit, sed do eiusmod tempor incididunt\u00a0<\/p>","typography_typography":"custom","typography_font_size":{"unit":"px","size":15},"typography_font_family":"Roboto Condensed","typography_letter_spacing":{"unit":"px","size":"0.8"},"text_color":"rgba(255,255,255,0.86)","align_mobile":"center"},"elements":[],"isInner":false,"widgetType":"text-editor","elType":"widget"}],"isInner":false,"elType":"column"},{"id":"59aa0211","settings":{"_column_size":33,"_inline_size":null,"margin":{"unit":"px","top":"0","right":"0","bottom":"0","left":"80","isLinked":false},"margin_tablet":{"unit":"px","top":"0","right":"0","bottom":"0","left":"0","isLinked":true},"padding_mobile":{"unit":"px","top":"0","right":"50","bottom":"0","left":"50","isLinked":false}},"elements":[{"id":"6d8f70e2","settings":{"title":"Useful info","size":"large","align":"left","title_color":"#000000","typography_typography":"custom","typography_font_size":{"unit":"px","size":"35"},"typography_font_family":"Roboto Condensed","typography_font_weight":"600","typography_text_transform":"capitalize","typography_letter_spacing":{"unit":"px","size":"1"},"typography_font_size_tablet":{"unit":"px","size":"30"},"header_size":"h4","align_mobile":"center","typography_font_size_mobile":{"unit":"px","size":"35"}},"elements":[],"isInner":false,"widgetType":"heading","elType":"widget"},{"id":"7fb98d2f","settings":{"align":"left","primary_color":"#ffffff","size":{"unit":"px","size":"20"},"align_mobile":"center","icon":"fa fa-check"},"elements":[],"isInner":false,"widgetType":"icon","elType":"widget"},{"id":"4b9df345","settings":{"editor":"<p>1Nunc at leo sit amet est mattis volutpat id in sem. Vivamus ultrices semper purus at tempor.<\/p>","typography_typography":"custom","typography_font_size":{"unit":"px","size":15},"typography_font_family":"Roboto Condensed","typography_letter_spacing":{"unit":"px","size":"0.8"},"text_color":"rgba(255,255,255,0.86)","align_mobile":"center"},"elements":[],"isInner":false,"widgetType":"text-editor","elType":"widget"}],"isInner":false,"elType":"column"}],"isInner":false,"elType":"section"},{"id":"5674137","settings":{"custom_height":{"unit":"px","size":"500"},"background_background":"classic","background_image":{"id":"502","url":"http:\/\/localhost\/test\/wp-content\/uploads\/2018\/09\/3-2-1-1.jpg"},"background_position":"center center","background_size":"cover","background_overlay_title":"","background_overlay_background":"classic","background_overlay_color":"#020928","background_overlay_opacity":{"unit":"px","size":"0.7"},"padding":{"unit":"px","top":"80","right":"80","bottom":"80","left":"80","isLinked":true},"margin_tablet":{"unit":"px","top":"","right":0,"bottom":"","left":0,"isLinked":true},"padding_mobile":{"unit":"px","top":"30","right":"30","bottom":"30","left":"30","isLinked":true},"padding_tablet":{"unit":"px","top":"40","right":"80","bottom":"40","left":"80","isLinked":false}},"elements":[{"id":"7ff63d87","settings":{"_column_size":100,"_inline_size":null,"margin_tablet":{"unit":"px","top":"0","right":"0","bottom":"0","left":"0","isLinked":true}},"elements":[{"id":"3c43cecc","settings":{"title":"Call Us Now","size":"large","align":"center","title_color":"#ffffff","typography_typography":"custom","typography_font_size":{"unit":"px","size":"70"},"typography_font_family":"Roboto Condensed","typography_font_style":"italic","typography_letter_spacing":{"unit":"px","size":"1"},"_padding":{"unit":"px","top":"0","right":"0","bottom":"20","left":"0","isLinked":false},"typography_font_size_tablet":{"unit":"px","size":"40"},"_padding_tablet":{"unit":"px","top":"0","right":"0","bottom":"0","left":"0","isLinked":true}},"elements":[],"isInner":false,"widgetType":"heading","elType":"widget"},{"id":"65e7e88a","settings":{"title":"+32 558 555 673","size":"large","align":"center","title_color":"#ffffff","typography_typography":"custom","typography_font_size":{"unit":"px","size":"50"},"typography_font_family":"Roboto Condensed","typography_font_weight":"bold","typography_font_style":"normal","typography_letter_spacing":{"unit":"px","size":"1"},"_margin":{"unit":"%","top":"0","right":"30","bottom":"0","left":"30","isLinked":false},"_padding":{"unit":"px","top":"10","right":"10","bottom":"10","left":"10","isLinked":true},"_border_border":"solid","_border_width":{"unit":"px","top":"5","right":"0","bottom":"5","left":"0","isLinked":false},"_border_color":"#f84d43","typography_font_size_mobile":{"unit":"px","size":"30"},"_margin_tablet":{"unit":"%","top":"0","right":"20","bottom":"0","left":"20","isLinked":false},"_margin_mobile":{"unit":"%","top":"0","right":"10","bottom":"0","left":"10","isLinked":false},"_padding_tablet":{"unit":"px","top":"20","right":"0","bottom":"20","left":"0","isLinked":false},"typography_font_size_tablet":{"unit":"px","size":"40"}},"elements":[],"isInner":false,"widgetType":"heading","elType":"widget"}],"isInner":false,"elType":"column"}],"isInner":false,"elType":"section"}]}