{"version":"0.4","title":"Contact-Interior-page","type":"page","content":[{"id":"13ae85ac","settings":{"section_layout":"","layout":"full_width","gap":"no","height":"min-height","custom_height":{"unit":"px","size":""},"column_position":"stretch","content_position":"middle","structure":"20","section_background":"","background_background":"none","background_overlay_section":"","section_border":"","box_shadow_box_shadow":{"horizontal":0,"vertical":0,"blur":10,"spread":0,"inset":"","color":"rgba(0,0,0,0.5)"},"section_typo":"","section_advanced":"","margin":{"unit":"px","top":"65","right":0,"bottom":"85","left":0,"isLinked":false},"_section_responsive":"","heading_visibility":"","responsive_description":"","section_custom_css":"","custom_css_description":"","section_custom_css_pro":"","custom_css_pro":""},"elements":[{"id":"13e4b108","settings":{"_column_size":50,"_inline_size":null,"section_style":"","background_background":"classic","background_color":"#e0c387","background_size":"cover","box_shadow_box_shadow":{"horizontal":0,"vertical":0,"blur":10,"spread":0,"inset":"","color":"rgba(0,0,0,0.5)"},"section_background_overlay":"","background_overlay_background":"none","background_overlay_opacity":{"unit":"px","size":0.71},"section_typo":"","section_advanced":"","padding":{"unit":"px","top":"70","right":"0","bottom":"70","left":"120","isLinked":false},"padding_tablet":{"unit":"px","top":"60","right":"0","bottom":"60","left":"45","isLinked":false},"padding_mobile":{"unit":"px","top":"50","right":"0","bottom":"50","left":"30","isLinked":false},"section_responsive":"","screen_sm":"default","screen_sm_width":"100","screen_xs":"default","screen_xs_width":"100","section_custom_css":"","custom_css_description":"","section_custom_css_pro":"","custom_css_pro":""},"elements":[{"id":"72baeb77","settings":{"section_form_fields":"","form_name":"Sample Form","form_fields":[{"field_type":"text","field_label":"Name","placeholder":"Name","width":"33","required":"","field_options":"","inline_list":"","width_tablet":"","width_mobile":"","rows":4,"recaptcha_size":"normal","recaptcha_style":"light","css_classes":"","_id":"qi8lqp1","field_value":"","file_sizes":"","file_types":"","allow_multiple_upload":"","max_files":"","acceptance_text":"","checked_by_default":"","field_min":"","field_max":"","min_date":"","max_date":"","use_native_date":"","use_native_time":"","allow_multiple":"","select_size":"","field_html":""},{"field_type":"email","required":true,"field_label":"Email","placeholder":"Email","width":"33","field_options":"","inline_list":"","width_tablet":"","width_mobile":"","rows":4,"recaptcha_size":"normal","recaptcha_style":"light","css_classes":"","_id":"8b28ttw","field_value":"","file_sizes":"","file_types":"","allow_multiple_upload":"","max_files":"","acceptance_text":"","checked_by_default":"","field_min":"","field_max":"","min_date":"","max_date":"","use_native_date":"","use_native_time":"","allow_multiple":"","select_size":"","field_html":""},{"field_type":"tel","field_label":"Tel","placeholder":"Tel","required":"","field_options":"","inline_list":"","width":"33","width_tablet":"","width_mobile":"","rows":4,"recaptcha_size":"normal","recaptcha_style":"light","css_classes":"","_id":"2gd0qrk","field_value":"","file_sizes":"","file_types":"","allow_multiple_upload":"","max_files":"","acceptance_text":"","checked_by_default":"","field_min":"","field_max":"","min_date":"","max_date":"","use_native_date":"","use_native_time":"","allow_multiple":"","select_size":"","field_html":""},{"field_type":"textarea","field_label":"Message","placeholder":"Message","width":"100","required":"","field_options":"","inline_list":"","width_tablet":"","width_mobile":"","rows":"6","recaptcha_size":"normal","recaptcha_style":"light","css_classes":"","_id":"1qsba9v","field_value":"","file_sizes":"","file_types":"","allow_multiple_upload":"","max_files":"","acceptance_text":"","checked_by_default":"","field_min":"","field_max":"","min_date":"","max_date":"","use_native_date":"","use_native_time":"","allow_multiple":"","select_size":"","field_html":""}],"input_size":"md","show_labels":"","section_submit_button":"","button_text":"Send","button_size":"md","section_form_options":"","send_html":"","success_message":"The message was sent successfully!","error_message":"There's something wrong... Please fill in the required fields.","required_field_message":"Required","invalid_message":"There's something wrong... The form is invalid.","section_form_style":"","column_gap":{"unit":"px","size":"20"},"row_gap":{"unit":"px","size":"20"},"heading_label":"","section_field_style":"","field_background_color":"rgba(191,201,209,0.26)","field_border_width":{"unit":"px","top":"0","right":"0","bottom":"0","left":"0","isLinked":true},"field_border_radius":{"unit":"px","top":"0","right":"0","bottom":"0","left":"0","isLinked":true},"section_button_style":"","tabs_button_style":"","tab_button_normal":"","button_typography_typography":"custom","button_typography_text_transform":"uppercase","button_background_color":"#002949","button_border_radius":{"unit":"px","top":"0","right":"0","bottom":"0","left":"0","isLinked":true},"tab_button_hover":"","button_background_hover_color":"#e0c387","_section_style":"","_margin":{"unit":"px","top":"0","right":"-100","bottom":"0","left":"0","isLinked":false},"_margin_mobile":{"unit":"px","top":"0","right":"0","bottom":"0","left":"0","isLinked":true},"_padding":{"unit":"px","top":"55","right":"55","bottom":"55","left":"55","isLinked":true},"_padding_mobile":{"unit":"px","top":"30","right":"30","bottom":"30","left":"30","isLinked":true},"_section_background":"","_background_background":"classic","_background_color":"#ffffff","_box_shadow_box_shadow_type":"outset","_box_shadow_box_shadow":{"horizontal":0,"vertical":0,"blur":"50","spread":0,"inset":"","color":"rgba(0,0,0,0.19)"},"_section_responsive":"","responsive_description":"","section_custom_css":"","custom_css_description":"","section_custom_css_pro":"","custom_css_pro":"","mark_required":"yes","email_content":"[all-fields]","email_content_2":"[all-fields]"},"elements":[],"isInner":false,"widgetType":"form","elType":"widget"}],"isInner":false,"elType":"column"},{"id":"1445e67c","settings":{"_column_size":50,"_inline_size":null,"section_style":"","background_background":"none","background_color":"#ffffff","box_shadow_box_shadow":{"horizontal":0,"vertical":0,"blur":10,"spread":0,"inset":"","color":"rgba(0,0,0,0.5)"},"section_background_overlay":"","section_typo":"","section_advanced":"","padding":{"unit":"%","top":"0","right":"12","bottom":"0","left":"38","isLinked":false},"padding_mobile":{"unit":"px","top":"50","right":"50","bottom":"50","left":"50","isLinked":true},"section_responsive":"","screen_sm":"default","screen_sm_width":"100","screen_xs":"default","screen_xs_width":"100","section_custom_css":"","custom_css_description":"","section_custom_css_pro":"","custom_css_pro":""},"elements":[{"id":"58d363b3","settings":{"section_title":"","title":"Contact Us.","link":{"is_external":"","url":""},"align_mobile":"center","section_title_style":"","title_color":"#002949","typography_typography":"custom","typography_font_size":{"unit":"px","size":43},"typography_font_family":"Poppins","typography_font_weight":"600","typography_letter_spacing":{"unit":"px","size":-1.6},"_section_style":"","_section_background":"","_box_shadow_box_shadow":{"horizontal":0,"vertical":0,"blur":10,"spread":0,"inset":"","color":"rgba(0,0,0,0.5)"},"_section_responsive":"","responsive_description":"","section_custom_css":"","custom_css_description":"","section_custom_css_pro":"","custom_css_pro":""},"elements":[],"isInner":false,"widgetType":"heading","elType":"widget"},{"id":"4acaa4ef","settings":{"section_divider":"","weight":{"unit":"px","size":"3"},"color":"#e0c387","width":{"unit":"%","size":12},"align_mobile":"center","_section_style":"","_section_background":"","_box_shadow_box_shadow":{"horizontal":0,"vertical":0,"blur":10,"spread":0,"inset":"","color":"rgba(0,0,0,0.5)"},"_section_responsive":"","responsive_description":"","section_custom_css":"","custom_css_description":"","section_custom_css_pro":"","custom_css_pro":""},"elements":[],"isInner":false,"widgetType":"divider","elType":"widget"},{"id":"2ad72237","settings":{"section_icon":"","icon_list":[{"text":"+44 20 5540 1234","icon":"fa fa-phone","link":{"url":"","is_external":"","nofollow":""},"_id":"kxo82hb"},{"text":"+44 35 9998 3245","icon":"fa fa-mobile-phone","link":{"url":"","is_external":"","nofollow":""},"_id":"89z2tky"},{"text":"+44 20 5540 4433","icon":"fa fa-fax","link":{"url":"","is_external":"","nofollow":""},"_id":"zi1l66f"}],"section_icon_style":"","icon_color":"rgba(0,41,73,0.38)","icon_align_mobile":"center","section_text_style":"","text_indent":{"unit":"px","size":7},"text_color":"rgba(0,41,73,0.38)","icon_typography_typography":"custom","icon_typography_font_family":"Lora","icon_typography_line_height":{"unit":"em","size":2.3},"_section_style":"","_section_background":"","_box_shadow_box_shadow":{"horizontal":0,"vertical":0,"blur":10,"spread":0,"inset":"","color":"rgba(0,0,0,0.5)"},"_section_responsive":"","responsive_description":"","section_custom_css":"","custom_css_description":"","section_custom_css_pro":"","custom_css_pro":""},"elements":[],"isInner":false,"widgetType":"icon-list","elType":"widget"}],"isInner":false,"elType":"column"}],"isInner":false,"elType":"section"},{"id":"35203437","settings":{"section_layout":"","layout":"full_width","gap":"no","section_background":"","background_overlay_section":"","section_border":"","box_shadow_box_shadow":{"horizontal":0,"vertical":0,"blur":10,"spread":0,"inset":"","color":"rgba(0,0,0,0.5)"},"section_typo":"","section_advanced":"","_section_responsive":"","heading_visibility":"","responsive_description":"","section_custom_css":"","custom_css_description":"","section_custom_css_pro":"","custom_css_pro":""},"elements":[{"id":"1c3e163b","settings":{"_column_size":100,"_inline_size":null,"section_style":"","box_shadow_box_shadow":{"horizontal":0,"vertical":0,"blur":10,"spread":0,"inset":"","color":"rgba(0,0,0,0.5)"},"section_background_overlay":"","section_typo":"","section_advanced":"","section_responsive":"","screen_sm":"default","screen_sm_width":"100","screen_xs":"default","screen_xs_width":"100","section_custom_css":"","custom_css_description":"","section_custom_css_pro":"","custom_css_pro":""},"elements":[{"id":"31803587","settings":{"section_title":"","title":"interior<BR>design","link":{"is_external":"","url":""},"align":"right","section_title_style":"","title_color":"rgba(191,201,209,0.34)","typography_typography":"custom","typography_font_size":{"unit":"px","size":"161"},"typography_font_size_tablet":{"unit":"px","size":"135"},"typography_font_size_mobile":{"unit":"px","size":"76"},"typography_font_family":"Poppins","typography_font_weight":"600","typography_text_transform":"uppercase","typography_line_height":{"unit":"em","size":0.9},"typography_letter_spacing":{"unit":"px","size":-4.4},"_section_style":"","_section_background":"","_box_shadow_box_shadow":{"horizontal":0,"vertical":0,"blur":10,"spread":0,"inset":"","color":"rgba(0,0,0,0.5)"},"_section_responsive":"","responsive_description":"","section_custom_css":"","custom_css_description":"","section_custom_css_pro":"","custom_css_pro":""},"elements":[],"isInner":false,"widgetType":"heading","elType":"widget"}],"isInner":false,"elType":"column"}],"isInner":false,"elType":"section"},{"id":"4f2911b9","settings":{"section_layout":"","content_width":{"unit":"px","size":"1040"},"gap":"no","structure":"30","section_background":"","background_background":"classic","background_color":"#ffffff","background_overlay_section":"","section_border":"","box_shadow_box_shadow":{"horizontal":0,"vertical":0,"blur":10,"spread":0,"inset":"","color":"rgba(0,0,0,0.5)"},"section_typo":"","section_advanced":"","margin":{"unit":"px","top":"-87","right":0,"bottom":"0","left":0,"isLinked":false},"margin_tablet":{"unit":"px","top":"0","right":0,"bottom":"0","left":0,"isLinked":true},"padding":{"unit":"px","top":"140","right":"0","bottom":"100","left":"0","isLinked":false},"padding_tablet":{"unit":"px","top":"50","right":"30","bottom":"50","left":"30","isLinked":false},"_section_responsive":"","heading_visibility":"","responsive_description":"","section_custom_css":"","custom_css_description":"","section_custom_css_pro":"","custom_css_pro":""},"elements":[{"id":"27016034","settings":{"_column_size":33,"_inline_size":null,"section_style":"","box_shadow_box_shadow":{"horizontal":0,"vertical":0,"blur":10,"spread":0,"inset":"","color":"rgba(0,0,0,0.5)"},"section_background_overlay":"","section_typo":"","section_advanced":"","margin":{"unit":"px","top":"0","right":"40","bottom":"0","left":"0","isLinked":false},"margin_tablet":{"unit":"px","top":"0","right":"20","bottom":"0","left":"0","isLinked":false},"margin_mobile":{"unit":"px","top":"0","right":"0","bottom":"0","left":"0","isLinked":true},"section_responsive":"","screen_sm":"default","screen_sm_width":"100","screen_xs":"default","screen_xs_width":"100","section_custom_css":"","custom_css_description":"","section_custom_css_pro":"","custom_css_pro":""},"elements":[{"id":"2e22426c","settings":{"section_icon":"","icon":"fa fa-skype","title_text":"design_uk","description_text":"","link":{"is_external":"","url":""},"section_style_icon":"","primary_color":"#bfc9d1","section_hover":"","hover_primary_color":"#e0c387","hover_animation":"grow","section_style_content":"","heading_title":"","title_color":"#002949","title_typography_typography":"custom","title_typography_font_size":{"unit":"px","size":19},"title_typography_font_family":"Poppins","title_typography_font_weight":"600","heading_description":"","_section_style":"","_margin_mobile":{"unit":"px","top":"0","right":"0","bottom":"30","left":"0","isLinked":false},"_padding":{"unit":"px","top":"50","right":"30","bottom":"50","left":"30","isLinked":false},"_section_background":"","_background_background":"classic","_background_color":"#ffffff","_border_border":"solid","_border_width":{"unit":"px","top":"1","right":"1","bottom":"1","left":"1","isLinked":true},"_border_color":"#e0c387","_box_shadow_box_shadow_type":"outset","_box_shadow_box_shadow":{"horizontal":0,"vertical":0,"blur":23,"spread":0,"inset":"","color":"rgba(0,0,0,0.12)"},"_section_responsive":"","responsive_description":"","section_custom_css":"","custom_css_description":"","section_custom_css_pro":"","custom_css_pro":""},"elements":[],"isInner":false,"widgetType":"icon-box","elType":"widget"}],"isInner":false,"elType":"column"},{"id":"12e0bd1b","settings":{"_column_size":33,"_inline_size":null,"section_style":"","box_shadow_box_shadow":{"horizontal":0,"vertical":0,"blur":10,"spread":0,"inset":"","color":"rgba(0,0,0,0.5)"},"section_background_overlay":"","section_typo":"","section_advanced":"","margin":{"unit":"px","top":"0","right":"20","bottom":"0","left":"20","isLinked":false},"margin_tablet":{"unit":"px","top":"0","right":"10","bottom":"0","left":"10","isLinked":false},"margin_mobile":{"unit":"px","top":"0","right":"0","bottom":"0","left":"0","isLinked":true},"section_responsive":"","screen_sm":"default","screen_sm_width":"100","screen_xs":"default","screen_xs_width":"100","section_custom_css":"","custom_css_description":"","section_custom_css_pro":"","custom_css_pro":""},"elements":[{"id":"1577a08e","settings":{"section_icon":"","icon":"fa fa-envelope-o","title_text":"mail@design.com","description_text":"","link":{"is_external":"","url":""},"section_style_icon":"","primary_color":"#bfc9d1","section_hover":"","hover_primary_color":"#e0c387","hover_animation":"grow","section_style_content":"","heading_title":"","title_color":"#002949","title_typography_typography":"custom","title_typography_font_size":{"unit":"px","size":19},"title_typography_font_family":"Poppins","title_typography_font_weight":"600","heading_description":"","_section_style":"","_margin_mobile":{"unit":"px","top":"0","right":"0","bottom":"30","left":"0","isLinked":false},"_padding":{"unit":"px","top":"50","right":"30","bottom":"50","left":"30","isLinked":false},"_section_background":"","_background_background":"classic","_background_color":"#ffffff","_border_border":"solid","_border_width":{"unit":"px","top":"1","right":"1","bottom":"1","left":"1","isLinked":true},"_border_color":"#e0c387","_box_shadow_box_shadow_type":"outset","_box_shadow_box_shadow":{"horizontal":0,"vertical":0,"blur":23,"spread":0,"inset":"","color":"rgba(0,0,0,0.12)"},"_section_responsive":"","responsive_description":"","section_custom_css":"","custom_css_description":"","section_custom_css_pro":"","custom_css_pro":""},"elements":[],"isInner":false,"widgetType":"icon-box","elType":"widget"}],"isInner":false,"elType":"column"},{"id":"32a07fff","settings":{"_column_size":33,"_inline_size":null,"section_style":"","box_shadow_box_shadow":{"horizontal":0,"vertical":0,"blur":10,"spread":0,"inset":"","color":"rgba(0,0,0,0.5)"},"section_background_overlay":"","section_typo":"","section_advanced":"","margin":{"unit":"px","top":"0","right":"0","bottom":"0","left":"40","isLinked":false},"margin_tablet":{"unit":"px","top":"0","right":"0","bottom":"0","left":"20","isLinked":false},"margin_mobile":{"unit":"px","top":"0","right":"0","bottom":"0","left":"0","isLinked":true},"section_responsive":"","screen_sm":"default","screen_sm_width":"100","screen_xs":"default","screen_xs_width":"100","section_custom_css":"","custom_css_description":"","section_custom_css_pro":"","custom_css_pro":""},"elements":[{"id":"667bff6a","settings":{"section_icon":"","icon":"fa fa-map-marker","title_text":"261 Camden Rd. London","description_text":"","link":{"is_external":"","url":""},"section_style_icon":"","primary_color":"#bfc9d1","section_hover":"","hover_primary_color":"#e0c387","hover_animation":"grow","section_style_content":"","heading_title":"","title_color":"#002949","title_typography_typography":"custom","title_typography_font_size":{"unit":"px","size":19},"title_typography_font_family":"Poppins","title_typography_font_weight":"600","heading_description":"","_section_style":"","_margin_mobile":{"unit":"px","top":"0","right":"0","bottom":"30","left":"0","isLinked":false},"_padding":{"unit":"px","top":"50","right":"30","bottom":"50","left":"30","isLinked":false},"_section_background":"","_background_background":"classic","_background_color":"#ffffff","_border_border":"solid","_border_width":{"unit":"px","top":"1","right":"1","bottom":"1","left":"1","isLinked":true},"_border_color":"#e0c387","_box_shadow_box_shadow_type":"outset","_box_shadow_box_shadow":{"horizontal":0,"vertical":0,"blur":23,"spread":0,"inset":"","color":"rgba(0,0,0,0.12)"},"_section_responsive":"","responsive_description":"","section_custom_css":"","custom_css_description":"","section_custom_css_pro":"","custom_css_pro":""},"elements":[],"isInner":false,"widgetType":"icon-box","elType":"widget"}],"isInner":false,"elType":"column"}],"isInner":false,"elType":"section"},{"id":"d5f0293","settings":{"section_layout":"","layout":"full_width","gap":"no","height":"min-height","custom_height":{"unit":"px","size":""},"column_position":"stretch","content_position":"middle","structure":"20","section_background":"","background_background":"classic","background_color":"#ffffff","background_overlay_section":"","section_border":"","box_shadow_box_shadow":{"horizontal":0,"vertical":0,"blur":10,"spread":0,"inset":"","color":"rgba(0,0,0,0.5)"},"section_typo":"","section_advanced":"","margin":{"unit":"px","top":"0","right":0,"bottom":"20","left":0,"isLinked":false},"padding":{"unit":"px","top":"0","right":"0","bottom":"85","left":"0","isLinked":false},"padding_mobile":{"unit":"px","top":"0","right":"0","bottom":"0","left":"0","isLinked":true},"_section_responsive":"","heading_visibility":"","responsive_description":"","section_custom_css":"","custom_css_description":"","section_custom_css_pro":"","custom_css_pro":""},"elements":[{"id":"27bc09ba","settings":{"_column_size":50,"_inline_size":"44.498","section_style":"","background_background":"none","background_color":"#ffffff","box_shadow_box_shadow":{"horizontal":0,"vertical":0,"blur":10,"spread":0,"inset":"","color":"rgba(0,0,0,0.5)"},"section_background_overlay":"","section_typo":"","section_advanced":"","padding":{"unit":"%","top":"0","right":"17","bottom":"0","left":"19","isLinked":false},"padding_tablet":{"unit":"%","top":"0","right":"31","bottom":"0","left":"13","isLinked":false},"padding_mobile":{"unit":"px","top":"30","right":"30","bottom":"50","left":"30","isLinked":false},"section_responsive":"","screen_sm":"default","screen_sm_width":"100","screen_xs":"default","screen_xs_width":"100","section_custom_css":"","custom_css_description":"","section_custom_css_pro":"","custom_css_pro":""},"elements":[{"id":"59fe3e6c","settings":{"section_title":"","title":"Follow Us.","link":{"is_external":"","url":""},"align_mobile":"center","section_title_style":"","title_color":"#002949","typography_typography":"custom","typography_font_size":{"unit":"px","size":43},"typography_font_family":"Poppins","typography_font_weight":"600","typography_letter_spacing":{"unit":"px","size":-1.6},"_section_style":"","_section_background":"","_box_shadow_box_shadow":{"horizontal":0,"vertical":0,"blur":10,"spread":0,"inset":"","color":"rgba(0,0,0,0.5)"},"_section_responsive":"","responsive_description":"","section_custom_css":"","custom_css_description":"","section_custom_css_pro":"","custom_css_pro":""},"elements":[],"isInner":false,"widgetType":"heading","elType":"widget"},{"id":"40eb3cd8","settings":{"section_divider":"","weight":{"unit":"px","size":"3"},"color":"#e0c387","width":{"unit":"%","size":12},"align_mobile":"center","_section_style":"","_section_background":"","_box_shadow_box_shadow":{"horizontal":0,"vertical":0,"blur":10,"spread":0,"inset":"","color":"rgba(0,0,0,0.5)"},"_section_responsive":"","responsive_description":"","section_custom_css":"","custom_css_description":"","section_custom_css_pro":"","custom_css_pro":""},"elements":[],"isInner":false,"widgetType":"divider","elType":"widget"},{"id":"274256ef","settings":{"section_icon":"","icon_list":[{"text":"Facebook","icon":"fa fa-facebook","link":{"url":"","is_external":"","nofollow":""},"_id":"kxo82hb"},{"text":"Twitter","icon":"fa fa-twitter","link":{"url":"","is_external":"","nofollow":""},"_id":"zi1l66f"},{"text":"YouTobe","icon":"fa fa-youtube","link":{"url":"","is_external":"","nofollow":""},"_id":"mlix2zy"}],"section_icon_style":"","icon_color":"rgba(0,41,73,0.4)","icon_align_mobile":"center","section_text_style":"","text_indent":{"unit":"px","size":7},"text_color":"rgba(0,41,73,0.38)","icon_typography_typography":"custom","icon_typography_font_family":"Lora","icon_typography_line_height":{"unit":"em","size":2.3},"_section_style":"","_section_background":"","_box_shadow_box_shadow":{"horizontal":0,"vertical":0,"blur":10,"spread":0,"inset":"","color":"rgba(0,0,0,0.5)"},"_section_responsive":"","responsive_description":"","section_custom_css":"","custom_css_description":"","section_custom_css_pro":"","custom_css_pro":""},"elements":[],"isInner":false,"widgetType":"icon-list","elType":"widget"}],"isInner":false,"elType":"column"},{"id":"18020c54","settings":{"_column_size":50,"_inline_size":"55.502","section_style":"","background_background":"classic","background_color":"#e0c387","background_image":{"id":"265","url":"http:\/\/localhost\/test\/wp-content\/uploads\/2018\/09\/StockSnap_N4NRIS99LE.jpg"},"background_size":"cover","box_shadow_box_shadow":{"horizontal":0,"vertical":0,"blur":10,"spread":0,"inset":"","color":"rgba(0,0,0,0.5)"},"section_background_overlay":"","background_overlay_background":"classic","background_overlay_color":"#bfc9d1","section_typo":"","section_advanced":"","padding":{"unit":"px","top":"70","right":"120","bottom":"70","left":"0","isLinked":false},"padding_tablet":{"unit":"px","top":"60","right":"45","bottom":"60","left":"0","isLinked":false},"padding_mobile":{"unit":"px","top":"50","right":"30","bottom":"50","left":"0","isLinked":false},"section_responsive":"","screen_sm":"default","screen_sm_width":"100","screen_xs":"default","screen_xs_width":"100","section_custom_css":"","custom_css_description":"","section_custom_css_pro":"","custom_css_pro":""},"elements":[{"id":"1984dee4","settings":{"section_map":"","address":"London Eye, London, United Kingdom","height":{"unit":"px","size":409},"_section_style":"","_margin":{"unit":"px","top":"0","right":"0","bottom":"0","left":"-100","isLinked":false},"_margin_mobile":{"unit":"px","top":"0","right":"0","bottom":"0","left":"0","isLinked":true},"_section_background":"","_box_shadow_box_shadow_type":"outset","_box_shadow_box_shadow":{"horizontal":0,"vertical":0,"blur":"50","spread":0,"inset":"","color":"rgba(0,0,0,0.19)"},"_section_responsive":"","responsive_description":"","section_custom_css":"","custom_css_description":"","section_custom_css_pro":"","custom_css_pro":""},"elements":[],"isInner":false,"widgetType":"google_maps","elType":"widget"}],"isInner":false,"elType":"column"}],"isInner":false,"elType":"section"}]}