{"version":"0.4","title":"Halloween-Pack-page","type":"page","content":[{"id":"2c74fc3b","settings":{"content_width":{"unit":"px","size":908},"height":"min-height","custom_height":{"unit":"vh","size":100},"background_background":"video","background_color":"#000000","background_color_b":"#173389","background_image":{"id":"1170","url":"http:\/\/localhost\/test\/wp-content\/uploads\/2018\/09\/BG2.png"},"background_position":"center center","background_size":"cover","background_video_link":"https:\/\/www.youtube.com\/watch?v=Q1GTZ6JSSFk","background_overlay_background":"classic","background_overlay_image":{"id":"1172","url":"http:\/\/localhost\/test\/wp-content\/uploads\/2018\/09\/hero-overlay-1.png"},"background_overlay_position":"bottom center","background_overlay_repeat":"no-repeat","background_overlay_size":"contain","background_overlay_opacity":{"unit":"px","size":1},"custom_height_tablet":{"unit":"vh","size":80},"custom_height_mobile":{"unit":"vh","size":84},"padding_mobile":{"unit":"px","top":"80","right":"0","bottom":"0","left":"0","isLinked":false},"background_video_fallback":{"id":"1171","url":"http:\/\/localhost\/test\/wp-content\/uploads\/2018\/09\/Rain-Background2.png"}},"elements":[{"id":"49cdfa71","settings":{"_column_size":100},"elements":[{"id":"5cccd56f","settings":{"title":"31 October 2017 - Elm Street bar","header_size":"h4","align":"center","title_color":"#ffffff","typography_typography":"custom","typography_font_family":"Raleway","typography_font_weight":"normal","typography_text_transform":"uppercase","typography_letter_spacing":{"unit":"px","size":3.6}},"elements":[],"isInner":false,"widgetType":"heading","elType":"widget"},{"id":"7c565c58","settings":{"title":"HALLOWEEN PARTY","align":"center","title_color":"#ffae00","typography_typography":"custom","typography_font_size":{"unit":"px","size":75},"typography_font_family":"Henny Penny","typography_line_height":{"unit":"em","size":1.6},"typography_font_size_mobile":{"unit":"px","size":43},"typography_line_height_tablet":{"unit":"px","size":81},"typography_line_height_mobile":{"unit":"px","size":44}},"elements":[],"isInner":false,"widgetType":"heading","elType":"widget"},{"id":"751c773d","settings":{"editor":"<p>On the evening of Halloween, we will host our very own Monster Bash. You are invited to eat, drink, and be scary.\u00a0Join us if you dare!\u00a0<\/p>","align":"center","text_color":"#ffffff","typography_typography":"custom","typography_font_family":"Raleway","typography_line_height":{"unit":"em","size":1.6},"_padding":{"unit":"%","top":"0","right":"10","bottom":"0","left":"10","isLinked":false}},"elements":[],"isInner":false,"widgetType":"text-editor","elType":"widget"},{"id":"6893a9fe","settings":{"text":"Get Invited","align":"center","typography_typography":"custom","typography_font_size":{"unit":"px","size":17},"typography_font_family":"Raleway","background_color":"rgba(0,0,0,0.27)","border_width":{"unit":"px","top":"2","right":"2","bottom":"2","left":"2","isLinked":true},"border_radius":{"unit":"px","top":"100","right":"100","bottom":"100","left":"100","isLinked":true},"_padding":{"unit":"px","top":"25","right":"0","bottom":"0","left":"0","isLinked":false},"typography_text_transform":"uppercase","typography_letter_spacing":{"unit":"px","size":1.4},"button_text_color":"#ffffff","button_box_shadow_box_shadow_type":"yes","button_box_shadow_box_shadow":{"horizontal":0,"vertical":0,"blur":36,"spread":0,"color":"rgba(0,0,0,0.23)"},"text_padding":{"unit":"px","top":"18","right":"42","bottom":"18","left":"42","isLinked":false},"_margin":{"unit":"px","top":"0","right":"0","bottom":"250","left":"0","isLinked":false},"_margin_tablet":{"unit":"px","top":"0","right":"0","bottom":"250","left":"0","isLinked":false},"_padding_mobile":{"unit":"px","top":"0","right":"0","bottom":"0","left":"0","isLinked":false},"_margin_mobile":{"unit":"px","top":"0","right":"0","bottom":"120","left":"0","isLinked":false}},"elements":[],"isInner":false,"widgetType":"button","elType":"widget"}],"isInner":false,"elType":"column"}],"isInner":false,"elType":"section"},{"id":"13b72ee2","settings":{"content_width":{"unit":"px","size":940},"gap":"wide","height":"min-height","custom_height":{"unit":"vh","size":100},"background_background":"gradient","background_color":"#ff7800","background_color_stop":{"unit":"%","size":23},"background_color_b":"#d83600","background_color_b_stop":{"unit":"%","size":91},"background_gradient_type":"radial"},"elements":[{"id":"37a86200","settings":{"_column_size":100,"_inline_size":null},"elements":[{"id":"69583f97","settings":{"title":"Our Services","align":"center","title_color":"#ffffff","header_size":"h3","typography_typography":"custom","typography_font_size":{"unit":"px","size":47},"typography_font_family":"Henny Penny","typography_font_weight":"normal","typography_text_transform":"uppercase","typography_line_height":{"unit":"em","size":1.6},"typography_font_size_mobile":{"unit":"px","size":34}},"elements":[],"isInner":false,"widgetType":"heading","elType":"widget"},{"id":"ff4c0fb","settings":{"gap":"wider","structure":"30"},"elements":[{"id":"5c9899f9","settings":{"_column_size":33,"_inline_size":null},"elements":[{"id":"e0af0cb","settings":{"image":{"id":"1173","url":"http:\/\/localhost\/test\/wp-content\/uploads\/2018\/09\/Witchs-Hat.png"},"title_text":"Instant notifications","description_text":"Zombie ipsum brains reversus ab cerebellum viral inferno","image_space":{"unit":"px","size":25},"image_size":{"unit":"%","size":21},"title_color":"#ffae00","title_typography_typography":"custom","title_typography_font_size":{"unit":"px","size":35},"title_typography_font_family":"Henny Penny","description_color":"#ffffff","description_typography_typography":"custom","description_typography_font_size":{"unit":"px","size":15},"description_typography_font_family":"Raleway","description_typography_line_height":{"unit":"em","size":1.7},"description_typography_font_weight":"400","_margin":{"unit":"px","top":"0","right":"0","bottom":"50","left":"0","isLinked":false}},"elements":[],"isInner":false,"widgetType":"image-box","elType":"widget"},{"id":"7fcf5836","settings":{"image":{"id":"1174","url":"http:\/\/localhost\/test\/wp-content\/uploads\/2018\/09\/Night-Candle.png"},"title_text":"Fast performance","description_text":"De carne cerebro lumbering animata cervello corpora quaeritis","image_space":{"unit":"px","size":25},"image_size":{"unit":"%","size":21},"title_color":"#ffae00","title_typography_typography":"custom","title_typography_font_size":{"unit":"px","size":35},"title_typography_font_family":"Henny Penny","description_color":"#ffffff","description_typography_typography":"custom","description_typography_font_size":{"unit":"px","size":15},"description_typography_font_family":"Raleway","description_typography_line_height":{"unit":"em","size":1.7},"description_typography_font_weight":"400"},"elements":[],"isInner":false,"widgetType":"image-box","elType":"widget"}],"isInner":true,"elType":"column"},{"id":"60d074c2","settings":{"_column_size":33,"_inline_size":null},"elements":[{"id":"599c3f47","settings":{"image":{"id":"1175","url":"http:\/\/localhost\/test\/wp-content\/uploads\/2018\/09\/Dracula.png"},"title_text":"Secure payment","description_text":"De carne cerebro lumbering animata cervello corpora quaeritis","image_space":{"unit":"px","size":25},"image_size":{"unit":"%","size":21},"title_color":"#ffae00","title_typography_typography":"custom","title_typography_font_size":{"unit":"px","size":35},"title_typography_font_family":"Henny Penny","description_color":"#ffffff","description_typography_typography":"custom","description_typography_font_size":{"unit":"px","size":15},"description_typography_font_family":"Raleway","description_typography_line_height":{"unit":"em","size":1.7},"description_typography_font_weight":"400","_margin":{"unit":"px","top":"0","right":"0","bottom":"50","left":"0","isLinked":false}},"elements":[],"isInner":false,"widgetType":"image-box","elType":"widget"},{"id":"2b84a465","settings":{"image":{"id":"1176","url":"http:\/\/localhost\/test\/wp-content\/uploads\/2018\/09\/Castle.png"},"title_text":"Mobile responsive","description_text":"Zombie ipsum brains reversus ab cerebellum viral inferno","image_space":{"unit":"px","size":25},"image_size":{"unit":"%","size":21},"title_color":"#ffae00","title_typography_typography":"custom","title_typography_font_size":{"unit":"px","size":35},"title_typography_font_family":"Henny Penny","description_color":"#ffffff","description_typography_typography":"custom","description_typography_font_size":{"unit":"px","size":15},"description_typography_font_family":"Raleway","description_typography_line_height":{"unit":"em","size":1.7},"description_typography_font_weight":"400"},"elements":[],"isInner":false,"widgetType":"image-box","elType":"widget"}],"isInner":true,"elType":"column"},{"id":"3525b5f0","settings":{"_column_size":33,"_inline_size":null},"elements":[{"id":"51b3f8fe","settings":{"image":{"id":"1177","url":"http:\/\/localhost\/test\/wp-content\/uploads\/2018\/09\/Pompkin.png"},"title_text":"Marketing automation","description_text":"Brein nam rick mend grimes malum cerveau cerebro","image_space":{"unit":"px","size":25},"image_size":{"unit":"%","size":21},"title_color":"#ffae00","title_typography_typography":"custom","title_typography_font_size":{"unit":"px","size":35},"title_typography_font_family":"Henny Penny","description_color":"#ffffff","description_typography_typography":"custom","description_typography_font_size":{"unit":"px","size":15},"description_typography_font_family":"Raleway","description_typography_line_height":{"unit":"em","size":1.7},"description_typography_font_weight":"400","_margin":{"unit":"px","top":"0","right":"0","bottom":"50","left":"0","isLinked":false}},"elements":[],"isInner":false,"widgetType":"image-box","elType":"widget"},{"id":"21bd9e8","settings":{"image":{"id":"1178","url":"http:\/\/localhost\/test\/wp-content\/uploads\/2018\/09\/Skull.png"},"title_text":"Customer support","description_text":"Brein nam rick mend grimes malum cerveau cerebro.","image_space":{"unit":"px","size":25},"image_size":{"unit":"%","size":21},"title_color":"#ffae00","title_typography_typography":"custom","title_typography_font_size":{"unit":"px","size":35},"title_typography_font_family":"Henny Penny","description_color":"#ffffff","description_typography_typography":"custom","description_typography_font_size":{"unit":"px","size":15},"description_typography_font_family":"Raleway","description_typography_line_height":{"unit":"em","size":1.7},"description_typography_font_weight":"400"},"elements":[],"isInner":false,"widgetType":"image-box","elType":"widget"}],"isInner":true,"elType":"column"}],"isInner":true,"elType":"section"}],"isInner":false,"elType":"column"}],"isInner":false,"elType":"section"},{"id":"1f319394","settings":{"content_width":{"unit":"px","size":1200},"gap":"no","custom_height":{"unit":"vh","size":71},"content_position":"middle","background_background":"gradient","background_image":{"id":"1180","url":"http:\/\/localhost\/test\/wp-content\/uploads\/2018\/09\/restore.jpg"},"background_position":"center center","background_size":"cover","shape_divider_bottom":"drops","shape_divider_bottom_color":"#000000","shape_divider_bottom_height":{"unit":"px","size":160},"shape_divider_bottom_negative":"yes","background_color":"#de1014","background_color_b":"#6b0709","background_gradient_angle":{"unit":"deg","size":0},"padding":{"unit":"px","top":"160","right":"0","bottom":"220","left":"0","isLinked":false}},"elements":[{"id":"14a089dd","settings":{"_column_size":100},"elements":[{"id":"339bbab9","settings":{"image":{"id":"1179","url":"http:\/\/localhost\/test\/wp-content\/uploads\/2018\/09\/halloween-evil-pumpkin2.png"},"space":{"unit":"%","size":8},"space_mobile":{"unit":"%","size":16}},"elements":[],"isInner":false,"widgetType":"image","elType":"widget"},{"id":"4f406d86","settings":{"title":"Halloween Sale","header_size":"h1","align":"center","title_color":"#ffffff","typography_typography":"custom","typography_font_size":{"unit":"px","size":90},"typography_font_family":"Creepster","typography_text_transform":"uppercase","text_shadow_text_shadow_type":"yes","text_shadow_text_shadow":{"horizontal":0,"vertical":0,"blur":55,"color":"rgba(0,0,0,0.49)"},"_z_index":3,"_margin":{"unit":"px","top":"0","right":"0","bottom":"0","left":"0","isLinked":false},"typography_font_size_mobile":{"unit":"px","size":52}},"elements":[],"isInner":false,"widgetType":"heading","elType":"widget"},{"id":"4e0700bb","settings":{"title":"20% Off","header_size":"h1","align":"center","title_color":"#ff0000","typography_typography":"custom","typography_font_size":{"unit":"px","size":134},"typography_font_family":"Creepster","text_shadow_text_shadow_type":"yes","text_shadow_text_shadow":{"horizontal":0,"vertical":0,"blur":25,"color":"rgba(0,0,0,0.28)"},"_margin":{"unit":"px","top":"-63","right":"0","bottom":"0","left":"0","isLinked":false},"_z_index":2,"typography_font_weight":"100","typography_text_transform":"uppercase","typography_font_size_mobile":{"unit":"px","size":86},"_margin_mobile":{"unit":"px","top":"-48","right":"0","bottom":"0","left":"0","isLinked":false}},"elements":[],"isInner":false,"widgetType":"heading","elType":"widget"},{"id":"36c46326","settings":{"text":"Download Now","align":"center","size":"md","typography_typography":"custom","typography_text_transform":"uppercase","typography_letter_spacing":{"unit":"px","size":1.9},"button_text_color":"#ffffff","background_color":"rgba(255,255,255,0)","border_border":"solid","border_width":{"unit":"px","top":"2","right":"2","bottom":"2","left":"2","isLinked":true},"border_color":"#ffffff","border_radius":{"unit":"px","top":"0","right":"0","bottom":"0","left":"0","isLinked":true},"_margin":{"unit":"px","top":"30","right":"0","bottom":"0","left":"0","isLinked":false}},"elements":[],"isInner":false,"widgetType":"button","elType":"widget"}],"isInner":false,"elType":"column"}],"isInner":false,"elType":"section"},{"id":"13df6ad","settings":{"content_width":{"unit":"px","size":760},"background_background":"classic","background_color":"#000000","height":"min-height","custom_height":{"unit":"vh","size":55},"background_image":{"id":"1182","url":"http:\/\/localhost\/test\/wp-content\/uploads\/2018\/09\/BG11.png"},"background_position":"top right","background_size":"auto","padding":{"unit":"px","top":"80","right":"80","bottom":"80","left":"80","isLinked":true},"padding_mobile":{"unit":"px","top":"25","right":"25","bottom":"25","left":"25","isLinked":true}},"elements":[{"id":"78fccc0b","settings":{"_column_size":100,"padding_mobile":{"unit":"px","top":"0","right":"0","bottom":"0","left":"0","isLinked":false}},"elements":[{"id":"4700ca71","settings":{"background_background":"classic","background_color":"#ffffff","box_shadow_box_shadow":{"horizontal":0,"vertical":0,"blur":0,"spread":0,"color":"#f08b01"},"box_shadow_hover_box_shadow":{"horizontal":0,"vertical":0,"blur":0,"spread":9,"color":"#f08b01"},"padding":{"unit":"px","top":"50","right":"50","bottom":"100","left":"50","isLinked":false},"padding_mobile":{"unit":"px","top":"25","right":"25","bottom":"75","left":"25","isLinked":false}},"elements":[{"id":"212b807e","settings":{"_column_size":100,"_inline_size":null},"elements":[{"id":"6541241e","settings":{"title":"Contact Us","header_size":"h3","title_color":"#f08b01","typography_typography":"custom","typography_font_size":{"unit":"px","size":52},"typography_font_family":"Griffy","typography_font_weight":"normal","align":"center","typography_font_size_mobile":{"unit":"px","size":38}},"elements":[],"isInner":false,"widgetType":"heading","elType":"widget"},{"id":"94eed68","settings":{"editor":"<p>We are here to answer any questions you may have about our product. Reach out to us and we'll respond as soon as we can.<\/p>","align":"center","typography_typography":"custom","typography_font_family":"Raleway","_padding":{"unit":"px","top":"0","right":"0","bottom":"25","left":"0","isLinked":false},"_padding_mobile":{"unit":"px","top":"0","right":"0","bottom":"5","left":"0","isLinked":false}},"elements":[],"isInner":false,"widgetType":"text-editor","elType":"widget"},{"id":"590c83d3","settings":{"form_name":"New Form","form_fields":[{"_id":"name","field_type":"text","field_label":"Name","placeholder":"Name","width":"33","field_value":"","required":"","field_options":"","inline_list":"","width_tablet":"","width_mobile":"","rows":4,"recaptcha_size":"normal","recaptcha_style":"light","css_classes":"","file_sizes":"","file_types":"","allow_multiple_upload":"","max_files":"","acceptance_text":"","checked_by_default":"","field_min":"","field_max":"","min_date":"","max_date":"","use_native_date":"","use_native_time":"","allow_multiple":"","select_size":"","field_html":""},{"field_type":"number","field_label":"Phone","field_value":"","placeholder":"Phone","required":"","field_options":"","inline_list":"","width":"33","width_tablet":"","width_mobile":"","rows":4,"recaptcha_size":"normal","recaptcha_style":"light","css_classes":"","_id":"field_1","file_sizes":"","file_types":"","allow_multiple_upload":"","max_files":"","acceptance_text":"","checked_by_default":"","field_min":"","field_max":"","min_date":"","max_date":"","use_native_date":"","use_native_time":"","allow_multiple":"","select_size":"","field_html":""},{"_id":"email","field_type":"email","required":"true","field_label":"Email","placeholder":"Email","width":"33","field_value":"","field_options":"","inline_list":"","width_tablet":"","width_mobile":"","rows":4,"recaptcha_size":"normal","recaptcha_style":"light","css_classes":"","file_sizes":"","file_types":"","allow_multiple_upload":"","max_files":"","acceptance_text":"","checked_by_default":"","field_min":"","field_max":"","min_date":"","max_date":"","use_native_date":"","use_native_time":"","allow_multiple":"","select_size":"","field_html":""},{"_id":"message","field_type":"textarea","field_label":"Message","placeholder":"Message","width":"100","field_value":"","required":"","field_options":"","inline_list":"","width_tablet":"","width_mobile":"","rows":7,"recaptcha_size":"normal","recaptcha_style":"light","css_classes":"","file_sizes":"","file_types":"","allow_multiple_upload":"","max_files":"","acceptance_text":"","checked_by_default":"","field_min":"","field_max":"","min_date":"","max_date":"","use_native_date":"","use_native_time":"","allow_multiple":"","select_size":"","field_html":""}],"input_size":"md","show_labels":"","button_text":"Send","button_size":"md","email_content":"[all-fields]","email_content_2":"[all-fields]","success_message":"The form was sent successfully!","error_message":"There's something wrong... Please fill in the required fields.","required_field_message":"Required","invalid_message":"There's something wrong... The form is invalid.","subscriber_already_exists_message":"Subscriber already exist.","column_gap":{"unit":"px","size":15},"row_gap":{"unit":"px","size":15},"field_border_radius":{"unit":"px","top":"0","right":"0","bottom":"0","left":"0","isLinked":true},"button_border_radius":{"unit":"px","top":"0","right":"0","bottom":"0","left":"0","isLinked":true},"_background_color":"#ffffff","field_text_color":"#ffffff","field_typography_typography":"custom","field_typography_font_size":{"unit":"px","size":13},"field_typography_font_family":"Raleway","field_typography_text_transform":"uppercase","field_background_color":"rgba(0,0,0,0.86)","field_border_width":{"unit":"px","top":"0","right":"0","bottom":"0","left":"0","isLinked":true},"button_typography_typography":"custom","button_typography_font_family":"Raleway","button_typography_text_transform":"uppercase","button_typography_letter_spacing":{"unit":"px","size":1.3},"button_background_color":"#f08b01"},"elements":[],"isInner":false,"widgetType":"form","elType":"widget"}],"isInner":true,"elType":"column"}],"isInner":true,"elType":"section"},{"id":"5beca83","settings":{"image":{"id":"1181","url":"http:\/\/localhost\/test\/wp-content\/uploads\/2018\/09\/Pumpkin2.png"},"space":{"unit":"%","size":35},"align":"right","_margin":{"unit":"px","top":"-86","right":"21","bottom":"0","left":"0","isLinked":false},"align_mobile":"center","space_mobile":{"unit":"%","size":50},"_margin_tablet":{"unit":"px","top":"-64","right":"13","bottom":"0","left":"0","isLinked":false},"_margin_mobile":{"unit":"px","top":"-45","right":"0","bottom":"0","left":"0","isLinked":false}},"elements":[],"isInner":false,"widgetType":"image","elType":"widget"}],"isInner":false,"elType":"column"}],"isInner":false,"elType":"section"},{"id":"7311ac2b","settings":{"background_background":"classic","background_color":"rgba(255,174,0,0.15)","padding":{"unit":"px","top":"80","right":"0","bottom":"80","left":"0","isLinked":false}},"elements":[{"id":"608a9c72","settings":{"_column_size":100,"background_background":"classic","border_border":"solid","border_width":{"unit":"px","top":"4","right":"4","bottom":"4","left":"4","isLinked":true},"padding":{"unit":"px","top":"80","right":"70","bottom":"50","left":"70","isLinked":false},"margin_tablet":{"unit":"px","top":"20","right":"20","bottom":"20","left":"20","isLinked":true},"padding_tablet":{"unit":"px","top":"75","right":"25","bottom":"25","left":"25","isLinked":false}},"elements":[{"id":"cb1f02f","settings":{"title":"Halloween","align":"center","title_color":"#000000","typography_typography":"custom","typography_font_size":{"unit":"px","size":71},"typography_font_family":"Henny Penny","typography_font_weight":"normal","typography_font_size_mobile":{"unit":"px","size":56}},"elements":[],"isInner":false,"widgetType":"heading","elType":"widget"},{"id":"70e2ceee","settings":{"image":{"id":"1183","url":"http:\/\/localhost\/test\/wp-content\/uploads\/2018\/09\/D.Bottom2.png"},"space":{"unit":"%","size":40},"_margin":{"unit":"px","top":"-30","right":"0","bottom":"0","left":"0","isLinked":false}},"elements":[],"isInner":false,"widgetType":"image","elType":"widget"},{"id":"467e328a","settings":{"title":"Special Menu","align":"center","title_color":"#000000","typography_typography":"custom","typography_font_size":{"unit":"px","size":46},"typography_font_family":"Henny Penny","typography_font_weight":"normal","_margin":{"unit":"px","top":"-5","right":"0","bottom":"0","left":"0","isLinked":false},"typography_font_size_mobile":{"unit":"px","size":28}},"elements":[],"isInner":false,"widgetType":"heading","elType":"widget"},{"id":"73475d55","settings":{"structure":"20","margin":{"unit":"px","top":"70","right":0,"bottom":"0","left":0,"isLinked":false}},"elements":[{"id":"6b920efa","settings":{"_column_size":50,"_inline_size":null,"margin":{"unit":"px","top":"0","right":"45","bottom":"0","left":"0","isLinked":false},"margin_tablet":{"unit":"px","top":"0","right":"15","bottom":"0","left":"0","isLinked":false},"margin_mobile":{"unit":"px","top":"0","right":"0","bottom":"0","left":"0","isLinked":false},"padding_mobile":{"unit":"px","top":"0","right":"0","bottom":"0","left":"0","isLinked":false}},"elements":[{"id":"6146a1c1","settings":{"title":"First Courses\n","header_size":"h3","title_color":"#000000","typography_typography":"custom","typography_font_size":{"unit":"px","size":33},"typography_font_family":"Henny Penny","typography_font_weight":"normal","typography_font_size_mobile":{"unit":"px","size":24}},"elements":[],"isInner":false,"widgetType":"heading","elType":"widget"},{"id":"2608a1c8","settings":{"image":{"id":"1184","url":"http:\/\/localhost\/test\/wp-content\/uploads\/2018\/09\/divider-1-2.png"},"image_size":"full","_margin":{"unit":"px","top":"-40","right":"0","bottom":"40","left":"0","isLinked":false},"_margin_tablet":{"unit":"px","top":"-25","right":"0","bottom":"0","left":"0","isLinked":false}},"elements":[],"isInner":false,"widgetType":"image","elType":"widget"},{"id":"5b7acaad","settings":{"price_list":[{"title":"Burgundy Beef Stew","item_description":"Veggies es bonus vobis, proinde vos postulo essum magis kohlrabi welsh onion daikon amaranth tatsoi.\n","price":"$20","link":{"url":"#","is_external":"","nofollow":""},"_id":"cvhy9qo","image":{"url":"","id":""}},{"title":"Vegan Lasagna","item_description":"Veggies es bonus vobis, proinde vos postulo essum magis kohlrabi welsh onion daikon amaranth tatsoi.\n","price":"$9","link":{"url":"#","is_external":"","nofollow":""},"_id":"hr7fjqp","image":{"url":"","id":""}},{"title":"Roasted Butternut Squash Soup","item_description":"Veggies es bonus vobis, proinde vos postulo essum magis kohlrabi welsh onion daikon amaranth tatsoi.\n","price":"$32","link":{"url":"#","is_external":"","nofollow":""},"_id":"1c29bfz","image":{"url":"","id":""}},{"title":"Pumpkin Pizza","item_description":"Veggies es bonus vobis, proinde vos postulo essum magis kohlrabi welsh onion daikon amaranth tatsoi.\n","price":"$20","link":{"url":"#","is_external":"","nofollow":""},"_id":"uop04iv","image":{"url":"","id":""}}],"heading_color":"#ff7800","heading_typography_typography":"custom","heading_typography_font_size":{"unit":"px","size":21},"heading_typography_font_family":"Quattrocento","heading_typography_letter_spacing":{"unit":"px","size":-0.9},"description_color":"#000000","description_typography_typography":"custom","description_typography_font_size":{"unit":"px","size":15},"description_typography_font_family":"Raleway","description_typography_font_weight":"400","separator_spacing":{"unit":"px","size":18},"row_gap":{"unit":"px","size":30}},"elements":[],"isInner":false,"widgetType":"price-list","elType":"widget"}],"isInner":true,"elType":"column"},{"id":"6b8143a0","settings":{"_column_size":50,"_inline_size":null,"margin":{"unit":"px","top":"0","right":"0","bottom":"0","left":"45","isLinked":false},"margin_tablet":{"unit":"px","top":"0","right":"0","bottom":"0","left":"15","isLinked":false},"margin_mobile":{"unit":"px","top":"0","right":"0","bottom":"0","left":"0","isLinked":false},"padding_mobile":{"unit":"px","top":"50","right":"0","bottom":"0","left":"0","isLinked":false}},"elements":[{"id":"3a8b2e2d","settings":{"title":"Desserts","header_size":"h3","title_color":"#000000","typography_typography":"custom","typography_font_size":{"unit":"px","size":33},"typography_font_family":"Henny Penny","typography_font_weight":"normal","typography_font_size_mobile":{"unit":"px","size":24}},"elements":[],"isInner":false,"widgetType":"heading","elType":"widget"},{"id":"735301ef","settings":{"image":{"id":"1184","url":"http:\/\/localhost\/test\/wp-content\/uploads\/2018\/09\/divider-1-2.png"},"image_size":"full","_margin":{"unit":"px","top":"-40","right":"0","bottom":"40","left":"0","isLinked":false},"_margin_tablet":{"unit":"px","top":"-25","right":"0","bottom":"0","left":"0","isLinked":false}},"elements":[],"isInner":false,"widgetType":"image","elType":"widget"},{"id":"40e1385a","settings":{"price_list":[{"title":"Crumb Muffins","item_description":"Veggies es bonus vobis, proinde vos postulo essum magis kohlrabi welsh onion daikon amaranth tatsoi.\n","price":"$9","link":{"url":"#","is_external":"","nofollow":""},"_id":"cwfmj4f","image":{"url":"","id":""}},{"title":"Old Fashioned Pancakes","item_description":"Veggies es bonus vobis, proinde vos postulo essum magis kohlrabi welsh onion daikon amaranth tatsoi.\n","price":"$20","link":{"url":"#","is_external":"","nofollow":""},"_id":"4vo520a","image":{"url":"","id":""}},{"title":"Chocolate Chip Cookies","item_description":"Veggies es bonus vobis, proinde vos postulo essum magis kohlrabi welsh onion daikon amaranth tatsoi.\n","price":"$32","link":{"url":"#","is_external":"","nofollow":""},"_id":"gujcddz","image":{"url":"","id":""}},{"title":"New York Cheesecake","item_description":"Veggies es bonus vobis, proinde vos postulo essum magis kohlrabi welsh onion daikon amaranth tatsoi.\n","price":"$20","link":{"url":"#","is_external":"","nofollow":""},"_id":"go7z33y","image":{"url":"","id":""}}],"heading_color":"#ff7800","heading_typography_typography":"custom","heading_typography_font_size":{"unit":"px","size":21},"heading_typography_font_family":"Quattrocento","heading_typography_letter_spacing":{"unit":"px","size":-0.9},"description_color":"#000000","description_typography_typography":"custom","description_typography_font_size":{"unit":"px","size":15},"description_typography_font_family":"Raleway","description_typography_font_weight":"400","separator_spacing":{"unit":"px","size":18},"row_gap":{"unit":"px","size":30}},"elements":[],"isInner":false,"widgetType":"price-list","elType":"widget"}],"isInner":true,"elType":"column"}],"isInner":true,"elType":"section"}],"isInner":false,"elType":"column"}],"isInner":false,"elType":"section"},{"id":"6b1cf724","settings":{"content_width":{"unit":"px","size":1040},"custom_height":{"unit":"vh","size":95},"background_background":"gradient","background_color":"#000000","background_color_b":"#a85719","background_image":{"id":"1170","url":"http:\/\/localhost\/test\/wp-content\/uploads\/2018\/09\/BG2.png"},"background_position":"center center","background_size":"cover","background_video_link":"https:\/\/www.youtube.com\/watch?v=Q1GTZ6JSSFk","background_overlay_background":"classic","background_overlay_image":{"id":1188,"url":"http:\/\/localhost\/test\/wp-content\/uploads\/2018\/09\/footer-02-1.png"},"background_overlay_position":"bottom center","background_overlay_repeat":"no-repeat","background_overlay_size":"contain","background_overlay_opacity":{"unit":"px","size":1},"padding":{"unit":"px","top":"65","right":"0","bottom":"15","left":"0","isLinked":false},"shape_divider_top_color":"#000000","padding_tablet":{"unit":"px","top":"90","right":"0","bottom":"0","left":"0","isLinked":false}},"elements":[{"id":"56dfe68e","settings":{"_column_size":100},"elements":[{"id":"51ec0187","settings":{"title":"Special Halloween Pricing","header_size":"h4","align":"center","title_color":"#ffffff","typography_typography":"custom","typography_font_family":"Raleway","typography_font_weight":"normal","typography_text_transform":"uppercase","typography_letter_spacing":{"unit":"px","size":3.6},"typography_letter_spacing_mobile":{"unit":"px","size":0}},"elements":[],"isInner":false,"widgetType":"heading","elType":"widget"},{"id":"77c9eac0","settings":{"title":"Choose Your Plan","align":"center","title_color":"#ffae00","typography_typography":"custom","typography_font_size":{"unit":"px","size":60},"typography_font_family":"Henny Penny","typography_line_height":{"unit":"em","size":1.6},"_padding":{"unit":"px","top":"0","right":"0","bottom":"35","left":"0","isLinked":false},"typography_font_size_mobile":{"unit":"px","size":39},"_padding_mobile":{"unit":"px","top":"0","right":"0","bottom":"0","left":"0","isLinked":false}},"elements":[],"isInner":false,"widgetType":"heading","elType":"widget"},{"id":"1ba7b2e4","settings":{"content_width":{"unit":"px","size":716},"structure":"20","margin_tablet":{"unit":"px","top":"0","right":0,"bottom":"-30","left":0,"isLinked":false},"padding_mobile":{"unit":"px","top":"0","right":"0","bottom":"77","left":"0","isLinked":false}},"elements":[{"id":"2dcc3e03","settings":{"_column_size":50,"_inline_size":null},"elements":[{"id":"50b37314","settings":{"heading":"Single Ticket","sub_heading":"","price":"39","period":"","features_list":[{"item_text":"1 Private Ghost","item_icon":"","item_icon_color":"","_id":"8fvvbew"},{"item_text":"Blood Cocktail","item_icon":"","_id":"hx0w9sq","item_icon_color":""},{"item_text":"Pumpkin Guts","item_icon":"","_id":"c34qs9o","item_icon_color":""}],"button_text":"Order Now","footer_additional_info":"","show_ribbon":"","ribbon_title":"Popular","header_bg_color":"rgba(191,19,156,0)","header_padding":{"unit":"px","top":"80","right":"0","bottom":"0","left":"0","isLinked":false},"heading_typography_typography":"custom","heading_typography_font_family":"Henny Penny","heading_typography_font_weight":"700","heading_typography_text_transform":"uppercase","heading_typography_letter_spacing":{"unit":"px","size":1.4},"pricing_element_bg_color":"rgba(0,0,0,0)","pricing_element_padding":{"unit":"px","top":"30","right":"30","bottom":"45","left":"30","isLinked":false},"price_color":"#ff7800","price_typography_typography":"custom","price_typography_font_family":"Henny Penny","price_typography_font_weight":"800","currency_size":{"unit":"px","size":50},"fractional-part_size":{"unit":"px","size":64},"features_list_bg_color":"rgba(155,155,155,0)","features_list_color":"#ffffff","features_list_alignment":"center","list_divider":"","footer_bg_color":"rgba(211,188,108,0)","footer_padding":{"unit":"px","top":"45","right":"0","bottom":"50","left":"0","isLinked":false},"button_typography_typography":"custom","button_typography_font_family":"Raleway","button_typography_text_transform":"uppercase","button_typography_letter_spacing":{"unit":"px","size":1.4},"button_background_color":"rgba(0,0,0,0)","button_border_border":"solid","button_border_width":{"unit":"px","top":"2","right":"2","bottom":"2","left":"2","isLinked":true},"button_border_radius":{"unit":"px","top":"0","right":"0","bottom":"0","left":"0","isLinked":true},"_background_background":"classic","_background_color":"rgba(155,155,155,0)","_background_image":{"id":"1185","url":"http:\/\/localhost\/test\/wp-content\/uploads\/2018\/09\/left.png"},"_background_position":"top center","_background_repeat":"no-repeat","_background_size":"contain"},"elements":[],"isInner":false,"widgetType":"price-table","elType":"widget"}],"isInner":true,"elType":"column"},{"id":"212c1fe2","settings":{"_column_size":50,"_inline_size":null},"elements":[{"id":"caeb7ad","settings":{"heading":"VIP Ticket","sub_heading":"","price":"79","period":"","features_list":[{"item_text":"10 Private Ghost","item_icon":"","item_icon_color":"","_id":"8fvvbew"},{"item_text":"Virgin Blood Cocktail","item_icon":"","_id":"hx0w9sq","item_icon_color":""},{"item_text":"Zombie Guts","item_icon":"","_id":"c34qs9o","item_icon_color":""}],"button_text":"Order Now","footer_additional_info":"","show_ribbon":"","ribbon_title":"Popular","header_bg_color":"rgba(191,19,156,0)","header_padding":{"unit":"px","top":"100","right":"0","bottom":"0","left":"0","isLinked":false},"heading_typography_typography":"custom","heading_typography_font_family":"Henny Penny","heading_typography_font_weight":"700","heading_typography_text_transform":"uppercase","heading_typography_letter_spacing":{"unit":"px","size":1.4},"pricing_element_bg_color":"rgba(0,0,0,0)","pricing_element_padding":{"unit":"px","top":"30","right":"30","bottom":"45","left":"30","isLinked":false},"price_color":"#ff7800","price_typography_typography":"custom","price_typography_font_family":"Henny Penny","price_typography_font_weight":"800","currency_size":{"unit":"px","size":50},"fractional-part_size":{"unit":"px","size":64},"features_list_bg_color":"rgba(155,155,155,0)","features_list_color":"#ffffff","features_list_alignment":"center","list_divider":"","footer_bg_color":"rgba(211,188,108,0)","footer_padding":{"unit":"px","top":"45","right":"0","bottom":"50","left":"0","isLinked":false},"button_typography_typography":"custom","button_typography_font_family":"Raleway","button_typography_text_transform":"uppercase","button_typography_letter_spacing":{"unit":"px","size":1.4},"button_background_color":"rgba(0,0,0,0)","button_border_border":"solid","button_border_width":{"unit":"px","top":"2","right":"2","bottom":"2","left":"2","isLinked":true},"button_border_radius":{"unit":"px","top":"0","right":"0","bottom":"0","left":"0","isLinked":true},"_background_background":"classic","_background_color":"rgba(155,155,155,0)","_background_image":{"id":"1186","url":"http:\/\/localhost\/test\/wp-content\/uploads\/2018\/09\/right.png"},"_background_position":"top center","_background_repeat":"no-repeat","_background_size":"contain"},"elements":[],"isInner":false,"widgetType":"price-table","elType":"widget"}],"isInner":true,"elType":"column"}],"isInner":true,"elType":"section"}],"isInner":false,"elType":"column"}],"isInner":false,"elType":"section"},{"id":"79953f54","settings":{"custom_height":{"unit":"vh","size":100},"background_background":"classic","background_color":"#000000","height":"min-height","content_position":"middle","structure":"20","custom_height_tablet":{"unit":"vh","size":84},"custom_height_mobile":{"unit":"vh","size":""},"padding_mobile":{"unit":"px","top":"55","right":"0","bottom":"0","left":"0","isLinked":false}},"elements":[{"id":"3e5f723a","settings":{"_column_size":50,"_inline_size":null,"_inline_size_tablet":100},"elements":[{"id":"602d4fec","settings":{"height_inner":"min-height","custom_height_inner":{"unit":"px","size":600},"content_position":"middle","background_background":"video","background_video_link":"https:\/\/www.youtube.com\/watch?v=qRnqLVtIy_s","background_overlay_background":"classic","background_overlay_color":"rgba(0,0,0,0)","background_overlay_image":{"id":1190,"url":"http:\/\/localhost\/test\/wp-content\/uploads\/2018\/09\/halloween-bg-masc.png"},"background_overlay_position":"center center","background_overlay_size":"cover","background_overlay_opacity":{"unit":"px","size":1},"background_overlay_hover_background":"classic","background_overlay_hover_color":"rgba(0,0,0,0)","background_overlay_hover_position":"center center","background_overlay_hover_size":"contain","background_overlay_hover_opacity":{"unit":"px","size":1},"background_overlay_repeat":"repeat","custom_height_inner_mobile":{"unit":"px","size":180},"background_video_fallback":{"id":1189,"url":"http:\/\/localhost\/test\/wp-content\/uploads\/2018\/09\/Fire-Background1.png"}},"elements":[{"id":"4289684b","settings":{"_column_size":100,"_inline_size":null},"elements":[{"id":"3b5370c8","settings":{"space_mobile":{"unit":"px","size":152}},"elements":[],"isInner":false,"widgetType":"spacer","elType":"widget"}],"isInner":true,"elType":"column"}],"isInner":true,"elType":"section"}],"isInner":false,"elType":"column"},{"id":"401d8485","settings":{"_column_size":50,"_inline_size":null,"padding":{"unit":"px","top":"0","right":"0","bottom":"0","left":"70","isLinked":false},"_inline_size_tablet":100,"padding_tablet":{"unit":"px","top":"0","right":"50","bottom":"75","left":"50","isLinked":false}},"elements":[{"id":"69291045","settings":{"title":"404","align":"left","title_color":"#ffffff","typography_typography":"custom","typography_font_size":{"unit":"px","size":119},"typography_font_family":"Quattrocento","typography_font_weight":"normal","align_tablet":"center","typography_font_size_mobile":{"unit":"px","size":70}},"elements":[],"isInner":false,"widgetType":"heading","elType":"widget"},{"id":"1e55c1ac","settings":{"title":"Sorry, You've Gone Straight to Hell...","align":"left","title_color":"#ffffff","typography_typography":"custom","typography_font_size":{"unit":"px","size":42},"typography_font_family":"Quattrocento","align_tablet":"center","typography_font_size_tablet":{"unit":"px","size":33},"typography_font_size_mobile":{"unit":"px","size":25}},"elements":[],"isInner":false,"widgetType":"heading","elType":"widget"},{"id":"484b1d92","settings":{"editor":"<p>This miserable way is taken by the sorry souls of those who lived without disgrace and without praise.\u00a0They now commingle with the coward angels. - Dante, Inferno.<\/p>","align_tablet":"center"},"elements":[],"isInner":false,"widgetType":"text-editor","elType":"widget"},{"id":"2d0faec","settings":{"title":"Climb back up home.","align":"left","title_color":"#ffffff","typography_typography":"custom","typography_font_size":{"unit":"px","size":21},"typography_font_family":"Quattrocento","_margin":{"unit":"px","top":"47","right":"0","bottom":"0","left":"0","isLinked":false},"align_tablet":"center"},"elements":[],"isInner":false,"widgetType":"heading","elType":"widget"}],"isInner":false,"elType":"column"}],"isInner":false,"elType":"section"}]}