{"version":"0.4","title":"Homepage-Goodness-meal-page.","type":"page","content":[{"id":"7ad76c1","settings":{"layout":"full_width","gap":"no","height":"min-height","custom_height":{"unit":"px","size":700},"custom_height_mobile":{"unit":"vh","size":100},"column_position":"bottom","structure":"20","background_background":"gradient","background_color":"#eaeff3","background_color_b":"#f4f5f7","background_color_b_stop":{"unit":"%","size":0},"background_gradient_angle":{"unit":"deg","size":0},"background_position":"center center","background_repeat":"no-repeat","background_size":"contain","margin":{"unit":"px","top":"","right":0,"bottom":"","left":0,"isLinked":true},"padding_tablet":{"unit":"px","top":"0","right":"0","bottom":"0","left":"0","isLinked":false},"padding_mobile":{"unit":"px","top":"0","right":"00","bottom":"0","left":"0","isLinked":false},"custom_height_tablet":{"unit":"vh","size":50}},"elements":[{"id":"501a634c","settings":{"_column_size":50,"_inline_size":53.344,"content_position":"center","margin":{"unit":"%","top":"0","right":"0","bottom":"0","left":"28","isLinked":false},"margin_tablet":{"unit":"px","top":"0","right":"0","bottom":"50","left":"50","isLinked":false},"margin_mobile":{"unit":"px","top":"0","right":"0","bottom":"0","left":"0","isLinked":true},"padding":{"unit":"px","top":"0","right":"0","bottom":"100","left":"0","isLinked":false},"padding_mobile":{"unit":"px","top":"60","right":"0","bottom":"0","left":"0","isLinked":false},"_inline_size_tablet":50},"elements":[{"id":"2df32169","settings":{"image":{"id":"144","url":"http:\/\/localhost\/test\/wp-content\/uploads\/2018\/09\/Group.png"},"align":"left","align_mobile":"center","space_tablet":{"unit":"%","size":45},"space_mobile":{"unit":"%","size":50},"_margin":{"unit":"px","top":"0","right":"0","bottom":"0","left":"0","isLinked":false},"_margin_mobile":{"unit":"px","top":"0","right":"0","bottom":"0","left":"0","isLinked":false}},"elements":[],"isInner":false,"widgetType":"image","elType":"widget"},{"id":"697b83c9","settings":{"title":"Healthy delicious meals <br>delivered right to your door","header_size":"h3","align_mobile":"center","title_color":"#495157","typography_typography":"custom","typography_font_family":"Ubuntu","typography_font_size":{"unit":"px","size":38},"typography_font_size_tablet":{"unit":"px","size":27},"typography_font_size_mobile":{"unit":"px","size":25},"typography_font_weight":"100","typography_line_height":{"unit":"em","size":1.4},"typography_letter_spacing_mobile":{"unit":"px","size":-0.5},"_margin":{"unit":"px","top":"100","right":"0","bottom":"0","left":"0","isLinked":false},"_margin_mobile":{"unit":"px","top":"50","right":"0","bottom":"0","left":"0","isLinked":false},"_margin_tablet":{"unit":"px","top":"50","right":"0","bottom":"0","left":"0","isLinked":false}},"elements":[],"isInner":false,"widgetType":"heading","elType":"widget"},{"id":"88b024c","settings":{"title":"Color your day with goodness.","header_size":"h4","align_mobile":"center","title_color":"#12bc8b","typography_typography":"custom","typography_font_family":"Ubuntu","typography_font_size":{"unit":"px","size":25},"typography_font_size_mobile":{"unit":"px","size":17},"typography_font_weight":"100","typography_line_height":{"unit":"em","size":1.4},"_margin":{"unit":"px","top":"0","right":"0","bottom":"0","left":"0","isLinked":false},"_margin_mobile":{"unit":"px","top":"0","right":"0","bottom":"050","left":"0","isLinked":false},"typography_font_size_tablet":{"unit":"px","size":20}},"elements":[],"isInner":false,"widgetType":"heading","elType":"widget"}],"isInner":false,"elType":"column"},{"id":"27fe8504","settings":{"_column_size":50,"_inline_size":46.656,"content_position":"bottom","_inline_size_tablet":50,"background_background":"classic"},"elements":[{"id":"170326b3","settings":{"image":{"id":"145","url":"http:\/\/localhost\/test\/wp-content\/uploads\/2018\/09\/fruitRender.png"},"space_tablet":{"unit":"%","size":100}},"elements":[],"isInner":false,"widgetType":"image","elType":"widget"}],"isInner":false,"elType":"column"}],"isInner":false,"elType":"section"},{"id":"282f8ac0","settings":{"content_width":{"unit":"px","size":650},"background_background":"classic","background_color":"#fcd02c","margin":{"unit":"px","top":"0","right":0,"bottom":"0","left":0,"isLinked":false},"padding":{"unit":"px","top":"40","right":"0","bottom":"30","left":"0","isLinked":false},"padding_mobile":{"unit":"px","top":"030","right":"20","bottom":"30","left":"20","isLinked":false}},"elements":[{"id":"71d819a2","settings":{"_column_size":100},"elements":[{"id":"7cb04949","settings":{"title":"Enter your Address to Check if we're Available at your region","header_size":"p","align":"center","title_color":"#495157","typography_typography":"custom","typography_font_family":"Ubuntu","typography_font_size":{"unit":"px","size":18},"typography_font_size_mobile":{"unit":"px","size":17},"typography_font_weight":"300","typography_line_height":{"unit":"em","size":1.4},"_margin":{"unit":"px","top":"0","right":"0","bottom":"0","left":"0","isLinked":false},"typography_line_height_mobile":{"unit":"px","size":26}},"elements":[],"isInner":false,"widgetType":"heading","elType":"widget"},{"id":"5685b0a8","settings":{"placeholder":"Your state","button_type":"text","button_text":"Check","input_typography_typography":"custom","input_typography_font_size":{"unit":"px","size":17},"input_typography_font_family":"Ubuntu","input_typography_font_weight":"200","input_text_color":"#54595f","input_background_color":"#ffffff","border_radius":{"unit":"px","size":50},"button_typography_typography":"custom","button_typography_font_family":"Ubuntu","button_typography_text_transform":"uppercase","button_background_color":"#ff0044","button_width":{"unit":"px","size":2.5},"input_typography_font_size_mobile":{"unit":"px","size":15},"button_typography_font_size_mobile":{"unit":"px","size":13},"button_width_mobile":{"unit":"px","size":1.9}},"elements":[],"isInner":false,"widgetType":"search-form","elType":"widget"}],"isInner":false,"elType":"column"}],"isInner":false,"elType":"section"},{"id":"1d1edf09","settings":{"content_width":{"unit":"px","size":900},"height":"min-height","custom_height":{"unit":"px","size":600},"custom_height_tablet":{"unit":"px","size":380},"structure":"30","background_background":"classic","background_image":{"id":"149","url":"http:\/\/localhost\/test\/wp-content\/uploads\/2018\/09\/markus-spiske-342379-joanna-kosinska-340751-joanna-kosinska-340751-copy-4-31-Mask-Copy.png"},"background_position":"center center","background_size":"cover","margin_tablet":{"unit":"px","top":"0","right":0,"bottom":"0","left":0,"isLinked":true},"padding_tablet":{"unit":"px","top":"30","right":"30","bottom":"30","left":"30","isLinked":true},"padding_mobile":{"unit":"px","top":"0","right":"0","bottom":"80","left":"0","isLinked":false}},"elements":[{"id":"43bf3dae","settings":{"_column_size":33,"_inline_size":null,"background_background":"classic","background_color":"#ffffff","border_border":"solid","border_width":{"unit":"px","top":"1","right":"0","bottom":"1","left":"1","isLinked":false},"border_color":"#dddddd","border_radius":{"unit":"px","top":"0","right":"0","bottom":"0","left":"0","isLinked":true},"padding":{"unit":"px","top":"50","right":"50","bottom":"50","left":"50","isLinked":true}},"elements":[{"id":"73dbae2f","settings":{"image":{"id":"146","url":"http:\/\/localhost\/test\/wp-content\/uploads\/2018\/09\/Group-2-Copy.png"},"title_text":"Fresh & Organic","description_text":"Harvestes at Organic Farms","title_size":"h4","text_align":"center","title_color":"#495157","title_typography_typography":"custom","title_typography_font_family":"Ubuntu","title_typography_font_size":{"unit":"px","size":22},"title_typography_font_weight":"100","title_typography_line_height":{"unit":"em","size":1},"description_color":"#495157","description_typography_typography":"custom","description_typography_font_family":"Ubuntu","description_typography_font_size":{"unit":"px","size":14},"description_typography_font_weight":"300","description_typography_line_height":{"unit":"em","size":1.2}},"elements":[],"isInner":false,"widgetType":"image-box","elType":"widget"}],"isInner":false,"elType":"column"},{"id":"5283ac66","settings":{"_column_size":33,"_inline_size":null,"background_background":"classic","background_color":"#ffffff","border_border":"solid","border_width":{"unit":"px","top":"1","right":"1","bottom":"1","left":"1","isLinked":true},"border_color":"#dddddd","border_radius":{"unit":"px","top":"0","right":"0","bottom":"0","left":"0","isLinked":true},"padding":{"unit":"px","top":"50","right":"50","bottom":"50","left":"50","isLinked":true}},"elements":[{"id":"7087f383","settings":{"image":{"id":"147","url":"http:\/\/localhost\/test\/wp-content\/uploads\/2018\/09\/Group-3.png"},"title_text":"Top Chefs","description_text":"Culinary Creations by L&W","title_size":"h4","text_align":"center","title_color":"#495157","title_typography_typography":"custom","title_typography_font_family":"Ubuntu","title_typography_font_size":{"unit":"px","size":22},"title_typography_font_weight":"100","title_typography_line_height":{"unit":"em","size":1},"description_color":"#495157","description_typography_typography":"custom","description_typography_font_family":"Ubuntu","description_typography_font_size":{"unit":"px","size":14},"description_typography_font_weight":"300","description_typography_line_height":{"unit":"em","size":1.2}},"elements":[],"isInner":false,"widgetType":"image-box","elType":"widget"}],"isInner":false,"elType":"column"},{"id":"233cb867","settings":{"_column_size":33,"_inline_size":null,"background_background":"classic","background_color":"#ffffff","border_border":"solid","border_width":{"unit":"px","top":"1","right":"1","bottom":"1","left":"0","isLinked":false},"border_color":"#dddddd","padding":{"unit":"px","top":"50","right":"50","bottom":"50","left":"50","isLinked":true}},"elements":[{"id":"121450ee","settings":{"image":{"id":"148","url":"http:\/\/localhost\/test\/wp-content\/uploads\/2018\/09\/Group-4-Copy.png"},"title_text":"24\/7 Orders","description_text":"At Your Doorstep in a Jiffy","title_size":"h4","text_align":"center","title_color":"#495157","title_typography_typography":"custom","title_typography_font_family":"Ubuntu","title_typography_font_size":{"unit":"px","size":22},"title_typography_font_weight":"100","title_typography_line_height":{"unit":"em","size":1},"description_color":"#495157","description_typography_typography":"custom","description_typography_font_family":"Ubuntu","description_typography_font_size":{"unit":"px","size":14},"description_typography_font_weight":"300","description_typography_line_height":{"unit":"em","size":1.2}},"elements":[],"isInner":false,"widgetType":"image-box","elType":"widget"}],"isInner":false,"elType":"column"}],"isInner":false,"elType":"section"},{"id":"2fda8d3a","settings":{"structure":"20","border_border":"solid","border_width":{"unit":"px","top":"2","right":"0","bottom":"0","left":"0","isLinked":false},"border_color":"#d3d3d3","margin":{"unit":"px","top":"","right":0,"bottom":"","left":0,"isLinked":true},"margin_mobile":{"unit":"px","top":"0","right":0,"bottom":"0","left":0,"isLinked":false},"padding":{"unit":"px","top":"0","right":"0","bottom":"0","left":"0","isLinked":false},"padding_tablet":{"unit":"px","top":"060","right":"0","bottom":"60","left":"020","isLinked":false},"padding_mobile":{"unit":"px","top":"0","right":"0","bottom":"40","left":"0","isLinked":false}},"elements":[{"id":"49641e6a","settings":{"_column_size":50,"_inline_size":34.035,"content_position":"center","_inline_size_tablet":45},"elements":[{"id":"62969714","settings":{"image":{"id":"150","url":"http:\/\/localhost\/test\/wp-content\/uploads\/2018\/09\/Group-13.png"},"align_mobile":"center","space_mobile":{"unit":"%","size":70},"_margin":{"unit":"px","top":"-100","right":"0","bottom":"-115","left":"0","isLinked":false},"_margin_mobile":{"unit":"px","top":"-50","right":"0","bottom":"0","left":"0","isLinked":false},"_padding_mobile":{"unit":"px","top":"0","right":"0","bottom":"0","left":"0","isLinked":true},"_z_index":1},"elements":[],"isInner":false,"widgetType":"image","elType":"widget"}],"isInner":false,"elType":"column"},{"id":"4cd592dd","settings":{"_column_size":50,"_inline_size":65.965,"content_position":"center","margin":{"unit":"%","top":"0","right":"30","bottom":"0","left":"8","isLinked":false},"margin_tablet":{"unit":"px","top":"0","right":"50","bottom":"0","left":"40","isLinked":false},"margin_mobile":{"unit":"px","top":"20","right":"20","bottom":"20","left":"20","isLinked":false},"padding_tablet":{"unit":"px","top":"0","right":"0","bottom":"0","left":"0","isLinked":true},"_inline_size_tablet":55},"elements":[{"id":"31dd0352","settings":{"title":"Download the app <br>\nand start exploring","header_size":"h4","align_mobile":"center","title_color":"#495157","typography_typography":"custom","typography_font_family":"Ubuntu","typography_font_size":{"unit":"px","size":32},"typography_font_weight":"100","typography_line_height":{"unit":"em","size":1.3},"_margin":{"unit":"px","top":"0","right":"0","bottom":"0","left":"0","isLinked":false},"typography_font_size_tablet":{"unit":"px","size":25},"typography_font_size_mobile":{"unit":"px","size":34}},"elements":[],"isInner":false,"widgetType":"heading","elType":"widget"},{"id":"192c04e2","settings":{"title":"Experience Nature's Gifts with Goodness\n","header_size":"p","align_mobile":"center","title_color":"#12bc8b","typography_typography":"custom","typography_font_family":"Ubuntu","typography_font_size":{"unit":"px","size":17},"typography_font_weight":"400","typography_line_height":{"unit":"em","size":1.4},"_margin":{"unit":"px","top":"0","right":"0","bottom":"0","left":"0","isLinked":false},"typography_font_size_tablet":{"unit":"px","size":14},"typography_font_size_mobile":{"unit":"px","size":16}},"elements":[],"isInner":false,"widgetType":"heading","elType":"widget"},{"id":"66b4023f","settings":{"title":"We take pride in delivering only the freshest produce gathered daily from \norganic farms. Surround yourself in the serenity of pesticide-free flavours.\n","header_size":"p","align_mobile":"center","title_color":"#495157","typography_typography":"custom","typography_font_family":"Ubuntu","typography_font_size":{"unit":"px","size":16},"typography_font_weight":"100","typography_line_height":{"unit":"em","size":1.7},"_margin":{"unit":"px","top":"0","right":"0","bottom":"0","left":"0","isLinked":false}},"elements":[],"isInner":false,"widgetType":"heading","elType":"widget"},{"id":"27504e09","settings":{"color":"#cecece","width":{"unit":"%","size":90},"align_mobile":"center"},"elements":[],"isInner":false,"widgetType":"divider","elType":"widget"},{"id":"d4f0cf7","settings":{"testimonial_content":"Divine delicacies! Each Goodness bite transports \nyou to a carefree sunny day in the countryside","testimonial_image":{"id":"151","url":"http:\/\/localhost\/test\/wp-content\/uploads\/2018\/09\/https-www.pexels.comphotoman-wearing-blue-denim-buttons-up-long-sleeve-and-blace-frame-eyelgasses-26939.png"},"testimonial_name":"Marcus torres","testimonial_job":"","testimonial_alignment":"left","content_content_color":"#495157","content_typography_typography":"custom","content_typography_font_family":"Ubuntu","content_typography_font_size":{"unit":"px","size":16},"content_typography_font_weight":"400","content_typography_font_style":"italic","content_typography_line_height":{"unit":"em","size":1.7},"image_size":{"unit":"px","size":55},"name_text_color":"#ff0044","name_typography_typography":"custom","name_typography_font_family":"Ubuntu","name_typography_font_size":{"unit":"px","size":14},"name_typography_text_transform":"uppercase"},"elements":[],"isInner":false,"widgetType":"testimonial","elType":"widget"}],"isInner":false,"elType":"column"}],"isInner":false,"elType":"section"},{"id":"7dd3cefb","settings":{"layout":"full_width","gap":"no","custom_height":{"unit":"px","size":300},"background_background":"video","background_color":"#fcd02c","margin_mobile":{"unit":"px","top":"0","right":0,"bottom":"0","left":0,"isLinked":true},"padding":{"unit":"px","top":"0","right":"0","bottom":"0","left":"0","isLinked":false},"padding_mobile":{"unit":"px","top":"0","right":"0","bottom":"0","left":"0","isLinked":true}},"elements":[{"id":"630da2fb","settings":{"_column_size":100},"elements":[{"id":"68cb7543","settings":{"link":"https:\/\/www.youtube.com\/watch?v=9uOETcuFjbE","vimeo_link":"https:\/\/vimeo.com\/235215203","show_image_overlay":"yes","image_overlay":{"id":"152","url":"http:\/\/localhost\/test\/wp-content\/uploads\/2018\/09\/elli-o-212646.png"},"play_icon_size":{"unit":"px","size":120},"play_icon_size_tablet":{"unit":"px","size":82},"play_icon_size_mobile":{"unit":"px","size":60},"youtube_url":"https:\/\/www.youtube.com\/watch?v=9uOETcuFjbE","vimeo_url":"https:\/\/vimeo.com\/235215203","dailymotion_url":"https:\/\/www.dailymotion.com\/video\/x6tqhqb"},"elements":[],"isInner":false,"widgetType":"video","elType":"widget"}],"isInner":false,"elType":"column"}],"isInner":false,"elType":"section"},{"id":"32e0b4f5","settings":{"layout":"full_width","gap":"no","height":"min-height","custom_height":{"unit":"px","size":600},"custom_height_tablet":{"unit":"px","size":400},"column_position":"bottom","content_position":"bottom","structure":"20","background_background":"classic","background_color":"#fcd02c","background_overlay_image":{"id":"156","url":"http:\/\/localhost\/test\/wp-content\/uploads\/2018\/09\/placeholder.png"},"background_overlay_position":"bottom right","background_overlay_repeat":"no-repeat","background_overlay_size":"auto","background_overlay_opacity":{"unit":"px","size":1},"margin_tablet":{"unit":"px","top":"0","right":0,"bottom":"0","left":0,"isLinked":true},"margin_mobile":{"unit":"px","top":"0","right":0,"bottom":"0","left":0,"isLinked":false},"padding_tablet":{"unit":"px","top":"0","right":"0","bottom":"0","left":"0","isLinked":true},"padding_mobile":{"unit":"px","top":"60","right":"0","bottom":"0","left":"0","isLinked":false}},"elements":[{"id":"5dcab853","settings":{"_column_size":50,"_inline_size":null,"content_position":"center","margin":{"unit":"px","top":"100","right":"0","bottom":"100","left":"0","isLinked":false},"margin_mobile":{"unit":"px","top":"0","right":"0","bottom":"30","left":"0","isLinked":false},"padding_mobile":{"unit":"px","top":"0","right":"0","bottom":"0","left":"0","isLinked":true},"margin_tablet":{"unit":"px","top":"50","right":"0","bottom":"50","left":"0","isLinked":false}},"elements":[{"id":"5beb40ce","settings":{"title":"Coming your<br> way soon!","header_size":"h3","align":"center","align_tablet":"center","title_color":"#ffffff","typography_typography":"custom","typography_font_family":"Ubuntu","typography_font_size":{"unit":"px","size":70},"typography_font_size_tablet":{"unit":"px","size":45},"typography_font_size_mobile":{"unit":"px","size":45},"typography_font_weight":"100","typography_line_height":{"unit":"em","size":1.2},"_margin":{"unit":"px","top":"0","right":"0","bottom":"0","left":"0","isLinked":false},"_margin_tablet":{"unit":"px","top":"10","right":"10","bottom":"10","left":"10","isLinked":true},"_padding_tablet":{"unit":"px","top":"0","right":"0","bottom":"0","left":"0","isLinked":true},"typography_line_height_mobile":{"unit":"px","size":50}},"elements":[],"isInner":false,"widgetType":"heading","elType":"widget"},{"id":"1aeda1e5","settings":{"gap":"narrow","structure":"20","margin":{"unit":"px","top":"40","right":0,"bottom":"0","left":0,"isLinked":false},"margin_mobile":{"unit":"px","top":"40","right":0,"bottom":"0","left":0,"isLinked":false}},"elements":[{"id":"c99113e","settings":{"_column_size":50,"_inline_size":null,"_inline_size_mobile":50,"padding_mobile":{"unit":"px","top":"0","right":"10","bottom":"0","left":"0","isLinked":false}},"elements":[{"id":"772c3650","settings":{"image":{"id":"153","url":"http:\/\/localhost\/test\/wp-content\/uploads\/2018\/09\/ios-app-store-button.png"},"align":"right","align_mobile":"right","space":{"unit":"%","size":60},"space_mobile":{"unit":"%","size":80}},"elements":[],"isInner":false,"widgetType":"image","elType":"widget"}],"isInner":true,"elType":"column"},{"id":"77e4a2be","settings":{"_column_size":50,"_inline_size":null,"_inline_size_mobile":50,"padding_mobile":{"unit":"px","top":"0","right":"0","bottom":"0","left":"10","isLinked":false}},"elements":[{"id":"4228516f","settings":{"image":{"id":"154","url":"http:\/\/localhost\/test\/wp-content\/uploads\/2018\/09\/googleplay-badge.png"},"align":"left","align_mobile":"left","space":{"unit":"%","size":60},"space_mobile":{"unit":"%","size":80}},"elements":[],"isInner":false,"widgetType":"image","elType":"widget"}],"isInner":true,"elType":"column"}],"isInner":true,"elType":"section"},{"id":"3df2e604","settings":{"color":"#ffffff","width":{"unit":"%","size":75},"align":"center","_margin":{"unit":"px","top":"50","right":"0","bottom":"0","left":"0","isLinked":false},"_margin_tablet":{"unit":"px","top":"0","right":"0","bottom":"0","left":"0","isLinked":true},"_margin_mobile":{"unit":"px","top":"0","right":"0","bottom":"0","left":"0","isLinked":true}},"elements":[],"isInner":false,"widgetType":"divider","elType":"widget"},{"id":"37d411c8","settings":{"social_icon_list":[{"social":"fa fa-facebook","_id":"09fbe03","link":{"url":"","is_external":"true","nofollow":""}},{"social":"fa fa-twitter","_id":"4f3cdf0","link":{"url":"","is_external":"true","nofollow":""}},{"social":"fa fa-instagram","link":{"url":"","is_external":"true","nofollow":""},"_id":"99e260a"},{"social":"fa fa-vimeo","link":{"url":"","is_external":"true","nofollow":""},"_id":"99ca189"},{"social":"fa fa-youtube","link":{"url":"","is_external":"true","nofollow":""},"_id":"023e117"}],"icon_color":"custom","icon_primary_color":"rgba(255,255,255,0.63)","icon_secondary_color":"#fcd02c","icon_size":{"unit":"px","size":14},"icon_spacing":{"unit":"px","size":36}},"elements":[],"isInner":false,"widgetType":"social-icons","elType":"widget"}],"isInner":false,"elType":"column"},{"id":"25b491f7","settings":{"_column_size":50,"_inline_size":null,"background_background":"classic"},"elements":[{"id":"4a418b68","settings":{"image":{"id":"155","url":"http:\/\/localhost\/test\/wp-content\/uploads\/2018\/09\/854.png"},"align_tablet":"right","space_tablet":{"unit":"%","size":100}},"elements":[],"isInner":false,"widgetType":"image","elType":"widget"}],"isInner":false,"elType":"column"}],"isInner":false,"elType":"section"}]}