{"version":"0.4","title":"Homepage-Restaurant-Site-page.","type":"page","content":[{"id":"130598c","settings":{"layout":"full_width","gap":"no","height":"min-height","custom_height":{"unit":"px","size":890},"column_position":"bottom","content_position":"bottom","background_background":"classic","background_image":{"id":270,"url":"http:\/\/localhost\/test\/wp-content\/uploads\/2018\/09\/head-image01.png"},"background_position":"bottom left","background_size":"cover","background_overlay_background":"gradient","background_overlay_color":"rgba(25,7,0,0)","background_overlay_color_stop":{"unit":"%","size":28},"background_overlay_color_b":"#000000","background_overlay_gradient_type":"radial","background_overlay_gradient_position":"bottom center","background_overlay_opacity":{"unit":"px","size":1},"custom_height_mobile":{"unit":"px","size":207},"margin_mobile":{"unit":"px","top":"0","right":0,"bottom":"0","left":0,"isLinked":true},"padding_mobile":{"unit":"px","top":"0","right":"0","bottom":"0","left":"0","isLinked":true}},"elements":[{"id":"3202586e","settings":{"_column_size":100},"elements":[{"id":"46275d1a","settings":{"title":"Le Boudoir","header_size":"h3","align":"center","title_color":"#ffffff","typography_typography":"custom","typography_font_size":{"unit":"px","size":130},"typography_font_family":"Lora","typography_font_weight":"100","typography_letter_spacing":{"unit":"px","size":-5},"typography_font_size_mobile":{"unit":"px","size":64},"_margin_mobile":{"unit":"px","top":"60","right":"0","bottom":"0","left":"0","isLinked":false}},"elements":[],"isInner":false,"widgetType":"heading","elType":"widget"},{"id":"2f24c0df","settings":{"title":"A French restaurant With a flare for fine dining","header_size":"p","align":"center","title_color":"#ffffff","typography_typography":"custom","typography_font_size":{"unit":"px","size":19},"typography_font_family":"Josefin Sans","typography_font_weight":"300","typography_text_transform":"uppercase","typography_line_height":{"unit":"em","size":1.4},"typography_letter_spacing":{"unit":"px","size":2},"_margin":{"unit":"%","top":"0","right":"15","bottom":"0","left":"15","isLinked":false},"typography_font_size_mobile":{"unit":"px","size":14},"_margin_tablet":{"unit":"px","top":"0","right":"0","bottom":"0","left":"0","isLinked":false},"_margin_mobile":{"unit":"px","top":"0","right":"30","bottom":"0","left":"30","isLinked":false},"_padding_mobile":{"unit":"px","top":"0","right":"0","bottom":"0","left":"0","isLinked":true}},"elements":[],"isInner":false,"widgetType":"heading","elType":"widget"},{"id":"5dc5027b","settings":{"space":{"unit":"px","size":175},"_margin":{"unit":"px","top":"430","right":"0","bottom":"0","left":"0","isLinked":false},"_background_background":"classic","_background_image":{"id":269,"url":"http:\/\/localhost\/test\/wp-content\/uploads\/2018\/09\/Brushoverlay03.png"},"_background_size":"cover","_background_position":"bottom center","_background_repeat":"no-repeat","_margin_mobile":{"unit":"px","top":"170","right":"0","bottom":"0","left":"0","isLinked":false}},"elements":[],"isInner":false,"widgetType":"spacer","elType":"widget"}],"isInner":false,"elType":"column"}],"isInner":false,"elType":"section"},{"id":"38a63c24","settings":{"height":"min-height","custom_height":{"unit":"px","size":""},"structure":"20","background_position":"top center","background_repeat":"no-repeat","background_size":"contain","margin":{"unit":"px","top":"","right":0,"bottom":"","left":0,"isLinked":true},"padding":{"unit":"px","top":"80","right":"0","bottom":"0","left":"0","isLinked":false},"background_background":"classic","background_color":"#ffffff","margin_mobile":{"unit":"px","top":"0","right":0,"bottom":"0","left":0,"isLinked":true},"padding_tablet":{"unit":"px","top":"0","right":"20","bottom":"0","left":"20","isLinked":false},"padding_mobile":{"unit":"px","top":"0","right":"0","bottom":"0","left":"15","isLinked":false}},"elements":[{"id":"2bb27475","settings":{"_column_size":50,"_inline_size":67,"space_between_widgets":0,"background_image":{"id":272,"url":"http:\/\/localhost\/test\/wp-content\/uploads\/2018\/09\/2ndDishRender.png"},"background_position":"center left","background_size":"cover","padding":{"unit":"px","top":"0","right":"527","bottom":"500","left":"0","isLinked":false},"background_repeat":"no-repeat","background_background":"classic","_inline_size_tablet":62,"margin_mobile":{"unit":"px","top":"0","right":"0","bottom":"0","left":"0","isLinked":false},"padding_tablet":{"unit":"px","top":"0","right":"280","bottom":"0","left":"0","isLinked":false},"padding_mobile":{"unit":"px","top":"0","right":"160","bottom":"240","left":"0","isLinked":false}},"elements":[{"id":"27828f7f","settings":{"image":{"id":271,"url":"http:\/\/localhost\/test\/wp-content\/uploads\/2018\/09\/rgrgdrg3.png"},"image_size":"full","_box_shadow_box_shadow":{"horizontal":0,"vertical":0,"blur":30,"spread":-9,"color":"rgba(0,0,0,0.5)"},"image_border_radius":{"unit":"px","top":"2","right":"2","bottom":"0","left":"0","isLinked":false},"_margin":{"unit":"px","top":"-280","right":"0","bottom":"0","left":"0","isLinked":false},"align_mobile":"left","space_mobile":{"unit":"%","size":100},"_margin_tablet":{"unit":"px","top":"-200","right":"0","bottom":"0","left":"0","isLinked":false},"_margin_mobile":{"unit":"px","top":"-180","right":"0","bottom":"0","left":"0","isLinked":false}},"elements":[],"isInner":false,"widgetType":"image","elType":"widget"},{"id":"1b1c9873","settings":{"gap":"no","border_radius":{"unit":"px","top":"0","right":"0","bottom":"2","left":"2","isLinked":false},"box_shadow_box_shadow":{"horizontal":0,"vertical":0,"blur":40,"spread":-2,"color":"rgba(0,0,0,0.29)"},"margin":{"unit":"px","top":"0","right":0,"bottom":"0","left":0,"isLinked":false},"background_background":"gradient","background_color":"#770f0f","padding":{"unit":"px","top":"60","right":"50","bottom":"60","left":"50","isLinked":false},"background_color_b":"#9b1f1a","background_gradient_type":"radial","background_gradient_position":"bottom left","margin_mobile":{"unit":"px","top":"0","right":0,"bottom":"0","left":0,"isLinked":false},"padding_tablet":{"unit":"px","top":"20","right":"20","bottom":"20","left":"20","isLinked":true}},"elements":[{"id":"4d21fa2e","settings":{"_column_size":100,"_inline_size":null,"space_between_widgets":0},"elements":[{"id":"3533d81c","settings":{"title":"25 Years ","header_size":"h3","align":"left","title_color":"#ffffff","typography_typography":"custom","typography_font_size":{"unit":"px","size":35},"typography_font_family":"Lora","typography_font_weight":"100","typography_line_height":{"unit":"px","size":35},"_background_background":"classic","typography_font_size_tablet":{"unit":"px","size":30},"typography_font_size_mobile":{"unit":"px","size":30}},"elements":[],"isInner":false,"widgetType":"heading","elType":"widget"},{"id":"59f02b12","settings":{"title":"Providing the highest quality of food and service since 1934","header_size":"p","align":"left","title_color":"#ffffff","typography_typography":"custom","typography_font_size":{"unit":"px","size":17},"typography_font_family":"Josefin Sans","typography_font_weight":"300","typography_line_height":{"unit":"em","size":1.6},"typography_letter_spacing":{"unit":"px","size":0.4},"_margin":{"unit":"px","top":"20","right":"0","bottom":"0","left":"0","isLinked":false},"typography_font_size_tablet":{"unit":"px","size":15},"_margin_mobile":{"unit":"px","top":"10","right":"0","bottom":"0","left":"0","isLinked":false}},"elements":[],"isInner":false,"widgetType":"heading","elType":"widget"}],"isInner":true,"elType":"column"}],"isInner":true,"elType":"section"}],"isInner":false,"elType":"column"},{"id":"5e50d07a","settings":{"_column_size":50,"_inline_size":33,"background_background":"classic","background_color":"#f7f3ed","padding":{"unit":"px","top":"40","right":"40","bottom":"40","left":"40","isLinked":true},"border_radius":{"unit":"px","top":"2","right":"2","bottom":"2","left":"2","isLinked":true},"margin":{"unit":"px","top":"0","right":"0","bottom":"170","left":"0","isLinked":false},"_inline_size_tablet":38,"margin_tablet":{"unit":"px","top":"0","right":"0","bottom":"0","left":"0","isLinked":true},"margin_mobile":{"unit":"px","top":"40","right":"15","bottom":"0","left":"0","isLinked":false},"padding_tablet":{"unit":"px","top":"40","right":"025","bottom":"30","left":"025","isLinked":false}},"elements":[{"id":"39dc8333","settings":{"title":"01\/11","header_size":"p","align":"left","title_color":"#9b1f1a","typography_typography":"custom","typography_font_size":{"unit":"px","size":13},"typography_font_family":"Josefin Sans","typography_font_weight":"400","typography_text_transform":"uppercase","typography_line_height":{"unit":"em","size":1.4},"_margin":{"unit":"%","top":"","right":"","bottom":"","left":"","isLinked":true}},"elements":[],"isInner":false,"widgetType":"heading","elType":"widget"},{"id":"62840f21","settings":{"title":"Excelsior main street dolor courses.","header_size":"h3","align":"left","title_color":"#191919","typography_typography":"custom","typography_font_size":{"unit":"px","size":45},"typography_font_family":"Lora","typography_font_weight":"100","typography_letter_spacing":{"unit":"px","size":0.1},"typography_line_height":{"unit":"px","size":55},"_margin":{"unit":"px","top":"-10","right":"0","bottom":"0","left":"0","isLinked":false},"typography_font_size_tablet":{"unit":"px","size":34},"typography_font_size_mobile":{"unit":"px","size":34},"typography_line_height_tablet":{"unit":"px","size":44}},"elements":[],"isInner":false,"widgetType":"heading","elType":"widget"},{"id":"6f978336","settings":{"style":"double","weight":{"unit":"px","size":4},"color":"#9b1f1a","width":{"unit":"px","size":75},"gap":{"unit":"px","size":5},"_margin":{"unit":"px","top":"-10","right":"0","bottom":"0","left":"0","isLinked":false}},"elements":[],"isInner":false,"widgetType":"divider","elType":"widget"},{"id":"37586999","settings":{"title":"Veggies es bonus vobis, proinde vos postulo essum magis kohlrabi welsh onion daikon amaranth tatsoi tomatillo melon azuki bean garlic.\n\nGumbo beet greens corn soko endive gumbo gourd. Parsley shallot courgette tatsoi pea sprouts fava bean collard greens dandelion okra wakame tomato. Dandelion cucumber earthnut pea peanut soko zucchini.","header_size":"p","align":"left","title_color":"#000000","typography_typography":"custom","typography_font_size":{"unit":"px","size":17},"typography_font_family":"Josefin Sans","typography_font_weight":"300","typography_line_height":{"unit":"em","size":1.6},"typography_letter_spacing":{"unit":"px","size":0.1},"_margin":{"unit":"%","top":"","right":"","bottom":"","left":"","isLinked":true},"typography_font_size_tablet":{"unit":"px","size":15}},"elements":[],"isInner":false,"widgetType":"heading","elType":"widget"},{"id":"35024cce","settings":{"text":"Read more","align":"left","icon_align":"right","typography_typography":"custom","typography_font_family":"Josefin Sans","typography_font_size":{"unit":"px","size":15},"typography_font_weight":"300","typography_text_transform":"uppercase","typography_letter_spacing":{"unit":"px","size":1.8},"button_text_color":"#ffffff","background_color":"#191919","border_radius":{"unit":"px","top":"2","right":"2","bottom":"2","left":"2","isLinked":true},"text_padding":{"unit":"px","top":"16","right":"30","bottom":"16","left":"30","isLinked":false},"hover_color":"#ffffff","button_background_hover_color":"#770f0f","hover_animation":"shrink"},"elements":[],"isInner":false,"widgetType":"button","elType":"widget"}],"isInner":false,"elType":"column"}],"isInner":false,"elType":"section"},{"id":"26673e71","settings":{"gap":"no","height":"min-height","custom_height":{"unit":"px","size":930},"structure":"20","background_background":"classic","background_overlay_background":"classic","background_overlay_position":"bottom center","background_overlay_repeat":"no-repeat","background_overlay_size":"contain","background_overlay_opacity":{"unit":"px","size":1},"margin":{"unit":"px","top":"","right":0,"bottom":"","left":0,"isLinked":true},"padding":{"unit":"px","top":"0","right":"0","bottom":"120","left":"0","isLinked":false},"background_color":"#ffffff","custom_height_tablet":{"unit":"px","size":720},"margin_tablet":{"unit":"px","top":"","right":0,"bottom":"","left":0,"isLinked":true},"margin_mobile":{"unit":"px","top":"0","right":0,"bottom":"0","left":0,"isLinked":false},"padding_tablet":{"unit":"px","top":"0","right":"20","bottom":"80","left":"30","isLinked":false},"padding_mobile":{"unit":"px","top":"80","right":"20","bottom":"120","left":"20","isLinked":false}},"elements":[{"id":"2f621348","settings":{"_column_size":50,"content_position":"center","padding":{"unit":"px","top":"0","right":"300","bottom":"0","left":"0","isLinked":false},"_inline_size_tablet":50,"margin_mobile":{"unit":"px","top":"0","right":"0","bottom":"80","left":"0","isLinked":false},"padding_tablet":{"unit":"px","top":"50","right":"120","bottom":"50","left":"0","isLinked":false},"padding_mobile":{"unit":"px","top":"0","right":"0","bottom":"0","left":"0","isLinked":true},"_inline_size":49.544},"elements":[{"id":"7f010bc1","settings":{"image":{"id":273,"url":"http:\/\/localhost\/test\/wp-content\/uploads\/2018\/09\/FishIcon.png"},"title_text":"fresh  salmon","description_text":"Veggies es bonus vobis, proinde vos postulo essum magis kohlrabi welsh onion daikon amaranth\n","image_space":{"unit":"px","size":10},"image_size":{"unit":"%","size":15},"text_align":"center","title_bottom_space":{"unit":"px","size":25},"title_typography_typography":"custom","title_typography_font_size":{"unit":"px","size":28},"title_typography_font_family":"Lora","title_typography_font_weight":"100","title_typography_text_transform":"capitalize","title_typography_letter_spacing":{"unit":"px","size":0.4},"description_typography_typography":"custom","description_typography_font_size":{"unit":"px","size":18},"description_typography_font_family":"Josefin Sans","description_typography_font_weight":"300","description_typography_line_height":{"unit":"em","size":1.4},"description_typography_letter_spacing":{"unit":"px","size":0.1},"title_color":"#191919","description_color":"#7f7f7f","image_size_tablet":{"unit":"%","size":16},"title_bottom_space_tablet":{"unit":"px","size":16},"title_typography_font_size_mobile":{"unit":"px","size":24},"description_typography_font_size_tablet":{"unit":"px","size":15},"_padding_mobile":{"unit":"px","top":"0","right":"20","bottom":"0","left":"20","isLinked":false}},"elements":[],"isInner":false,"widgetType":"image-box","elType":"widget"},{"id":"7bd289e2","settings":{"image":{"id":274,"url":"http:\/\/localhost\/test\/wp-content\/uploads\/2018\/09\/ChefIcon.png"},"title_text":"Top chefs","description_text":"Gumbo beet greens corn soko endive gumbo gourd. Parsley shallot courgette tatsoi","image_space":{"unit":"px","size":10},"image_size":{"unit":"%","size":15},"text_align":"center","title_bottom_space":{"unit":"px","size":28},"title_typography_typography":"custom","title_typography_font_size":{"unit":"px","size":24},"title_typography_font_family":"Lora","title_typography_font_weight":"100","title_typography_text_transform":"capitalize","title_typography_letter_spacing":{"unit":"px","size":0.4},"description_typography_typography":"custom","description_typography_font_size":{"unit":"px","size":18},"description_typography_font_family":"Josefin Sans","description_typography_font_weight":"300","description_typography_line_height":{"unit":"em","size":1.4},"description_typography_letter_spacing":{"unit":"px","size":0.1},"_margin":{"unit":"px","top":"60","right":"0","bottom":"0","left":"0","isLinked":false},"title_color":"#191919","description_color":"#7f7f7f","image_size_tablet":{"unit":"%","size":12},"title_bottom_space_tablet":{"unit":"px","size":16},"title_typography_font_size_mobile":{"unit":"px","size":24},"description_typography_font_size_tablet":{"unit":"px","size":15},"_padding_mobile":{"unit":"px","top":"0","right":"20","bottom":"0","left":"20","isLinked":false}},"elements":[],"isInner":false,"widgetType":"image-box","elType":"widget"}],"isInner":false,"elType":"column"},{"id":"1a896802","settings":{"_column_size":50,"content_position":"center","background_background":"classic","background_image":{"id":275,"url":"http:\/\/localhost\/test\/wp-content\/uploads\/2018\/09\/2ndDish.png"},"background_size":"cover","background_overlay_background":"classic","background_overlay_image":{"id":269,"url":"http:\/\/localhost\/test\/wp-content\/uploads\/2018\/09\/Brushoverlay03.png"},"background_overlay_position":"bottom left","background_overlay_repeat":"no-repeat","background_overlay_size":"auto","background_overlay_opacity":{"unit":"px","size":1},"border_radius":{"unit":"px","top":"2","right":"2","bottom":"2","left":"2","isLinked":true},"padding":{"unit":"px","top":"180","right":"0","bottom":"220","left":"0","isLinked":false},"_inline_size_tablet":50,"margin_tablet":{"unit":"px","top":"0","right":"0","bottom":"0","left":"0","isLinked":false},"padding_tablet":{"unit":"px","top":"0","right":"0","bottom":"0","left":"0","isLinked":false}},"elements":[{"id":"45b8af","settings":{"background_background":"classic","margin":{"unit":"px","top":"","right":0,"bottom":"","left":0,"isLinked":true},"margin_mobile":{"unit":"px","top":"0","right":0,"bottom":"0","left":0,"isLinked":false},"padding_mobile":{"unit":"px","top":"40","right":"0","bottom":"40","left":"0","isLinked":false}},"elements":[{"id":"495fe3cf","settings":{"_column_size":100,"_inline_size":null,"background_background":"classic","background_color":"#ffffff","margin":{"unit":"px","top":"0","right":"0","bottom":"0","left":"-200","isLinked":false},"padding":{"unit":"px","top":"70","right":"50","bottom":"60","left":"50","isLinked":false},"margin_tablet":{"unit":"px","top":"0","right":"0","bottom":"0","left":"-90","isLinked":false},"margin_mobile":{"unit":"px","top":"40","right":"50","bottom":"80","left":"-9","isLinked":false},"padding_tablet":{"unit":"px","top":"30","right":"30","bottom":"30","left":"20","isLinked":false}},"elements":[{"id":"39fddcdf","settings":{"title":"Casually sophisticated setting for cooking","header_size":"h3","align":"left","title_color":"#191919","typography_typography":"custom","typography_font_size":{"unit":"px","size":45},"typography_font_family":"Lora","typography_font_weight":"100","typography_letter_spacing":{"unit":"px","size":0},"typography_line_height":{"unit":"px","size":64},"typography_font_size_tablet":{"unit":"px","size":30},"typography_font_size_mobile":{"unit":"px","size":26},"typography_line_height_tablet":{"unit":"px","size":50},"typography_line_height_mobile":{"unit":"px","size":40},"_padding_tablet":{"unit":"px","top":"0","right":"0","bottom":"0","left":"0","isLinked":false}},"elements":[],"isInner":false,"widgetType":"heading","elType":"widget"},{"id":"57c5ecd6","settings":{"style":"double","weight":{"unit":"px","size":4},"color":"#9b1f1a","width":{"unit":"px","size":75},"gap":{"unit":"px","size":5},"_margin":{"unit":"px","top":"-10","right":"0","bottom":"0","left":"0","isLinked":false},"align":"left","width_mobile":{"unit":"%","size":21}},"elements":[],"isInner":false,"widgetType":"divider","elType":"widget"}],"isInner":true,"elType":"column"}],"isInner":true,"elType":"section"}],"isInner":false,"elType":"column"}],"isInner":false,"elType":"section"},{"id":"134bca8a","settings":{"height":"min-height","custom_height":{"unit":"px","size":""},"structure":"20","background_image":{"id":277,"url":"http:\/\/localhost\/test\/wp-content\/uploads\/2018\/09\/Brushoverlay02.png"},"background_position":"bottom center","background_repeat":"no-repeat","background_size":"contain","margin":{"unit":"px","top":"","right":0,"bottom":"","left":0,"isLinked":true},"padding":{"unit":"px","top":"100","right":"0","bottom":"160","left":"0","isLinked":false},"background_background":"classic","background_color":"#f7f3ed","background_overlay_image":{"id":278,"url":"http:\/\/localhost\/test\/wp-content\/uploads\/2018\/09\/BrushoverlayInvrt.png"},"background_overlay_position":"top center","background_overlay_repeat":"no-repeat","background_overlay_size":"contain","background_overlay_opacity":{"unit":"px","size":1},"margin_mobile":{"unit":"px","top":"0","right":0,"bottom":"0","left":0,"isLinked":false},"padding_tablet":{"unit":"px","top":"60","right":"0","bottom":"0","left":"30","isLinked":false},"padding_mobile":{"unit":"px","top":"30","right":"0","bottom":"0","left":"0","isLinked":false}},"elements":[{"id":"5948c15b","settings":{"_column_size":50,"_inline_size":24,"space_between_widgets":0,"background_background":"classic","background_position":"bottom center","background_size":"cover","margin":{"unit":"px","top":"-266","right":"0","bottom":"0","left":"0","isLinked":false},"padding":{"unit":"px","top":"0","right":"0","bottom":"0","left":"0","isLinked":false},"_inline_size_tablet":30,"margin_mobile":{"unit":"px","top":"0","right":"30","bottom":"0","left":"30","isLinked":false}},"elements":[{"id":"33a8b801","settings":{"image":{"id":276,"url":"http:\/\/localhost\/test\/wp-content\/uploads\/2018\/09\/045erotu.png"},"image_size":"full","_box_shadow_box_shadow":{"horizontal":0,"vertical":0,"blur":30,"spread":-9,"color":"rgba(0,0,0,0.5)"},"image_border_radius":{"unit":"px","top":"2","right":"2","bottom":"0","left":"0","isLinked":false}},"elements":[],"isInner":false,"widgetType":"image","elType":"widget"},{"id":"366997d4","settings":{"gap":"no","border_radius":{"unit":"px","top":"0","right":"0","bottom":"2","left":"2","isLinked":false},"box_shadow_box_shadow":{"horizontal":0,"vertical":0,"blur":40,"spread":-2,"color":"rgba(0,0,0,0.29)"},"margin":{"unit":"px","top":"0","right":0,"bottom":"0","left":0,"isLinked":false},"background_background":"gradient","background_color":"#770f0f","padding":{"unit":"px","top":"70","right":"50","bottom":"60","left":"50","isLinked":false},"background_color_b":"#9b1f1a","background_gradient_type":"radial","background_gradient_position":"bottom left","margin_mobile":{"unit":"px","top":"","right":0,"bottom":"","left":0,"isLinked":true},"padding_tablet":{"unit":"px","top":"40","right":"25","bottom":"40","left":"25","isLinked":false}},"elements":[{"id":"3bac11f9","settings":{"_column_size":100,"_inline_size":null,"space_between_widgets":0},"elements":[{"id":"6604b66c","settings":{"title":"Contact","header_size":"h3","align":"left","title_color":"#ffffff","typography_typography":"custom","typography_font_size":{"unit":"px","size":45},"typography_font_family":"Lora","typography_font_weight":"100","typography_line_height":{"unit":"px","size":35},"_background_background":"classic","typography_font_size_tablet":{"unit":"px","size":38},"typography_font_size_mobile":{"unit":"px","size":34}},"elements":[],"isInner":false,"widgetType":"heading","elType":"widget"},{"id":"679e76f5","settings":{"title":"Le Boudoir","header_size":"h3","align":"left","title_color":"#ffffff","typography_typography":"custom","typography_font_size":{"unit":"px","size":22},"typography_font_family":"Josefin Sans","typography_font_weight":"300","typography_line_height":{"unit":"px","size":35},"_margin":{"unit":"px","top":"30","right":"0","bottom":"0","left":"0","isLinked":false},"_background_background":"classic","typography_letter_spacing":{"unit":"px","size":0.4}},"elements":[],"isInner":false,"widgetType":"heading","elType":"widget"},{"id":"42f774b2","settings":{"title":"Level 12, 6 Croiasure St, <br>Melbourne,<br>Society 1234","header_size":"p","align":"left","title_color":"#ffffff","typography_typography":"custom","typography_font_size":{"unit":"px","size":15},"typography_font_family":"Josefin Sans","typography_font_weight":"300","typography_line_height":{"unit":"em","size":1.6},"typography_letter_spacing":{"unit":"px","size":0.4},"_margin":{"unit":"px","top":"20","right":"0","bottom":"0","left":"0","isLinked":false},"typography_font_size_tablet":{"unit":"px","size":15}},"elements":[],"isInner":false,"widgetType":"heading","elType":"widget"},{"id":"3061d593","settings":{"icon_list":[{"text":"noreply@nowhere.com","icon":"fa fa-envelope","_id":"8406a0d","link":{"url":"","is_external":"","nofollow":""}},{"text":"61 (0) 3 123 4567","icon":"fa fa-phone","_id":"105dcd0","link":{"url":"","is_external":"","nofollow":""}}],"space_between":{"unit":"px","size":15},"icon_align":"left","icon_color":"rgba(255,255,255,0.44)","text_color":"#ffffff","icon_typography_typography":"custom","icon_typography_font_size":{"unit":"px","size":15},"icon_typography_font_family":"Josefin Sans","icon_typography_font_weight":"300","icon_typography_line_height":{"unit":"em","size":1.6},"icon_typography_letter_spacing":{"unit":"px","size":0.4},"_margin":{"unit":"px","top":"20","right":"0","bottom":"0","left":"0","isLinked":false},"icon_typography_font_size_tablet":{"unit":"px","size":15}},"elements":[],"isInner":false,"widgetType":"icon-list","elType":"widget"}],"isInner":true,"elType":"column"}],"isInner":true,"elType":"section"}],"isInner":false,"elType":"column"},{"id":"b396dc4","settings":{"_column_size":50,"_inline_size":76,"background_background":"classic","padding":{"unit":"px","top":"0","right":"40","bottom":"40","left":"140","isLinked":false},"_inline_size_tablet":70,"margin_tablet":{"unit":"px","top":"0","right":"0","bottom":"0","left":"0","isLinked":true},"padding_tablet":{"unit":"px","top":"0","right":"50","bottom":"0","left":"50","isLinked":false},"padding_mobile":{"unit":"px","top":"60","right":"30","bottom":"0","left":"30","isLinked":false}},"elements":[{"id":"7368ffc1","settings":{"title":"Book a reservation","header_size":"h3","align":"left","title_color":"#191919","typography_typography":"custom","typography_font_size":{"unit":"px","size":45},"typography_font_family":"Lora","typography_font_weight":"100","typography_letter_spacing":{"unit":"px","size":0},"typography_line_height":{"unit":"px","size":55},"_margin":{"unit":"px","top":"0","right":"0","bottom":"0","left":"0","isLinked":false},"align_mobile":"center","typography_font_size_tablet":{"unit":"px","size":34},"typography_font_size_mobile":{"unit":"px","size":34}},"elements":[],"isInner":false,"widgetType":"heading","elType":"widget"},{"id":"5f062b74","settings":{"form_name":"New Form","form_fields":[{"_id":"name","field_type":"text","field_label":"Name","placeholder":"Name","width":"50","field_value":"","required":"","field_options":"","inline_list":"","width_tablet":"","width_mobile":"","rows":4,"recaptcha_size":"normal","recaptcha_style":"light","css_classes":"","file_sizes":"","file_types":"","allow_multiple_upload":"","max_files":"","checked_by_default":"","custom_validity":"","acceptance_text":"","field_min":"","field_max":"","min_date":"","max_date":"","use_native_date":"","use_native_time":"","allow_multiple":"","select_size":"","field_html":""},{"_id":"email","field_type":"email","required":"true","field_label":"Email","placeholder":"Email","width":"50","field_value":"","field_options":"","inline_list":"","width_tablet":"","width_mobile":"","rows":4,"recaptcha_size":"normal","recaptcha_style":"light","css_classes":"","file_sizes":"","file_types":"","allow_multiple_upload":"","max_files":"","checked_by_default":"","custom_validity":"","acceptance_text":"","field_min":"","field_max":"","min_date":"","max_date":"","use_native_date":"","use_native_time":"","allow_multiple":"","select_size":"","field_html":""},{"_id":"field_1","field_type":"date","required":"true","field_label":"Date","placeholder":"pick your date","width":"33","field_value":"","field_options":"","inline_list":"","width_tablet":"","width_mobile":"","rows":4,"recaptcha_size":"normal","recaptcha_style":"light","css_classes":"","file_sizes":"","file_types":"","allow_multiple_upload":"","max_files":"","checked_by_default":"","custom_validity":"","acceptance_text":"","field_min":"","field_max":"","min_date":"","max_date":"","use_native_date":"","use_native_time":"","allow_multiple":"","select_size":"","field_html":""},{"field_type":"time","field_label":"time","field_value":"","placeholder":"choose your time","required":"","file_sizes":"","file_types":"","allow_multiple_upload":"","max_files":"","checked_by_default":"","custom_validity":"","acceptance_text":"","field_min":"","field_max":"","min_date":"","max_date":"","use_native_date":"","use_native_time":"","field_options":"","allow_multiple":"","select_size":"","inline_list":"","field_html":"","width":"33","width_tablet":"","width_mobile":"","rows":4,"recaptcha_size":"normal","recaptcha_style":"light","css_classes":"","_id":"field_2"},{"field_type":"number","field_label":"number","field_value":"","placeholder":"party size","required":"","file_sizes":"","file_types":"","allow_multiple_upload":"","max_files":"","checked_by_default":"","custom_validity":"","acceptance_text":"","field_min":"","field_max":"","min_date":"","max_date":"","use_native_date":"","use_native_time":"","field_options":"","allow_multiple":"","select_size":"","inline_list":"","field_html":"","width":"33","width_tablet":"","width_mobile":"","rows":4,"recaptcha_size":"normal","recaptcha_style":"light","css_classes":"","_id":"field_3"},{"_id":"message","field_type":"textarea","field_label":"Message","placeholder":"Message","width":"100","field_value":"","required":"","field_options":"","inline_list":"","width_tablet":"","width_mobile":"","rows":6,"recaptcha_size":"normal","recaptcha_style":"light","css_classes":"","file_sizes":"","file_types":"","allow_multiple_upload":"","max_files":"","checked_by_default":"","custom_validity":"","acceptance_text":"","field_min":"","field_max":"","min_date":"","max_date":"","use_native_date":"","use_native_time":"","allow_multiple":"","select_size":"","field_html":""}],"input_size":"md","show_labels":"","button_text":"book now","button_size":"md","email_content":"[all-fields]","email_content_2":"[all-fields]","mailpoet3_fields_map":[{"remote_id":"first_name","remote_label":"First Name","remote_type":"text","_id":"aa0d146","local_id":""},{"remote_id":"last_name","remote_label":"Last Name","remote_type":"text","_id":"a53b35e","local_id":""},{"remote_id":"email","remote_label":"Email","remote_type":"email","remote_required":true,"_id":"bb40be8","local_id":""}],"success_message":"The form was sent successfully!","error_message":"There's something wrong... Please fill in the required fields.","required_field_message":"Required","invalid_message":"There's something wrong... The form is invalid.","subscriber_already_exists_message":"Subscriber already exist.","column_gap":{"unit":"px","size":20},"row_gap":{"unit":"px","size":20},"field_text_color":"#000000","field_typography_typography":"custom","field_typography_font_size":{"unit":"px","size":15},"field_typography_font_family":"Josefin Sans","field_typography_font_weight":"300","field_typography_line_height":{"unit":"em","size":2},"field_typography_letter_spacing":{"unit":"px","size":0.1},"field_border_color":"rgba(0,0,0,0.04)","field_border_width":{"unit":"px","top":"1","right":"1","bottom":"1","left":"1","isLinked":true},"field_border_radius":{"unit":"px","top":"2","right":"2","bottom":"2","left":"2","isLinked":true},"button_text_color":"#ffffff","button_typography_typography":"custom","button_typography_font_size":{"unit":"px","size":15},"button_typography_font_family":"Josefin Sans","button_typography_font_weight":"300","button_typography_text_transform":"uppercase","button_typography_letter_spacing":{"unit":"px","size":2},"button_background_color":"#191919","button_border_width":{"unit":"px","top":"2","right":"2","bottom":"2","left":"2","isLinked":true},"button_border_color":"#000000","button_border_radius":{"unit":"px","top":"2","right":"2","bottom":"2","left":"2","isLinked":true},"button_text_padding":{"unit":"px","top":"18","right":"0","bottom":"18","left":"0","isLinked":false},"_margin":{"unit":"px","top":"40","right":"0","bottom":"0","left":"0","isLinked":false},"label_typography_typography":"custom","button_hover_color":"#ffffff","button_background_hover_color":"#770f0f","button_hover_animation":"shrink","field_typography_text_transform":"capitalize"},"elements":[],"isInner":false,"widgetType":"form","elType":"widget"}],"isInner":false,"elType":"column"}],"isInner":false,"elType":"section"},{"id":"1f99f160","settings":{"padding":{"unit":"px","top":"40","right":"0","bottom":"100","left":"0","isLinked":false},"background_background":"classic","background_color":"#ffffff","padding_tablet":{"unit":"px","top":"80","right":"0","bottom":"80","left":"0","isLinked":false}},"elements":[{"id":"2f4dc23","settings":{"_column_size":100},"elements":[{"id":"6362df6f","settings":{"title":"Follow us online","header_size":"h3","align":"center","title_color":"#191919","typography_typography":"custom","typography_font_size":{"unit":"px","size":45},"typography_font_family":"Lora","typography_font_weight":"100","typography_letter_spacing":{"unit":"px","size":0},"typography_line_height":{"unit":"px","size":55},"_margin":{"unit":"px","top":"-10","right":"0","bottom":"0","left":"0","isLinked":false},"typography_font_size_tablet":{"unit":"px","size":34},"typography_font_size_mobile":{"unit":"px","size":34}},"elements":[],"isInner":false,"widgetType":"heading","elType":"widget"},{"id":"592eaae1","settings":{"title":"Offering specialized foods of popular French tastes","header_size":"p","align":"center","title_color":"#7f7f7f","typography_typography":"custom","typography_font_size":{"unit":"px","size":17},"typography_font_family":"Josefin Sans","typography_font_weight":"300","typography_line_height":{"unit":"em","size":1.6},"typography_letter_spacing":{"unit":"px","size":0.1},"_margin":{"unit":"px","top":"-10","right":"0","bottom":"0","left":"0","isLinked":false},"typography_font_size_tablet":{"unit":"px","size":15},"typography_font_size_mobile":{"unit":"px","size":17},"_padding_mobile":{"unit":"px","top":"0","right":"40","bottom":"0","left":"40","isLinked":false}},"elements":[],"isInner":false,"widgetType":"heading","elType":"widget"},{"id":"7d3543c1","settings":{"social_icon_list":[{"social":"fa fa-facebook","_id":"540fa57","link":{"url":"","is_external":"true","nofollow":""}},{"social":"fa fa-twitter","_id":"8eec57d","link":{"url":"","is_external":"true","nofollow":""}},{"social":"fa fa-instagram","_id":"225c9fe","link":{"url":"","is_external":"true","nofollow":""}},{"social":"fa fa-youtube","link":{"url":"","is_external":"true","nofollow":""},"_id":"912cd20"}],"icon_color":"custom","icon_primary_color":"#f7f7f7","icon_secondary_color":"#191919","icon_size":{"unit":"px","size":23},"icon_padding":{"unit":"em","size":0.7},"icon_spacing":{"unit":"px","size":8},"border_radius":{"unit":"px","top":"6","right":"6","bottom":"6","left":"6","isLinked":true},"_margin":{"unit":"px","top":"40","right":"0","bottom":"0","left":"0","isLinked":false},"icon_size_tablet":{"unit":"px","size":20},"icon_size_mobile":{"unit":"px","size":18},"hover_primary_color":"#191919","hover_secondary_color":"#ffffff","hover_animation":"shrink","_margin_tablet":{"unit":"px","top":"0","right":"0","bottom":"0","left":"0","isLinked":false},"_margin_mobile":{"unit":"px","top":"0","right":"0","bottom":"0","left":"0","isLinked":false}},"elements":[],"isInner":false,"widgetType":"social-icons","elType":"widget"}],"isInner":false,"elType":"column"}],"isInner":false,"elType":"section"}]}