{"version":"0.4","title":"Homepage-Cake-Shop-page.","type":"page","content":[{"id":"3a4d1d06","settings":{"layout":"full_width","gap":"no","content_position":"middle","background_background":"classic","background_overlay_background":"classic","section_custom_css_pro":"","custom_css_pro":""},"elements":[{"id":"45d697a7","settings":{"_column_size":100,"_inline_size":null,"section_custom_css_pro":"","custom_css_pro":""},"elements":[{"id":"1487ab8b","settings":{"slides":[{"heading":"Sara\u2019s Goodies","description":"Lorem ipsum dolor sit amet, consectetur adipiscing elit. Vestibulum ultricies sollicitudin ante nec mattis. ","button_text":"","background_color":"#833ca3","slides_repeater":"","background":"","background_image":{"id":188,"url":"http:\/\/localhost\/test\/wp-content\/uploads\/2018\/09\/2-3.jpg"},"background_size":"cover","background_overlay":"","background_overlay_color":"rgba(0,0,0,0.5)","content":"","link":{"url":"","is_external":"","nofollow":""},"link_click":"slide","style":"","custom_style":"yes","horizontal_position":"","vertical_position":"","text_align":"","content_color":"","_id":"2k3wi62","background_ken_burns":"","zoom_direction":"in","background_overlay_blend_mode":""},{"heading":"Special offer every weekday!","description":"","button_text":"View offers","background_color":"#4054b2","slides_repeater":"","background":"","background_image":{"id":189,"url":"http:\/\/localhost\/test\/wp-content\/uploads\/2018\/09\/3-1-1.jpg"},"background_size":"cover","background_overlay":"","background_overlay_color":"rgba(0,0,0,0.5)","content":"","link":{"url":"","is_external":"","nofollow":""},"link_click":"slide","style":"","custom_style":"","horizontal_position":"","vertical_position":"","text_align":"","content_color":"","_id":"a4urvg2","background_ken_burns":"","zoom_direction":"in","background_overlay_blend_mode":""},{"heading":"Made with love ","description":"Lorem ipsum dolor sit amet, consectetur adipiscing elit. Ut elit tellus, luctus nec ullamcorper mattis, pulvinar dapibus leo.","button_text":"Click Here","background_color":"#1abc9c","slides_repeater":"","background":"","background_image":{"id":190,"url":"http:\/\/localhost\/test\/wp-content\/uploads\/2018\/09\/1-1-2.jpg"},"background_size":"cover","background_overlay":"","background_overlay_color":"rgba(0,0,0,0.5)","content":"","link":{"url":"","is_external":"","nofollow":""},"link_click":"slide","style":"","custom_style":"","horizontal_position":"","vertical_position":"","text_align":"","content_color":"","_id":"wg5vp7y","background_ken_burns":"","zoom_direction":"in","background_overlay_blend_mode":""}],"slides_height":{"unit":"px","size":"700"},"slides_height_tablet":{"unit":"px","size":400},"slides_height_mobile":{"unit":"px","size":400},"navigation":"dots","direction":"ltr","content_max_width":{"unit":"%","size":57},"content_max_width_tablet":{"unit":"%","size":"75"},"content_max_width_mobile":{"unit":"%","size":"95"},"heading_color":"#f991b8","heading_typography_typography":"custom","heading_typography_font_size":{"unit":"px","size":"160"},"heading_typography_font_size_tablet":{"unit":"px","size":"80"},"heading_typography_font_size_mobile":{"unit":"px","size":"50"},"heading_typography_font_family":"Alex Brush","heading_typography_font_weight":"bold","heading_typography_line_height":{"unit":"em","size":0.9},"description_typography_typography":"custom","description_typography_font_size":{"unit":"px","size":"30"},"description_typography_font_size_tablet":{"unit":"px","size":"17"},"description_typography_font_family":"Vidaloka","description_typography_font_weight":"100","button_color":"#ffffff","button_typography_typography":"custom","button_typography_font_size_mobile":{"unit":"px","size":"12"},"button_typography_font_family":"Roboto","button_typography_font_weight":"bold","button_typography_text_transform":"uppercase","button_typography_letter_spacing":{"unit":"px","size":5.4},"button_border_radius":{"unit":"px","size":100},"button_text_color":"#f991b8","button_background_color":"rgba(249,145,184,0)","button_border_color":"#f991b8","button_hover_text_color":"#ffffff","button_hover_background_color":"#f991b8","button_hover_border_color":"#f991b8","dots_size":{"unit":"px","size":13},"dots_color":"#f4bfd3","section_custom_css_pro":"","custom_css_pro":""},"elements":[],"isInner":false,"widgetType":"slides","elType":"widget"}],"isInner":false,"elType":"column"}],"isInner":false,"elType":"section"},{"id":"4eda17cf","settings":{"content_position":"middle","structure":"20","background_background":"classic","background_image":{"id":193,"url":"http:\/\/localhost\/test\/wp-content\/uploads\/2018\/09\/6-1.png"},"background_position":"center center","background_size":"cover","padding":{"unit":"px","top":"230","right":"0","bottom":"230","left":"0","isLinked":false},"padding_tablet":{"unit":"px","top":"100","right":"30","bottom":"80","left":"30","isLinked":false},"padding_mobile":{"unit":"px","top":"50","right":"20","bottom":"50","left":"20","isLinked":false},"reverse_order_mobile":"reverse-mobile"},"elements":[{"id":"b479689","settings":{"_column_size":50,"_inline_size":"40.175","padding":{"unit":"px","top":"0","right":"90","bottom":"0","left":"0","isLinked":false},"padding_tablet":{"unit":"px","top":"0","right":"0","bottom":"0","left":"0","isLinked":true}},"elements":[{"id":"6e9baef7","settings":{"title":"The art of baking","align_mobile":"center","title_color":"#363636","typography_typography":"custom","typography_font_size":{"unit":"px","size":"60"},"typography_font_size_tablet":{"unit":"px","size":"45"},"typography_font_size_mobile":{"unit":"px","size":"45"},"typography_font_family":"Alex Brush","typography_font_weight":"bold"},"elements":[],"isInner":false,"widgetType":"heading","elType":"widget"},{"id":"4efcc6ba","settings":{"editor":"<p>Lorem ipsum dolor sit amet, consectetur adipiscing elit. Vestibulum ultricies sollicitudin ante nec mattis. Mauris eget ornare nibh. Nam venenatis porta diam scelerisque suscipit. Donec in vehicula ligula. Etiam efficitur quam ex, at consectetur magna porttitor at. Nullam convallis, eros a vulputate tincidunt, mauris lorem tincidunt sem, sed cursus neque sem a est. Nam malesuada ipsum orci, et congue ligula fringilla vitae. Praesent vitae molestie elit. Phasellus non felis sit amet massa fermentum aliquam.\u00a0<\/p>","align_mobile":"center","typography_typography":"custom","typography_font_size":{"unit":"px","size":"18"},"typography_font_size_tablet":{"unit":"px","size":"15"},"typography_font_family":"Vidaloka","typography_font_weight":"100","typography_font_size_mobile":{"unit":"px","size":"17"}},"elements":[],"isInner":false,"widgetType":"text-editor","elType":"widget"},{"id":"7e37189a","settings":{"title":"Love,","align_mobile":"center","title_color":"#363636","typography_typography":"custom","typography_font_size":{"unit":"px","size":"30"},"typography_font_family":"Alex Brush","typography_font_weight":"bold","header_size":"span"},"elements":[],"isInner":false,"widgetType":"heading","elType":"widget"},{"id":"6f84f925","settings":{"title":"Sara.L","align_mobile":"center","title_color":"#f991b8","typography_typography":"custom","typography_font_size":{"unit":"px","size":"60"},"typography_font_family":"Kristi","header_size":"span"},"elements":[],"isInner":false,"widgetType":"heading","elType":"widget"}],"isInner":false,"elType":"column"},{"id":"1e5d2253","settings":{"_column_size":50,"_inline_size":"59.825","margin_mobile":{"unit":"px","top":"0","right":"0","bottom":"0","left":"0","isLinked":true},"padding_tablet":{"unit":"px","top":"0","right":"0","bottom":"0","left":"30","isLinked":false},"padding_mobile":{"unit":"px","top":"100","right":"0","bottom":"150","left":"0","isLinked":false}},"elements":[{"id":"4e2ade9b","settings":{"image":{"id":191,"url":"http:\/\/localhost\/test\/wp-content\/uploads\/2018\/09\/5-1.jpg"},"align_tablet":"right","align_mobile":"right","space":{"unit":"%","size":69},"image_border_border":"solid","image_border_width":{"unit":"px","top":"15","right":"15","bottom":"15","left":"15","isLinked":true},"image_border_color":"#f4bfd3","_padding_tablet":{"unit":"px","top":"0","right":"0","bottom":"0","left":"0","isLinked":false}},"elements":[],"isInner":false,"widgetType":"image","elType":"widget"},{"id":"597f0224","settings":{"image":{"id":192,"url":"http:\/\/localhost\/test\/wp-content\/uploads\/2018\/09\/4-3.jpg"},"align":"left","align_tablet":"left","align_mobile":"left","space":{"unit":"%","size":47},"image_border_border":"solid","image_border_width":{"unit":"px","top":"15","right":"15","bottom":"15","left":"15","isLinked":true},"image_border_color":"#f4bfd3","_margin":{"unit":"px","top":"-750","right":"0","bottom":"0","left":"0","isLinked":false},"_margin_tablet":{"unit":"px","top":"-400","right":"0","bottom":"0","left":"0","isLinked":false},"_margin_mobile":{"unit":"px","top":"-300","right":"0","bottom":"0","left":"0","isLinked":false},"_padding_tablet":{"unit":"px","top":"0","right":"0","bottom":"0","left":"0","isLinked":true},"_padding_mobile":{"unit":"px","top":"0","right":"0","bottom":"0","left":"0","isLinked":true}},"elements":[],"isInner":false,"widgetType":"image","elType":"widget"}],"isInner":false,"elType":"column"}],"isInner":false,"elType":"section"},{"id":"327e238c","settings":{"padding":{"unit":"px","top":"100","right":"0","bottom":"100","left":"0","isLinked":false},"padding_tablet":{"unit":"px","top":"80","right":"20","bottom":"80","left":"20","isLinked":false}},"elements":[{"id":"15358491","settings":{"_column_size":100,"_inline_size":null},"elements":[{"id":"2363f062","settings":{"title":"A wide slections of goodies","align":"center","title_color":"#363636","typography_typography":"custom","typography_font_size":{"unit":"px","size":"60"},"typography_font_size_tablet":{"unit":"px","size":"50"},"typography_font_size_mobile":{"unit":"px","size":"45"},"typography_font_family":"Alex Brush","typography_font_weight":"bold","_padding":{"unit":"px","top":"0","right":"0","bottom":"40","left":"0","isLinked":false},"_padding_mobile":{"unit":"px","top":"0","right":"0","bottom":"0","left":"0","isLinked":true},"header_size":"h3"},"elements":[],"isInner":false,"widgetType":"heading","elType":"widget"},{"id":"f6b485f","settings":{"content_width":{"unit":"px","size":"1300"},"gap":"no","structure":"50","margin_mobile":{"unit":"px","top":"","right":0,"bottom":"","left":0,"isLinked":true},"padding":{"unit":"px","top":"0","right":"0","bottom":"40","left":"0","isLinked":false},"padding_mobile":{"unit":"px","top":"0","right":"0","bottom":"0","left":"0","isLinked":true}},"elements":[{"id":"46209503","settings":{"_column_size":20,"_inline_size":null},"elements":[{"id":"7ae60713","settings":{"image":{"id":194,"url":"http:\/\/localhost\/test\/wp-content\/uploads\/2018\/09\/4-1-1.png"},"title_text":"Feels Like Home Cakes","description_text":"","image_size":{"unit":"%","size":"70"},"title_color":"#555555","title_typography_typography":"custom","title_typography_font_size":{"unit":"px","size":"20"},"title_typography_font_size_tablet":{"unit":"px","size":"19"},"title_typography_font_family":"Vidaloka","title_typography_line_height_tablet":{"unit":"em","size":"1.5"},"title_typography_line_height_mobile":{"unit":"em","size":"0"},"_margin_mobile":{"unit":"px","top":"40","right":"40","bottom":"40","left":"40","isLinked":true}},"elements":[],"isInner":false,"widgetType":"image-box","elType":"widget"}],"isInner":true,"elType":"column"},{"id":"5981971a","settings":{"_column_size":20,"_inline_size":null},"elements":[{"id":"764396ff","settings":{"image":{"id":195,"url":"http:\/\/localhost\/test\/wp-content\/uploads\/2018\/09\/2-1-1.png"},"title_text":"Indulgence Muffins","description_text":"","image_size":{"unit":"%","size":"70"},"title_color":"#555555","title_typography_typography":"custom","title_typography_font_size":{"unit":"px","size":"20"},"title_typography_font_size_tablet":{"unit":"px","size":"19"},"title_typography_font_family":"Vidaloka","title_typography_line_height_tablet":{"unit":"em","size":"1.5"},"title_typography_line_height_mobile":{"unit":"em","size":"0"},"_margin_mobile":{"unit":"px","top":"40","right":"40","bottom":"40","left":"40","isLinked":true},"_padding_mobile":{"unit":"px","top":"10","right":"0","bottom":"0","left":"0","isLinked":false}},"elements":[],"isInner":false,"widgetType":"image-box","elType":"widget"}],"isInner":true,"elType":"column"},{"id":"726ce16f","settings":{"_column_size":20,"_inline_size":null},"elements":[{"id":"168a0ed2","settings":{"image":{"id":196,"url":"http:\/\/localhost\/test\/wp-content\/uploads\/2018\/09\/3-1-1-1.png"},"title_text":"Delicious Minicakes","description_text":"","image_size":{"unit":"%","size":"70"},"title_color":"#555555","title_typography_typography":"custom","title_typography_font_size":{"unit":"px","size":"20"},"title_typography_font_size_tablet":{"unit":"px","size":"19"},"title_typography_font_family":"Vidaloka","title_typography_line_height_tablet":{"unit":"em","size":"1.5"},"title_typography_line_height_mobile":{"unit":"em","size":"0"},"_margin_mobile":{"unit":"px","top":"10","right":"10","bottom":"10","left":"10","isLinked":true},"_padding_mobile":{"unit":"px","top":"10","right":"0","bottom":"0","left":"0","isLinked":false}},"elements":[],"isInner":false,"widgetType":"image-box","elType":"widget"}],"isInner":true,"elType":"column"},{"id":"17b91946","settings":{"_column_size":20,"_inline_size":null},"elements":[{"id":"701db1a6","settings":{"image":{"id":197,"url":"http:\/\/localhost\/test\/wp-content\/uploads\/2018\/09\/5-1-1-1.png"},"title_text":"\"I\u2019m So Fancy\" Cakes","description_text":"","image_size":{"unit":"%","size":"70"},"title_color":"#555555","title_typography_typography":"custom","title_typography_font_size":{"unit":"px","size":"20"},"title_typography_font_size_tablet":{"unit":"px","size":"19"},"title_typography_font_family":"Vidaloka","title_typography_line_height_tablet":{"unit":"em","size":"1.6"},"title_typography_line_height_mobile":{"unit":"em","size":"0"},"_margin_mobile":{"unit":"px","top":"30","right":"30","bottom":"30","left":"30","isLinked":true},"_padding_mobile":{"unit":"px","top":"10","right":"0","bottom":"0","left":"0","isLinked":false}},"elements":[],"isInner":false,"widgetType":"image-box","elType":"widget"}],"isInner":true,"elType":"column"},{"id":"62312937","settings":{"_column_size":20,"_inline_size":null},"elements":[{"id":"2c6c86d6","settings":{"image":{"id":198,"url":"http:\/\/localhost\/test\/wp-content\/uploads\/2018\/09\/6-6-1.png"},"title_text":"Good Old Cookies","description_text":"","image_size":{"unit":"%","size":"70"},"title_color":"#555555","title_typography_typography":"custom","title_typography_font_size":{"unit":"px","size":"20"},"title_typography_font_size_tablet":{"unit":"px","size":"19"},"title_typography_font_family":"Vidaloka","title_typography_line_height_tablet":{"unit":"em","size":"1.5"},"title_typography_line_height_mobile":{"unit":"em","size":"0"},"_margin_mobile":{"unit":"px","top":"0","right":"0","bottom":"0","left":"0","isLinked":true},"_padding_mobile":{"unit":"px","top":"10","right":"0","bottom":"0","left":"0","isLinked":false}},"elements":[],"isInner":false,"widgetType":"image-box","elType":"widget"}],"isInner":true,"elType":"column"}],"isInner":true,"elType":"section"},{"id":"6e037892","settings":{"text":"Visit menu","align":"center","size":"md","button_text_color":"#f991b8","typography_typography":"custom","typography_font_size_tablet":{"unit":"px","size":"14"},"typography_text_transform":"uppercase","typography_letter_spacing":{"unit":"px","size":"3"},"background_color":"rgba(249,145,184,0)","border_border":"solid","border_color":"#f991b8","border_radius":{"unit":"px","top":"50","right":"50","bottom":"50","left":"50","isLinked":true},"section_hover":"","hover_color":"#ffffff","button_background_hover_color":"#f991b8","button_hover_border_color":"#f991b8","_padding_mobile":{"unit":"px","top":"50","right":"0","bottom":"0","left":"0","isLinked":false},"border_width":{"unit":"px","top":"3","right":"3","bottom":"3","left":"3","isLinked":true}},"elements":[],"isInner":false,"widgetType":"button","elType":"widget"}],"isInner":false,"elType":"column"}],"isInner":false,"elType":"section"},{"id":"4ee55a02","settings":{"gap":"no","background_background":"classic","background_image":{"id":193,"url":"http:\/\/localhost\/test\/wp-content\/uploads\/2018\/09\/6-1.png"},"background_position":"center center","padding":{"unit":"px","top":"100","right":"0","bottom":"100","left":"0","isLinked":false},"padding_tablet":{"unit":"px","top":"80","right":"10","bottom":"80","left":"10","isLinked":false},"padding_mobile":{"unit":"px","top":"80","right":"20","bottom":"20","left":"20","isLinked":false}},"elements":[{"id":"4e2f26b9","settings":{"_column_size":100,"_inline_size":null},"elements":[{"id":"56d6aafe","settings":{"title":"Offers of the week","align":"center","title_color":"#363636","typography_typography":"custom","typography_font_size":{"unit":"px","size":"60"},"typography_font_size_tablet":{"unit":"px","size":"50"},"typography_font_size_mobile":{"unit":"px","size":"42"},"typography_font_family":"Alex Brush","typography_font_weight":"bold","typography_line_height_mobile":{"unit":"em","size":"0.5"},"header_size":"h3"},"elements":[],"isInner":false,"widgetType":"heading","elType":"widget"},{"id":"19ed2899","settings":{"title":"Lorem ipsum dolor sit amet, consectetur adipiscing elit. ","align":"center","title_color":"#f991b8","typography_typography":"custom","typography_font_size":{"unit":"px","size":"20"},"typography_font_size_tablet":{"unit":"px","size":"20"},"typography_font_size_mobile":{"unit":"px","size":"20"},"typography_font_family":"Vidaloka","typography_font_weight":"100","typography_line_height_mobile":{"unit":"em","size":"1.3"},"_padding":{"unit":"px","top":"0","right":"0","bottom":"80","left":"0","isLinked":false},"header_size":"h3","_padding_mobile":{"unit":"px","top":"0","right":"0","bottom":"30","left":"0","isLinked":false}},"elements":[],"isInner":false,"widgetType":"heading","elType":"widget"},{"id":"7b7d7bfd","settings":{"content_width":{"unit":"px","size":"1300"},"gap":"no","structure":"40","padding_mobile":{"unit":"px","top":"0","right":"0","bottom":"80","left":"0","isLinked":false}},"elements":[{"id":"7d4dfc0a","settings":{"_column_size":25,"_inline_size":null,"margin_mobile":{"unit":"px","top":"0","right":"0","bottom":"0","left":"0","isLinked":true}},"elements":[{"id":"6bfdeacb","settings":{"image":{"id":199,"url":"http:\/\/localhost\/test\/wp-content\/uploads\/2018\/09\/7-1-2.jpg"},"align":"left","align_tablet":"center","align_mobile":"center","space":{"unit":"%","size":"90"},"image_border_border":"solid","image_border_width":{"unit":"px","top":"15","right":"15","bottom":"15","left":"15","isLinked":true},"image_border_color":"#f4bfd3"},"elements":[],"isInner":false,"widgetType":"image","elType":"widget"}],"isInner":true,"elType":"column"},{"id":"2978d6cb","settings":{"_column_size":25,"_inline_size":24.825,"margin":{"unit":"px","top":"0","right":"15","bottom":"0","left":"10","isLinked":false},"margin_tablet":{"unit":"px","top":"0","right":"10","bottom":"0","left":"10","isLinked":false},"padding":{"unit":"px","top":"0","right":"25","bottom":"0","left":"0","isLinked":false},"padding_tablet":{"unit":"px","top":"0","right":"0","bottom":"0","left":"0","isLinked":true},"padding_mobile":{"unit":"px","top":"50","right":"0","bottom":"0","left":"0","isLinked":false},"content_position":"center"},"elements":[{"id":"623c8d5","settings":{"image":{"id":200,"url":"http:\/\/localhost\/test\/wp-content\/uploads\/2018\/09\/16.png"},"align":"left","align_tablet":"left","align_mobile":"center","space":{"unit":"%","size":"40"},"_padding_mobile":{"unit":"px","top":"0","right":"0","bottom":"20","left":"0","isLinked":false}},"elements":[],"isInner":false,"widgetType":"image","elType":"widget"},{"id":"14ff0788","settings":{"title":"Snow white cupcakes","align_mobile":"center","title_color":"#363636","typography_typography":"custom","typography_font_size":{"unit":"px","size":"35"},"typography_font_size_tablet":{"unit":"px","size":"20"},"typography_font_size_mobile":{"unit":"px","size":"35"},"typography_font_family":"Alex Brush","typography_font_weight":"bold","typography_line_height_tablet":{"unit":"em","size":0.1},"typography_line_height_mobile":{"unit":"em","size":"1"}},"elements":[],"isInner":false,"widgetType":"heading","elType":"widget"},{"id":"57f2157e","settings":{"editor":"<p>12 pack for only <span style=\"color: #f991b8;\">$8.90 <\/span><\/p>","align_mobile":"center","typography_typography":"custom","typography_font_size":{"unit":"px","size":"20"},"typography_font_size_tablet":{"unit":"px","size":"14"},"typography_font_size_mobile":{"unit":"px","size":"18"},"typography_font_family":"Vidaloka","typography_font_weight":"100","typography_line_height_tablet":{"unit":"em","size":"1.5"}},"elements":[],"isInner":false,"widgetType":"text-editor","elType":"widget"},{"id":"500d0143","settings":{"text":"Buy now","align":"left","align_mobile":"center","button_text_color":"#f991b8","typography_typography":"custom","typography_font_size_tablet":{"unit":"px","size":"11"},"typography_text_transform":"uppercase","typography_letter_spacing":{"unit":"px","size":"3"},"background_color":"rgba(249,145,184,0)","border_border":"solid","border_color":"#f991b8","border_radius":{"unit":"px","top":"50","right":"50","bottom":"50","left":"50","isLinked":true},"section_hover":"","hover_color":"#ffffff","button_background_hover_color":"#f991b8","button_hover_border_color":"#f991b8","border_width":{"unit":"px","top":"3","right":"3","bottom":"3","left":"3","isLinked":true}},"elements":[],"isInner":false,"widgetType":"button","elType":"widget"}],"isInner":true,"elType":"column"},{"id":"4b11c35","settings":{"_column_size":25,"_inline_size":25.175,"margin":{"unit":"px","top":"0","right":"0","bottom":"0","left":"0","isLinked":false},"padding":{"unit":"px","top":"0","right":"0","bottom":"0","left":"0","isLinked":false},"padding_mobile":{"unit":"px","top":"50","right":"0","bottom":"0","left":"0","isLinked":false}},"elements":[{"id":"6c94290c","settings":{"image":{"id":201,"url":"http:\/\/localhost\/test\/wp-content\/uploads\/2018\/09\/8-1.jpg"},"align":"left","align_tablet":"center","align_mobile":"center","space":{"unit":"%","size":"90"},"image_border_border":"solid","image_border_width":{"unit":"px","top":"15","right":"15","bottom":"15","left":"15","isLinked":true},"image_border_color":"#f4bfd3"},"elements":[],"isInner":false,"widgetType":"image","elType":"widget"}],"isInner":true,"elType":"column"},{"id":"4d440beb","settings":{"_column_size":25,"_inline_size":null,"margin":{"unit":"px","top":"0","right":"10","bottom":"0","left":"10","isLinked":false},"padding":{"unit":"px","top":"0","right":"0","bottom":"0","left":"0","isLinked":false},"padding_mobile":{"unit":"px","top":"50","right":"0","bottom":"0","left":"0","isLinked":false},"content_position":"center"},"elements":[{"id":"c93392a","settings":{"image":{"id":200,"url":"http:\/\/localhost\/test\/wp-content\/uploads\/2018\/09\/16.png"},"align":"left","align_tablet":"left","align_mobile":"center","space":{"unit":"%","size":"40"},"_padding_mobile":{"unit":"px","top":"0","right":"0","bottom":"20","left":"0","isLinked":false}},"elements":[],"isInner":false,"widgetType":"image","elType":"widget"},{"id":"836718e","settings":{"title":"Tea time tart","align_mobile":"center","title_color":"#363636","typography_typography":"custom","typography_font_size":{"unit":"px","size":"35"},"typography_font_size_tablet":{"unit":"px","size":"20"},"typography_font_size_mobile":{"unit":"px","size":"35"},"typography_font_family":"Alex Brush","typography_font_weight":"bold","typography_line_height_tablet":{"unit":"em","size":"0.1"},"typography_line_height_mobile":{"unit":"em","size":"1"}},"elements":[],"isInner":false,"widgetType":"heading","elType":"widget"},{"id":"2e91124","settings":{"editor":"<p>Only <span style=\"color: #f991b8;\">$12.90<\/span><\/p>","align_mobile":"center","typography_typography":"custom","typography_font_size":{"unit":"px","size":"20"},"typography_font_size_tablet":{"unit":"px","size":"14"},"typography_font_size_mobile":{"unit":"px","size":"18"},"typography_font_family":"Vidaloka","typography_font_weight":"100"},"elements":[],"isInner":false,"widgetType":"text-editor","elType":"widget"},{"id":"25345f21","settings":{"text":"Buy now","align":"left","align_mobile":"center","button_text_color":"#f991b8","typography_typography":"custom","typography_font_size_tablet":{"unit":"px","size":"11"},"typography_text_transform":"uppercase","typography_letter_spacing":{"unit":"px","size":"3"},"background_color":"rgba(249,145,184,0)","border_border":"solid","border_color":"#f991b8","border_radius":{"unit":"px","top":"50","right":"50","bottom":"50","left":"50","isLinked":true},"section_hover":"","hover_color":"#ffffff","button_background_hover_color":"#f991b8","button_hover_border_color":"#f991b8","border_width":{"unit":"px","top":"3","right":"3","bottom":"3","left":"3","isLinked":true}},"elements":[],"isInner":false,"widgetType":"button","elType":"widget"}],"isInner":true,"elType":"column"}],"isInner":true,"elType":"section"}],"isInner":false,"elType":"column"}],"isInner":false,"elType":"section"},{"id":"797d2e5a","settings":{"background_background":"classic","background_image":{"id":202,"url":"http:\/\/localhost\/test\/wp-content\/uploads\/2018\/09\/9-1-2.jpg"},"background_overlay_background":"classic","background_overlay_color":"#f991b8","background_overlay_opacity":{"unit":"px","size":"0.9"},"padding":{"unit":"px","top":"100","right":"0","bottom":"100","left":"0","isLinked":false},"padding_tablet":{"unit":"px","top":"50","right":"0","bottom":"80","left":"0","isLinked":false},"padding_mobile":{"unit":"px","top":"50","right":"0","bottom":"50","left":"0","isLinked":false}},"elements":[{"id":"2951c207","settings":{"_column_size":100,"_inline_size":null,"padding_tablet":{"unit":"px","top":"0","right":"50","bottom":"0","left":"50","isLinked":false},"padding_mobile":{"unit":"px","top":"0","right":"30","bottom":"0","left":"30","isLinked":false}},"elements":[{"id":"66690a4e","settings":{"title":"Contact us","align":"center","title_color":"#ffffff","typography_typography":"custom","typography_font_size":{"unit":"px","size":"60"},"typography_font_size_tablet":{"unit":"px","size":"50"},"typography_font_size_mobile":{"unit":"px","size":"45"},"typography_font_family":"Alex Brush","typography_font_weight":"bold","_padding":{"unit":"px","top":"0","right":"0","bottom":"30","left":"0","isLinked":false}},"elements":[],"isInner":false,"widgetType":"heading","elType":"widget"},{"id":"4e3846ce","settings":{"form_name":"New Form","form_fields":[{"field_type":"text","field_label":"Name","placeholder":"Name","width":"50","required":"","field_options":"","inline_list":"","rows":4,"recaptcha_size":"normal","recaptcha_style":"light","css_classes":"","_id":"2xn2ube","width_tablet":"","width_mobile":"","form_fields_tabs":"","form_fields_content_tab":"","form_fields_advanced_tab":"","shortcode":"","field_value":"","allow_multiple":"","select_size":"","field_html":"","file_sizes":"","file_types":"","allow_multiple_upload":"","max_files":"","acceptance_text":"","checked_by_default":"","field_min":"","field_max":"","min_date":"","max_date":"","use_native_date":"","use_native_time":""},{"field_type":"email","field_label":"Email","placeholder":"Email","width":"50","required":"","field_options":"","inline_list":"","rows":4,"recaptcha_size":"normal","recaptcha_style":"light","css_classes":"","_id":"ils2a8i","width_tablet":"","width_mobile":"","form_fields_tabs":"","form_fields_content_tab":"","form_fields_advanced_tab":"","shortcode":"","field_value":"","allow_multiple":"","select_size":"","field_html":"","file_sizes":"","file_types":"","allow_multiple_upload":"","max_files":"","acceptance_text":"","checked_by_default":"","field_min":"","field_max":"","min_date":"","max_date":"","use_native_date":"","use_native_time":""},{"field_type":"textarea","field_label":"Message","placeholder":"Message","width":"100","required":"","field_options":"","inline_list":"","rows":"6","recaptcha_size":"normal","recaptcha_style":"light","css_classes":"","_id":"fgp7quu","width_tablet":"","width_mobile":"","form_fields_tabs":"","form_fields_content_tab":"","form_fields_advanced_tab":"","shortcode":"","field_value":"","allow_multiple":"","select_size":"","field_html":"","file_sizes":"","file_types":"","allow_multiple_upload":"","max_files":"","acceptance_text":"","checked_by_default":"","field_min":"","field_max":"","min_date":"","max_date":"","use_native_date":"","use_native_time":""}],"show_labels":"","button_text":"Send","button_align":"center","button_align_tablet":"center","button_align_mobile":"stretch","success_message":"The message was sent successfully!","error_message":"There's something wrong... Please fill in the required fields.","required_field_message":"Required","invalid_message":"There's something wrong... The form is invalid.","field_text_color":"#ffffff","field_typography_typography":"custom","field_typography_font_size":{"unit":"px","size":"18"},"field_typography_font_family":"Roboto","field_typography_font_weight":"500","field_background_color":"rgba(255,255,255,0)","field_border_color":"#ffffff","field_border_width":{"unit":"px","top":"2","right":"2","bottom":"2","left":"2","isLinked":true},"field_border_radius":{"unit":"px","top":"0","right":"0","bottom":"0","left":"0","isLinked":true},"button_text_color":"#f991b8","button_typography_typography":"custom","button_typography_font_size":{"unit":"px","size":"20"},"button_typography_text_transform":"uppercase","button_typography_letter_spacing":{"unit":"px","size":"3"},"button_background_color":"#ffffff","button_border_radius":{"unit":"px","top":"50","right":"50","bottom":"50","left":"50","isLinked":true},"button_text_padding":{"unit":"px","top":"12","right":"40","bottom":"12","left":"40","isLinked":false},"_margin":{"unit":"px","top":"0","right":"100","bottom":"0","left":"100","isLinked":false},"_margin_mobile":{"unit":"px","top":"0","right":"0","bottom":"0","left":"0","isLinked":true},"_padding":{"unit":"px","top":"30","right":"30","bottom":"30","left":"30","isLinked":true},"_padding_mobile":{"unit":"px","top":"15","right":"15","bottom":"15","left":"15","isLinked":true},"_border_border":"solid","_border_width":{"unit":"px","top":"2","right":"2","bottom":"2","left":"2","isLinked":true},"_border_color":"#ffffff","submit_actions":[],"_margin_tablet":{"unit":"px","top":"0","right":"0","bottom":"0","left":"0","isLinked":false},"_padding_tablet":{"unit":"px","top":"10","right":"10","bottom":"10","left":"10","isLinked":true},"email_content":"[all-fields]","email_content_2":"[all-fields]","button_border_border":"solid","button_border_width":{"unit":"px","top":"3","right":"3","bottom":"3","left":"3","isLinked":true},"button_border_color":"#ffffff","button_hover_color":"#ffffff","button_background_hover_color":"#f991b8","button_hover_border_color":"#ffffff"},"elements":[],"isInner":false,"widgetType":"form","elType":"widget"}],"isInner":false,"elType":"column"}],"isInner":false,"elType":"section"}]}