{"version":"0.4","title":"LandingPage-Tourism2-page","type":"page","content":[{"id":"7439b25f","settings":{"custom_height":{"unit":"vh","size":"0"},"background_background":"classic","background_image":{"id":884,"url":"http:\/\/localhost\/test\/wp-content\/uploads\/2018\/09\/gunijiuucgy-denys-nevozhai.png"},"background_size":"cover","padding":{"unit":"px","top":"300","right":"0","bottom":"300","left":"0","isLinked":false},"padding_tablet":{"unit":"px","top":"150","right":"150","bottom":"150","left":"150","isLinked":true},"padding_mobile":{"unit":"px","top":"120","right":"30","bottom":"120","left":"30","isLinked":false},"content_width":{"unit":"px","size":"500"}},"elements":[{"id":"210c7664","settings":{"_column_size":100,"_inline_size":null,"background_background":"classic","background_color":"#fea709","margin":{"unit":"%","top":"","right":"","bottom":"","left":"","isLinked":true},"padding":{"unit":"px","top":"80","right":"80","bottom":"80","left":"80","isLinked":true},"margin_mobile":{"unit":"px","top":"0","right":"0","bottom":"0","left":"0","isLinked":true},"padding_tablet":{"unit":"px","top":"70","right":"70","bottom":"70","left":"70","isLinked":true},"padding_mobile":{"unit":"px","top":"50","right":"30","bottom":"50","left":"30","isLinked":false}},"elements":[{"id":"7471d411","settings":{"title":"Luxury Travel","align":"center","title_color":"#ffffff","typography_typography":"custom","typography_font_size":{"unit":"px","size":"85"},"typography_font_family":"Roboto","header_size":"h1","typography_font_size_tablet":{"unit":"px","size":"80"},"typography_font_size_mobile":{"unit":"px","size":"55"},"typography_text_transform":"uppercase","typography_letter_spacing":{"unit":"px","size":2.1}},"elements":[],"isInner":false,"widgetType":"heading","elType":"widget"},{"id":"35423409","settings":{"title":"Explore over 200 destinations","align":"center","title_color":"#ffffff","typography_typography":"custom","typography_font_size":{"unit":"px","size":"25"},"typography_font_family":"Roboto","typography_font_weight":"500","header_size":"h3","typography_font_size_tablet":{"unit":"px","size":"23"},"typography_font_size_mobile":{"unit":"px","size":"17"}},"elements":[],"isInner":false,"widgetType":"heading","elType":"widget"}],"isInner":false,"elType":"column"}],"isInner":false,"elType":"section"},{"id":"2492c50","settings":{"padding":{"unit":"px","top":"80","right":"0","bottom":"100","left":"0","isLinked":false},"gap":"no","padding_tablet":{"unit":"px","top":"60","right":"25","bottom":"60","left":"25","isLinked":false},"padding_mobile":{"unit":"px","top":"50","right":"30","bottom":"50","left":"30","isLinked":false},"content_width":{"unit":"px","size":"1040"}},"elements":[{"id":"4cf74e7c","settings":{"_column_size":100,"_inline_size":null},"elements":[{"id":"1a2a8e22","settings":{"title":"Top destinations, amazing offers","align":"center","title_color":"#3a3a3a","typography_typography":"custom","typography_font_size":{"unit":"px","size":"40"},"typography_font_family":"Roboto","_padding":{"unit":"px","top":"0","right":"0","bottom":"60","left":"0","isLinked":false},"typography_font_size_tablet":{"unit":"px","size":"35"},"typography_font_size_mobile":{"unit":"px","size":"30"},"typography_line_height_mobile":{"unit":"em","size":"1.3"},"_padding_tablet":{"unit":"px","top":"0","right":"0","bottom":"40","left":"0","isLinked":false},"_padding_mobile":{"unit":"px","top":"0","right":"0","bottom":"30","left":"0","isLinked":false},"header_size":"h3"},"elements":[],"isInner":false,"widgetType":"heading","elType":"widget"},{"id":"6bc08bad","settings":{"gap":"wide","structure":"30"},"elements":[{"id":"4466871d","settings":{"_column_size":33,"_inline_size":null,"background_background":"classic","border_border":"solid","border_width":{"unit":"px","top":"1","right":"1","bottom":"1","left":"1","isLinked":true},"border_color":"#636363","margin":{"unit":"%","top":"0","right":"6","bottom":"0","left":"0","isLinked":false},"padding":{"unit":"px","top":"5","right":"5","bottom":"5","left":"5","isLinked":true},"margin_mobile":{"unit":"px","top":"0","right":"0","bottom":"0","left":"0","isLinked":true}},"elements":[{"id":"349c7010","settings":{"image":{"id":885,"url":"http:\/\/localhost\/test\/wp-content\/uploads\/2018\/09\/d-1.png"},"space":{"unit":"%","size":"100"},"image_size":"full"},"elements":[],"isInner":false,"widgetType":"image","elType":"widget"},{"id":"8d771b2","settings":{"title":"London $555","align":"center","title_color":"#3a3a3a","typography_typography":"custom","typography_font_size":{"unit":"px","size":"30"},"typography_font_family":"Roboto","typography_font_size_tablet":{"unit":"px","size":"25"},"header_size":"h4"},"elements":[],"isInner":false,"widgetType":"heading","elType":"widget"},{"id":"3634e601","settings":{"editor":"<p>Lorem ipsum dolor sit amet, consectetur adipiscing elit. Ut elit tellus, luctus nec ullamco.<\/p>","align":"center","text_color":"#636363","typography_typography":"custom","typography_font_size":{"unit":"px","size":"16"},"typography_font_family":"Roboto","typography_font_weight":"400","typography_line_height":{"unit":"em","size":"1.6"},"_padding":{"unit":"%","top":"0","right":"12","bottom":"0","left":"12","isLinked":false},"typography_font_size_tablet":{"unit":"px","size":"14"},"_margin_tablet":{"unit":"px","top":"-10","right":"0","bottom":"0","left":"0","isLinked":false},"_padding_tablet":{"unit":"px","top":"0","right":"5","bottom":"0","left":"5","isLinked":false}},"elements":[],"isInner":false,"widgetType":"text-editor","elType":"widget"},{"id":"b72b464","settings":{"text":"View offer","align":"justify","typography_typography":"custom","typography_font_size":{"unit":"px","size":"23"},"typography_font_family":"Roboto","typography_font_weight":"900","typography_text_transform":"lowercase","typography_letter_spacing":{"unit":"px","size":"2"},"background_color":"#fea709","border_radius":{"unit":"px","top":"0","right":"0","bottom":"0","left":"0","isLinked":true},"text_padding":{"unit":"px","top":"17","right":"17","bottom":"17","left":"17","isLinked":true},"typography_font_size_tablet":{"unit":"px","size":"18"},"button_background_hover_color":"#3cc6d5"},"elements":[],"isInner":false,"widgetType":"button","elType":"widget"}],"isInner":true,"elType":"column"},{"id":"6493704a","settings":{"_column_size":33,"_inline_size":null,"background_background":"classic","border_border":"solid","border_width":{"unit":"px","top":"1","right":"1","bottom":"1","left":"1","isLinked":true},"border_color":"#636363","margin":{"unit":"%","top":"0","right":"3","bottom":"0","left":"3","isLinked":false},"padding":{"unit":"px","top":"5","right":"5","bottom":"5","left":"5","isLinked":true},"margin_mobile":{"unit":"px","top":"30","right":"0","bottom":"30","left":"0","isLinked":false}},"elements":[{"id":"9472de9","settings":{"image":{"id":886,"url":"http:\/\/localhost\/test\/wp-content\/uploads\/2018\/09\/dc.png"},"space":{"unit":"%","size":"100"}},"elements":[],"isInner":false,"widgetType":"image","elType":"widget"},{"id":"2d6f30b0","settings":{"title":"India $1285","align":"center","title_color":"#3a3a3a","typography_typography":"custom","typography_font_size":{"unit":"px","size":"30"},"typography_font_family":"Roboto","typography_font_size_tablet":{"unit":"px","size":"25"},"header_size":"h4"},"elements":[],"isInner":false,"widgetType":"heading","elType":"widget"},{"id":"2328ccd5","settings":{"editor":"<p>Lorem ipsum dolor sit amet, consectetur adipiscing elit. Ut elit tellus ullamcorper mattis.<\/p>","align":"center","text_color":"#636363","typography_typography":"custom","typography_font_size":{"unit":"px","size":"16"},"typography_font_family":"Roboto","typography_font_weight":"400","typography_line_height":{"unit":"em","size":"1.6"},"_padding":{"unit":"%","top":"0","right":"12","bottom":"0","left":"12","isLinked":false},"typography_font_size_tablet":{"unit":"px","size":"14"},"_margin_tablet":{"unit":"px","top":"-10","right":"0","bottom":"0","left":"0","isLinked":false},"_padding_tablet":{"unit":"px","top":"0","right":"5","bottom":"0","left":"5","isLinked":false}},"elements":[],"isInner":false,"widgetType":"text-editor","elType":"widget"},{"id":"252b8627","settings":{"text":"View offer","align":"justify","typography_typography":"custom","typography_font_size":{"unit":"px","size":"23"},"typography_font_family":"Roboto","typography_font_weight":"900","typography_text_transform":"lowercase","typography_letter_spacing":{"unit":"px","size":"2"},"background_color":"#fea709","border_radius":{"unit":"px","top":"0","right":"0","bottom":"0","left":"0","isLinked":true},"text_padding":{"unit":"px","top":"17","right":"17","bottom":"17","left":"17","isLinked":true},"typography_font_size_tablet":{"unit":"px","size":"18"},"button_background_hover_color":"#3cc6d5"},"elements":[],"isInner":false,"widgetType":"button","elType":"widget"}],"isInner":true,"elType":"column"},{"id":"435f2e76","settings":{"_column_size":33,"_inline_size":null,"background_background":"classic","border_border":"solid","border_width":{"unit":"px","top":"1","right":"1","bottom":"1","left":"1","isLinked":true},"border_color":"#636363","margin":{"unit":"%","top":"0","right":"0","bottom":"0","left":"6","isLinked":false},"padding":{"unit":"px","top":"5","right":"5","bottom":"5","left":"5","isLinked":true},"margin_mobile":{"unit":"px","top":"0","right":"0","bottom":"0","left":"0","isLinked":true}},"elements":[{"id":"2e4dbf1","settings":{"image":{"id":887,"url":"http:\/\/localhost\/test\/wp-content\/uploads\/2018\/09\/dss.png"},"space":{"unit":"%","size":"100"}},"elements":[],"isInner":false,"widgetType":"image","elType":"widget"},{"id":"61b523d","settings":{"title":"Paris $495","align":"center","title_color":"#3a3a3a","typography_typography":"custom","typography_font_size":{"unit":"px","size":"30"},"typography_font_family":"Roboto","typography_font_size_tablet":{"unit":"px","size":"25"},"header_size":"h4"},"elements":[],"isInner":false,"widgetType":"heading","elType":"widget"},{"id":"5d88eaf6","settings":{"editor":"<p>Lorem ipsum dolor sit amet, consectetur adipiscing elit. Ut elit tellus mattis.<\/p>","align":"center","text_color":"#636363","typography_typography":"custom","typography_font_size":{"unit":"px","size":"16"},"typography_font_family":"Roboto","typography_font_weight":"400","typography_line_height":{"unit":"em","size":"1.6"},"_padding":{"unit":"%","top":"0","right":"12","bottom":"0","left":"12","isLinked":false},"typography_font_size_tablet":{"unit":"px","size":"14"},"_margin_tablet":{"unit":"px","top":"-10","right":"0","bottom":"0","left":"0","isLinked":false},"_padding_tablet":{"unit":"px","top":"0","right":"5","bottom":"0","left":"05","isLinked":false}},"elements":[],"isInner":false,"widgetType":"text-editor","elType":"widget"},{"id":"41880c8a","settings":{"text":"View offer","align":"justify","typography_typography":"custom","typography_font_size":{"unit":"px","size":"23"},"typography_font_family":"Roboto","typography_font_weight":"900","typography_text_transform":"lowercase","typography_letter_spacing":{"unit":"px","size":"2"},"background_color":"#fea709","border_radius":{"unit":"px","top":"0","right":"0","bottom":"0","left":"0","isLinked":true},"text_padding":{"unit":"px","top":"17","right":"17","bottom":"17","left":"17","isLinked":true},"typography_font_size_tablet":{"unit":"px","size":"18"},"button_background_hover_color":"#3cc6d5"},"elements":[],"isInner":false,"widgetType":"button","elType":"widget"}],"isInner":true,"elType":"column"}],"isInner":true,"elType":"section"}],"isInner":false,"elType":"column"}],"isInner":false,"elType":"section"},{"id":"4afd8fcb","settings":{"gap":"no","background_background":"classic","background_color":"#eaf2fb","padding":{"unit":"px","top":"100","right":"0","bottom":"100","left":"0","isLinked":false},"padding_tablet":{"unit":"px","top":"0","right":"0","bottom":"0","left":"0","isLinked":false}},"elements":[{"id":"e88f36e","settings":{"_column_size":100,"_inline_size":null},"elements":[{"id":"1302113","settings":{"gap":"no","content_position":"middle","structure":"20"},"elements":[{"id":"17b204ff","settings":{"_column_size":50,"_inline_size":null,"background_background":"gradient","background_color":"#ffffff","background_color_b":"#3cc6d5","background_gradient_type":"radial"},"elements":[{"id":"63b9fd18","settings":{"image":{"id":888,"url":"http:\/\/localhost\/test\/wp-content\/uploads\/2018\/09\/PR-011-SI-22_03_12-293.png"},"_padding":{"unit":"px","top":"80","right":"0","bottom":"0","left":"0","isLinked":false},"_margin_mobile":{"unit":"px","top":"0","right":"17","bottom":"0","left":"17","isLinked":false},"image_size":"full"},"elements":[],"isInner":false,"widgetType":"image","elType":"widget"}],"isInner":true,"elType":"column"},{"id":"1120781e","settings":{"_column_size":50,"_inline_size":null,"padding":{"unit":"%","top":"0","right":"10","bottom":"0","left":"10","isLinked":false},"padding_mobile":{"unit":"px","top":"60","right":"35","bottom":"60","left":"35","isLinked":false}},"elements":[{"id":"4cd8d731","settings":{"title":"The best deals","align":"left","title_color":"#3a3a3a","typography_typography":"custom","typography_font_size":{"unit":"px","size":"30"},"typography_font_family":"Roboto","header_size":"h4","align_mobile":"center","typography_font_size_tablet":{"unit":"px","size":"25"},"typography_font_size_mobile":{"unit":"px","size":"30"}},"elements":[],"isInner":false,"widgetType":"heading","elType":"widget"},{"id":"791fdb7f","settings":{"editor":"<p>Lorem ipsum dolor sit amet, consectetur adipiscing elit. Donec venenatis velit metus. Morbi non augue non sapien ullamcorper volutpat id a libero. Curabitur maximus vel est ac suscipit. Pellentesque imperdiet ultricies interdum. Etiam metus tortor, elementum et nisl vitae, tristique scelerisque odio. Duis eget consequat nisi. Fusce vel metus consequat, volutpat arcu ut, egestas mauris.<\/p>","align":"left","text_color":"#636363","typography_typography":"custom","typography_font_size":{"unit":"px","size":"16"},"typography_font_family":"Roboto","typography_font_weight":"400","typography_line_height":{"unit":"em","size":"1.6"},"_padding":{"unit":"px","top":"0","right":"0","bottom":"0","left":"0","isLinked":true},"align_mobile":"center","typography_font_size_tablet":{"unit":"px","size":"15"},"typography_font_size_mobile":{"unit":"px","size":"16"},"_margin_tablet":{"unit":"px","top":"-10","right":"0","bottom":"0","left":"0","isLinked":false},"_margin_mobile":{"unit":"px","top":"0","right":"0","bottom":"0","left":"0","isLinked":true}},"elements":[],"isInner":false,"widgetType":"text-editor","elType":"widget"}],"isInner":true,"elType":"column"}],"isInner":true,"elType":"section"},{"id":"651ccbf4","settings":{"gap":"no","content_position":"middle","structure":"20","reverse_order_mobile":"reverse-mobile"},"elements":[{"id":"2dafa55f","settings":{"_column_size":50,"_inline_size":null,"padding":{"unit":"%","top":"0","right":"10","bottom":"0","left":"10","isLinked":false},"padding_mobile":{"unit":"px","top":"60","right":"35","bottom":"60","left":"35","isLinked":false}},"elements":[{"id":"409a33b4","settings":{"title":"Family oriented","align":"left","title_color":"#3a3a3a","typography_typography":"custom","typography_font_size":{"unit":"px","size":"30"},"typography_font_family":"Roboto","header_size":"h4","align_mobile":"center","typography_font_size_tablet":{"unit":"px","size":"25"},"typography_font_size_mobile":{"unit":"px","size":"30"}},"elements":[],"isInner":false,"widgetType":"heading","elType":"widget"},{"id":"49137da7","settings":{"editor":"<p>Lorem ipsum dolor sit amet, consectetur adipiscing elit. Donec venenatis velit metus. Morbi non augue non sapien ullamcorper volutpat id a libero. Curabitur maximus vel est ac suscipit. Pellentesque imperdiet ultricies interdum. Etiam metus tortor, elementum et nisl vitae, tristique scelerisque odio.<\/p>","align":"left","text_color":"#636363","typography_typography":"custom","typography_font_size":{"unit":"px","size":"16"},"typography_font_family":"Roboto","typography_font_weight":"400","typography_line_height":{"unit":"em","size":"1.6"},"_padding":{"unit":"px","top":"0","right":"0","bottom":"0","left":"0","isLinked":true},"align_mobile":"center","typography_font_size_tablet":{"unit":"px","size":"15"},"typography_font_size_mobile":{"unit":"px","size":"16"},"_margin_tablet":{"unit":"px","top":"-10","right":"0","bottom":"0","left":"0","isLinked":false},"_margin_mobile":{"unit":"px","top":"0","right":"0","bottom":"0","left":"0","isLinked":true}},"elements":[],"isInner":false,"widgetType":"text-editor","elType":"widget"}],"isInner":true,"elType":"column"},{"id":"12e8c213","settings":{"_column_size":50,"_inline_size":null,"background_background":"gradient","background_color":"#ffffff","background_color_b":"#fea709","background_gradient_type":"radial"},"elements":[{"id":"5cc543c6","settings":{"image":{"id":889,"url":"http:\/\/localhost\/test\/wp-content\/uploads\/2018\/09\/PR-021-SI-01_05_12-539.png"},"_padding":{"unit":"px","top":"80","right":"0","bottom":"0","left":"0","isLinked":false},"_margin_tablet":{"unit":"px","top":"0","right":"28","bottom":"0","left":"28","isLinked":false}},"elements":[],"isInner":false,"widgetType":"image","elType":"widget"}],"isInner":true,"elType":"column"}],"isInner":true,"elType":"section"}],"isInner":false,"elType":"column"}],"isInner":false,"elType":"section"},{"id":"5825400d","settings":{"background_background":"classic","background_image":{"id":890,"url":"http:\/\/localhost\/test\/wp-content\/uploads\/2018\/09\/2-4.png"},"background_size":"cover","padding":{"unit":"px","top":"100","right":"0","bottom":"100","left":"0","isLinked":false},"padding_mobile":{"unit":"px","top":"10","right":"0","bottom":"10","left":"0","isLinked":false},"content_width":{"unit":"px","size":"550"}},"elements":[{"id":"249914e6","settings":{"_column_size":100,"_inline_size":null,"background_background":"classic","background_color":"rgba(255,255,255,0.81)","margin":{"unit":"%","top":"","right":"","bottom":"","left":"","isLinked":true},"padding":{"unit":"px","top":"70","right":"70","bottom":"70","left":"70","isLinked":true},"margin_mobile":{"unit":"px","top":"30","right":"30","bottom":"30","left":"30","isLinked":true},"padding_tablet":{"unit":"px","top":"80","right":"80","bottom":"80","left":"80","isLinked":true},"padding_mobile":{"unit":"px","top":"40","right":"40","bottom":"40","left":"40","isLinked":true}},"elements":[{"id":"50be9cd0","settings":{"title":"Book today","align":"center","title_color":"#3a3a3a","typography_typography":"custom","typography_font_size":{"unit":"px","size":"60"},"typography_font_family":"Roboto","_padding":{"unit":"px","top":"0","right":"0","bottom":"0","left":"0","isLinked":true},"typography_font_size_mobile":{"unit":"px","size":"43"}},"elements":[],"isInner":false,"widgetType":"heading","elType":"widget"},{"id":"32898550","settings":{"weight":{"unit":"px","size":"7"},"color":"#fea709","width":{"unit":"%","size":"20"},"align":"center"},"elements":[],"isInner":false,"widgetType":"divider","elType":"widget"},{"id":"13cd42d3","settings":{"editor":"<p class=\"p1\">Totally customizable multi-city trips\u00a0&amp; instant\u00a0price and book<\/p>","align":"center","text_color":"#3a3a3a","typography_typography":"custom","typography_font_size":{"unit":"px","size":"25"},"typography_font_family":"Roboto","typography_font_weight":"400","typography_line_height":{"unit":"em","size":"1.4"},"_padding":{"unit":"px","top":"10","right":"10","bottom":"10","left":"10","isLinked":true},"typography_font_size_tablet":{"unit":"px","size":"22"},"typography_font_size_mobile":{"unit":"px","size":"21"},"_padding_tablet":{"unit":"px","top":"0","right":"40","bottom":"0","left":"40","isLinked":false},"_padding_mobile":{"unit":"px","top":"3","right":"10","bottom":"3","left":"10","isLinked":false}},"elements":[],"isInner":false,"widgetType":"text-editor","elType":"widget"},{"id":"20e953f8","settings":{"text":"View offer","align":"center","typography_typography":"custom","typography_font_size":{"unit":"px","size":"25"},"typography_font_family":"Roboto","typography_font_weight":"900","typography_text_transform":"lowercase","typography_letter_spacing":{"unit":"px","size":"2"},"background_color":"#fea709","border_radius":{"unit":"px","top":"0","right":"0","bottom":"0","left":"0","isLinked":true},"text_padding":{"unit":"px","top":"17","right":"50","bottom":"17","left":"50","isLinked":false},"align_mobile":"justify","typography_font_size_mobile":{"unit":"px","size":"18"},"button_background_hover_color":"#3cc6d5"},"elements":[],"isInner":false,"widgetType":"button","elType":"widget"}],"isInner":false,"elType":"column"}],"isInner":false,"elType":"section"}]}