{"version":"0.4","title":"LandingPage-Tourism4-page","type":"page","content":[{"id":"1c6927c","settings":{"gap":"no","content_position":"bottom","structure":"20","background_background":"classic","background_image":{"id":913,"url":"http:\/\/localhost\/test\/wp-content\/uploads\/2018\/09\/fvnaioup-7c-ferdinand-stohr.png"},"background_size":"cover","padding":{"unit":"px","top":"100","right":"0","bottom":"0","left":"0","isLinked":false},"padding_tablet":{"unit":"px","top":"70","right":"10","bottom":"0","left":"0","isLinked":false},"reverse_order_mobile":"reverse-mobile","padding_mobile":{"unit":"px","top":"30","right":"0","bottom":"0","left":"0","isLinked":false}},"elements":[{"id":"51015190","settings":{"_column_size":50,"_inline_size":null},"elements":[{"id":"420ed5be","settings":{"image":{"id":912,"url":"http:\/\/localhost\/test\/wp-content\/uploads\/2018\/09\/467356_PR_097___SI___20_08_13_037-m.png"},"_padding_mobile":{"unit":"px","top":"50","right":"50","bottom":"0","left":"50","isLinked":false}},"elements":[],"isInner":false,"widgetType":"image","elType":"widget"}],"isInner":false,"elType":"column"},{"id":"543e0321","settings":{"_column_size":50,"_inline_size":null,"background_background":"classic","content_position":"top","margin":{"unit":"px","top":"0","right":"0","bottom":"0","left":"0","isLinked":true}},"elements":[{"id":"18042f85","settings":{"title":"Discover new adventures","align":"center","title_color":"#ffffff","typography_typography":"custom","typography_font_size":{"unit":"px","size":"35"},"typography_font_family":"Roboto","typography_font_weight":"600","typography_text_transform":"capitalize","_margin":{"unit":"%","top":"0","right":"5","bottom":"0","left":"5","isLinked":false},"_padding":{"unit":"px","top":"30","right":"30","bottom":"30","left":"30","isLinked":true},"_background_background":"classic","_background_color":"#50d0e3","header_size":"h1","typography_font_size_tablet":{"unit":"px","size":"24"},"typography_font_size_mobile":{"unit":"px","size":"23"},"_padding_mobile":{"unit":"px","top":"20","right":"20","bottom":"20","left":"20","isLinked":true}},"elements":[],"isInner":false,"widgetType":"heading","elType":"widget"},{"id":"74a9d76f","settings":{"gap":"no","background_background":"classic","margin":{"unit":"px","top":"-20","right":0,"bottom":"0","left":0,"isLinked":false},"padding":{"unit":"px","top":"0","right":"70","bottom":"70","left":"70","isLinked":false},"padding_tablet":{"unit":"px","top":"0","right":"40","bottom":"0","left":"40","isLinked":false},"padding_mobile":{"unit":"px","top":"0","right":"35","bottom":"0","left":"35","isLinked":false}},"elements":[{"id":"604a2e48","settings":{"_column_size":100,"_inline_size":null,"background_background":"classic","background_color":"rgba(255,255,255,0.81)","padding":{"unit":"px","top":"40","right":"40","bottom":"20","left":"40","isLinked":false}},"elements":[{"id":"3290eef0","settings":{"title":"Oct 26 - Nov 2, 2018","align":"center","title_color":"#f04670","typography_typography":"custom","typography_font_family":"Roboto","typography_font_weight":"600","typography_font_size_tablet":{"unit":"px","size":"23"},"typography_font_size_mobile":{"unit":"px","size":"21"}},"elements":[],"isInner":false,"widgetType":"heading","elType":"widget"},{"id":"5dd3b3b0","settings":{"editor":"<p>Get the best deals to top destinations from around the world, all included<\/p>","align":"center","text_color":"#3a3a3a","typography_typography":"custom","typography_font_size":{"unit":"px","size":"18"},"typography_font_family":"Roboto","typography_font_weight":"300","typography_font_size_tablet":{"unit":"px","size":"16"},"typography_font_size_mobile":{"unit":"px","size":"15"}},"elements":[],"isInner":false,"widgetType":"text-editor","elType":"widget"}],"isInner":true,"elType":"column"}],"isInner":true,"elType":"section"},{"id":"3c6a4bbe","settings":{"gap":"no","background_background":"classic","margin":{"unit":"px","top":"-70","right":0,"bottom":"0","left":0,"isLinked":false},"padding":{"unit":"px","top":"0","right":"70","bottom":"70","left":"70","isLinked":false},"structure":"20","margin_tablet":{"unit":"px","top":"","right":0,"bottom":"","left":0,"isLinked":true},"margin_mobile":{"unit":"px","top":"0","right":0,"bottom":"0","left":0,"isLinked":true},"padding_tablet":{"unit":"px","top":"70","right":"40","bottom":"0","left":"40","isLinked":false},"padding_mobile":{"unit":"px","top":"0","right":"35","bottom":"0","left":"35","isLinked":false}},"elements":[{"id":"b07afb4","settings":{"_column_size":50,"_inline_size":null,"background_background":"classic","background_color":"rgba(255,255,255,0.81)","padding":{"unit":"px","top":"0","right":"20","bottom":"40","left":"0","isLinked":false},"margin_tablet":{"unit":"px","top":"0","right":"0","bottom":"0","left":"0","isLinked":true},"screen_sm":"custom","screen_sm_width":"50"},"elements":[{"id":"48cd4ec","settings":{"title":"895$","align":"right","title_color":"#3a3a3a","typography_typography":"custom","typography_font_family":"Roboto","typography_font_weight":"600","typography_font_size":{"unit":"px","size":"50"},"typography_font_size_tablet":{"unit":"px","size":"40"},"typography_font_size_mobile":{"unit":"px","size":"35"}},"elements":[],"isInner":false,"widgetType":"heading","elType":"widget"}],"isInner":true,"elType":"column"},{"id":"60c92d0f","settings":{"_column_size":50,"_inline_size":null,"background_background":"classic","background_color":"rgba(255,255,255,0.81)","padding_tablet":{"unit":"px","top":"0","right":"0","bottom":"0","left":"0","isLinked":true},"screen_sm":"custom","screen_sm_width":"50"},"elements":[{"id":"25f5f5c6","settings":{"editor":"<p class=\"p1\">7 nights <br \/> all included<\/p>","align":"left","text_color":"#3a3a3a","typography_typography":"custom","typography_font_size":{"unit":"px","size":"18"},"typography_font_family":"Roboto","typography_font_weight":"400","_padding":{"unit":"%","top":"0","right":"0","bottom":"0","left":"10","isLinked":false},"_border_border":"solid","_border_width":{"unit":"px","top":"0","right":"0","bottom":"0","left":"3","isLinked":false},"_border_color":"#f04670","typography_font_size_tablet":{"unit":"px","size":"17"},"typography_line_height_tablet":{"unit":"em","size":"1.4"}},"elements":[],"isInner":false,"widgetType":"text-editor","elType":"widget"}],"isInner":true,"elType":"column"}],"isInner":true,"elType":"section"},{"id":"5ab7a329","settings":{"gap":"no","background_background":"classic","margin":{"unit":"px","top":"-70","right":0,"bottom":"0","left":0,"isLinked":false},"padding":{"unit":"px","top":"0","right":"70","bottom":"150","left":"70","isLinked":false},"margin_mobile":{"unit":"px","top":"0","right":0,"bottom":"0","left":0,"isLinked":true},"padding_tablet":{"unit":"px","top":"70","right":"40","bottom":"50","left":"40","isLinked":false},"padding_mobile":{"unit":"px","top":"0","right":"35","bottom":"0","left":"35","isLinked":false}},"elements":[{"id":"6c15272e","settings":{"_column_size":100,"_inline_size":null,"background_background":"classic","background_color":"rgba(255,255,255,0.81)","padding":{"unit":"px","top":"0","right":"40","bottom":"40","left":"40","isLinked":false},"padding_tablet":{"unit":"px","top":"0","right":"20","bottom":"20","left":"20","isLinked":false}},"elements":[{"id":"1e7061e0","settings":{"text":"Book now","align":"justify","typography_typography":"custom","typography_font_size":{"unit":"px","size":"20"},"typography_font_family":"Roboto","typography_text_transform":"lowercase","typography_letter_spacing":{"unit":"px","size":"1.5"},"background_color":"#f04670","border_radius":{"unit":"px","top":"0","right":"0","bottom":"0","left":"0","isLinked":true},"text_padding":{"unit":"px","top":"20","right":"20","bottom":"20","left":"20","isLinked":true},"align_tablet":"justify","typography_font_size_tablet":{"unit":"px","size":"18"},"hover_color":"#f04670","button_background_hover_color":"rgba(0,0,0,0)","button_hover_border_color":"#f04670","border_border":"solid","border_width":{"unit":"px","top":"3","right":"3","bottom":"3","left":"3","isLinked":true},"border_color":"#f04670"},"elements":[],"isInner":false,"widgetType":"button","elType":"widget"}],"isInner":true,"elType":"column"}],"isInner":true,"elType":"section"}],"isInner":false,"elType":"column"}],"isInner":false,"elType":"section"},{"id":"16ca8254","settings":{"padding":{"unit":"px","top":"100","right":"0","bottom":"70","left":"0","isLinked":false},"padding_tablet":{"unit":"px","top":"70","right":"0","bottom":"70","left":"0","isLinked":false},"padding_mobile":{"unit":"px","top":"40","right":"0","bottom":"40","left":"0","isLinked":false}},"elements":[{"id":"4e11faa8","settings":{"_column_size":100,"_inline_size":null},"elements":[{"id":"52a8997c","settings":{"title":"Featured vacation package deals","align":"center","title_color":"#3a3a3a","typography_typography":"custom","typography_font_size":{"unit":"px","size":"35"},"typography_font_family":"Roboto","typography_font_weight":"600","typography_text_transform":"capitalize","typography_font_size_tablet":{"unit":"px","size":"30"},"typography_line_height_mobile":{"unit":"em","size":"1.3"},"header_size":"h3"},"elements":[],"isInner":false,"widgetType":"heading","elType":"widget"}],"isInner":false,"elType":"column"}],"isInner":false,"elType":"section"},{"id":"61e1be38","settings":{"gap":"no","structure":"20","padding_tablet":{"unit":"px","top":"0","right":"25","bottom":"25","left":"25","isLinked":false},"margin_mobile":{"unit":"px","top":"0","right":0,"bottom":"0","left":0,"isLinked":true},"padding_mobile":{"unit":"px","top":"0","right":"0","bottom":"0","left":"0","isLinked":true}},"elements":[{"id":"4d560455","settings":{"_column_size":50,"_inline_size":null,"margin_tablet":{"unit":"px","top":"0","right":"0","bottom":"0","left":"0","isLinked":false},"padding_tablet":{"unit":"px","top":"0","right":"0","bottom":"0","left":"0","isLinked":true}},"elements":[{"id":"6ced1d05","settings":{"gap":"no","structure":"20","margin":{"unit":"%","top":"","right":0,"bottom":"","left":0,"isLinked":true},"padding":{"unit":"%","top":"0","right":"7","bottom":"0","left":"0","isLinked":false},"padding_tablet":{"unit":"px","top":"0","right":"25","bottom":"0","left":"0","isLinked":false},"padding_mobile":{"unit":"px","top":"0","right":"0","bottom":"0","left":"0","isLinked":true}},"elements":[{"id":"23399253","settings":{"_column_size":50,"_inline_size":null},"elements":[{"id":"24f30f4b","settings":{"image":{"id":914,"url":"http:\/\/localhost\/test\/wp-content\/uploads\/2018\/09\/gg.png"}},"elements":[],"isInner":false,"widgetType":"image","elType":"widget"}],"isInner":true,"elType":"column"},{"id":"70e5acbd","settings":{"_column_size":50,"_inline_size":null,"content_position":"bottom","padding":{"unit":"%","top":"0","right":"0","bottom":"0","left":"10","isLinked":false},"padding_mobile":{"unit":"px","top":"30","right":"55","bottom":"80","left":"55","isLinked":false}},"elements":[{"id":"5201d5e8","settings":{"title":"Lakeside Italy","align":"left","title_color":"#3a3a3a","typography_typography":"custom","typography_font_size":{"unit":"px","size":"20"},"typography_font_family":"Roboto","typography_font_weight":"600","typography_text_transform":"capitalize","typography_font_size_tablet":{"unit":"px","size":"17"},"align_mobile":"center","typography_font_size_mobile":{"unit":"px","size":"20"},"header_size":"h4"},"elements":[],"isInner":false,"widgetType":"heading","elType":"widget"},{"id":"68e9aa9b","settings":{"editor":"<div id=\"Content\"><div class=\"boxed\"><div id=\"lipsum\"><p>Lorem ipsum dolor sit amet, consectetur adipiscing elit. Quisque cursus sed dolor vel commodo.\u00a0<\/p><\/div><\/div><\/div>","align":"left","text_color":"#3a3a3a","typography_typography":"custom","typography_font_size":{"unit":"px","size":"15"},"typography_font_family":"Roboto","typography_font_weight":"300","typography_line_height":{"unit":"em","size":"1.5"},"typography_font_size_tablet":{"unit":"px","size":"12"},"_margin_tablet":{"unit":"px","top":"-10","right":"0","bottom":"-10","left":"0","isLinked":false},"align_mobile":"center","typography_font_size_mobile":{"unit":"px","size":"15"},"_margin_mobile":{"unit":"px","top":"0","right":"0","bottom":"0","left":"0","isLinked":true}},"elements":[],"isInner":false,"widgetType":"text-editor","elType":"widget"},{"id":"638cd32c","settings":{"title":"$356","align":"left","title_color":"#f04670","typography_typography":"custom","typography_font_size":{"unit":"px","size":"25"},"typography_font_family":"Roboto","typography_font_weight":"600","typography_text_transform":"capitalize","typography_font_size_tablet":{"unit":"px","size":"20"},"_margin_tablet":{"unit":"px","top":"0","right":"0","bottom":"0","left":"0","isLinked":true},"hide_tablet":"hidden-tablet","align_mobile":"center","typography_font_size_mobile":{"unit":"px","size":"22"},"hide_mobile":"hidden-phone","header_size":"h4"},"elements":[],"isInner":false,"widgetType":"heading","elType":"widget"},{"id":"3a73fcc1","settings":{"text":"View deal","align":"justify","typography_typography":"custom","typography_font_size":{"unit":"px","size":"17"},"typography_font_family":"Roboto","typography_text_transform":"lowercase","typography_letter_spacing":{"unit":"px","size":"1.5"},"background_color":"#f04670","border_radius":{"unit":"px","top":"0","right":"0","bottom":"0","left":"0","isLinked":true},"text_padding":{"unit":"px","top":"15","right":"0","bottom":"15","left":"0","isLinked":false},"typography_font_size_tablet":{"unit":"px","size":"12"},"typography_letter_spacing_tablet":{"unit":"px","size":"1"},"_padding":{"unit":"px","top":"0","right":"30","bottom":"0","left":"0","isLinked":false},"_padding_tablet":{"unit":"px","top":"0","right":"0","bottom":"0","left":"0","isLinked":true},"typography_font_size_mobile":{"unit":"px","size":"17"},"hover_color":"#f04670","button_background_hover_color":"rgba(0,0,0,0)","border_border":"solid","border_color":"#f04670"},"elements":[],"isInner":false,"widgetType":"button","elType":"widget"}],"isInner":true,"elType":"column"}],"isInner":true,"elType":"section"}],"isInner":false,"elType":"column"},{"id":"472a4883","settings":{"_column_size":50,"_inline_size":null},"elements":[{"id":"26e2675c","settings":{"gap":"no","structure":"20","padding":{"unit":"%","top":"0","right":"0","bottom":"0","left":"7","isLinked":false},"padding_tablet":{"unit":"px","top":"0","right":"0","bottom":"0","left":"25","isLinked":false},"padding_mobile":{"unit":"px","top":"0","right":"0","bottom":"0","left":"0","isLinked":true}},"elements":[{"id":"567799d2","settings":{"_column_size":50,"_inline_size":null},"elements":[{"id":"4e8ef595","settings":{"image":{"id":915,"url":"http:\/\/localhost\/test\/wp-content\/uploads\/2018\/09\/hfg.png"}},"elements":[],"isInner":false,"widgetType":"image","elType":"widget"}],"isInner":true,"elType":"column"},{"id":"761e4436","settings":{"_column_size":50,"_inline_size":null,"content_position":"bottom","padding":{"unit":"%","top":"0","right":"0","bottom":"0","left":"10","isLinked":false},"padding_mobile":{"unit":"px","top":"30","right":"55","bottom":"80","left":"55","isLinked":false}},"elements":[{"id":"241d1bdd","settings":{"title":"Ancient Prague","align":"left","title_color":"#3a3a3a","typography_typography":"custom","typography_font_size":{"unit":"px","size":"20"},"typography_font_family":"Roboto","typography_font_weight":"600","typography_text_transform":"capitalize","typography_font_size_tablet":{"unit":"px","size":"17"},"align_mobile":"center","typography_font_size_mobile":{"unit":"px","size":"20"},"header_size":"h4"},"elements":[],"isInner":false,"widgetType":"heading","elType":"widget"},{"id":"7268a1f8","settings":{"editor":"<div id=\"Content\"><div class=\"boxed\"><div id=\"lipsum\"><p>Lorem ipsum dolor sit amet, consectetur adipiscing elit. Quisque cursus sed dolor vel commodo.\u00a0<\/p><\/div><\/div><\/div>","align":"left","text_color":"#3a3a3a","typography_typography":"custom","typography_font_size":{"unit":"px","size":"15"},"typography_font_family":"Roboto","typography_font_weight":"300","typography_line_height":{"unit":"em","size":"1.5"},"typography_font_size_tablet":{"unit":"px","size":"12"},"_margin_tablet":{"unit":"px","top":"-10","right":"0","bottom":"-10","left":"0","isLinked":false},"align_mobile":"center","typography_font_size_mobile":{"unit":"px","size":"15"},"_margin_mobile":{"unit":"px","top":"0","right":"0","bottom":"0","left":"0","isLinked":true}},"elements":[],"isInner":false,"widgetType":"text-editor","elType":"widget"},{"id":"3a2e3d14","settings":{"title":"$356","align":"left","title_color":"#f04670","typography_typography":"custom","typography_font_size":{"unit":"px","size":"25"},"typography_font_family":"Roboto","typography_font_weight":"600","typography_text_transform":"capitalize","typography_font_size_tablet":{"unit":"px","size":"20"},"_margin_tablet":{"unit":"px","top":"0","right":"0","bottom":"0","left":"0","isLinked":true},"hide_tablet":"hidden-tablet","hide_mobile":"hidden-phone","header_size":"h4"},"elements":[],"isInner":false,"widgetType":"heading","elType":"widget"},{"id":"2eb33788","settings":{"text":"View deal","align":"justify","typography_typography":"custom","typography_font_size":{"unit":"px","size":"17"},"typography_font_family":"Roboto","typography_text_transform":"lowercase","typography_letter_spacing":{"unit":"px","size":"1.5"},"background_color":"#f04670","border_radius":{"unit":"px","top":"0","right":"0","bottom":"0","left":"0","isLinked":true},"text_padding":{"unit":"px","top":"15","right":"0","bottom":"15","left":"0","isLinked":false},"typography_font_size_tablet":{"unit":"px","size":"12"},"_padding":{"unit":"px","top":"0","right":"35","bottom":"0","left":"0","isLinked":false},"_padding_tablet":{"unit":"px","top":"0","right":"0","bottom":"0","left":"0","isLinked":true},"typography_font_size_mobile":{"unit":"px","size":"17"},"hover_color":"#f04670","button_background_hover_color":"rgba(0,0,0,0)","button_hover_border_color":"#f04670","border_border":"solid","border_color":"#f04670"},"elements":[],"isInner":false,"widgetType":"button","elType":"widget"}],"isInner":true,"elType":"column"}],"isInner":true,"elType":"section"}],"isInner":false,"elType":"column"}],"isInner":false,"elType":"section"},{"id":"581e0ac4","settings":{"gap":"no","structure":"20","padding_tablet":{"unit":"px","top":"70","right":"25","bottom":"70","left":"25","isLinked":false},"margin_mobile":{"unit":"px","top":"0","right":0,"bottom":"0","left":0,"isLinked":true},"padding":{"unit":"px","top":"70","right":"0","bottom":"70","left":"0","isLinked":false},"padding_mobile":{"unit":"px","top":"0","right":"0","bottom":"0","left":"0","isLinked":true}},"elements":[{"id":"6c9f985c","settings":{"_column_size":50,"_inline_size":null,"margin_tablet":{"unit":"px","top":"0","right":"0","bottom":"0","left":"0","isLinked":false},"padding_tablet":{"unit":"px","top":"0","right":"0","bottom":"0","left":"0","isLinked":true}},"elements":[{"id":"210e714d","settings":{"gap":"no","structure":"20","margin":{"unit":"%","top":"","right":0,"bottom":"","left":0,"isLinked":true},"padding":{"unit":"%","top":"0","right":"7","bottom":"0","left":"0","isLinked":false},"padding_tablet":{"unit":"px","top":"0","right":"25","bottom":"0","left":"0","isLinked":false},"padding_mobile":{"unit":"px","top":"0","right":"0","bottom":"0","left":"0","isLinked":true}},"elements":[{"id":"7678ee6a","settings":{"_column_size":50,"_inline_size":null},"elements":[{"id":"d3e7d20","settings":{"image":{"id":916,"url":"http:\/\/localhost\/test\/wp-content\/uploads\/2018\/09\/httpgs-hd.unsplash.comphoto-1470608756445-2c9906b0680f.png"}},"elements":[],"isInner":false,"widgetType":"image","elType":"widget"}],"isInner":true,"elType":"column"},{"id":"1c027a21","settings":{"_column_size":50,"_inline_size":null,"content_position":"bottom","padding":{"unit":"%","top":"0","right":"0","bottom":"0","left":"10","isLinked":false},"padding_mobile":{"unit":"px","top":"30","right":"55","bottom":"80","left":"55","isLinked":false}},"elements":[{"id":"2d2f5a17","settings":{"title":"English Countryside","align":"left","title_color":"#3a3a3a","typography_typography":"custom","typography_font_size":{"unit":"px","size":"20"},"typography_font_family":"Roboto","typography_font_weight":"600","typography_text_transform":"capitalize","typography_font_size_tablet":{"unit":"px","size":"17"},"align_mobile":"center","typography_font_size_mobile":{"unit":"px","size":"20"},"header_size":"h4"},"elements":[],"isInner":false,"widgetType":"heading","elType":"widget"},{"id":"214a0a31","settings":{"editor":"<div id=\"Content\"><div class=\"boxed\"><div id=\"lipsum\"><p>Lorem ipsum dolor sit amet, consectetur adipiscing elit. Quisque cursus sed dolor vel commodo.\u00a0<\/p><\/div><\/div><\/div>","align":"left","text_color":"#3a3a3a","typography_typography":"custom","typography_font_size":{"unit":"px","size":"15"},"typography_font_family":"Roboto","typography_font_weight":"300","typography_line_height":{"unit":"em","size":"1.5"},"typography_font_size_tablet":{"unit":"px","size":"12"},"_margin_tablet":{"unit":"px","top":"-10","right":"0","bottom":"-10","left":"0","isLinked":false},"align_mobile":"center","typography_font_size_mobile":{"unit":"px","size":"15"},"_margin_mobile":{"unit":"px","top":"0","right":"0","bottom":"0","left":"0","isLinked":true}},"elements":[],"isInner":false,"widgetType":"text-editor","elType":"widget"},{"id":"20a82a57","settings":{"title":"$356","align":"left","title_color":"#f04670","typography_typography":"custom","typography_font_size":{"unit":"px","size":"25"},"typography_font_family":"Roboto","typography_font_weight":"600","typography_text_transform":"capitalize","typography_font_size_tablet":{"unit":"px","size":"20"},"_margin_tablet":{"unit":"px","top":"0","right":"0","bottom":"0","left":"0","isLinked":true},"hide_tablet":"hidden-tablet","align_mobile":"center","typography_font_size_mobile":{"unit":"px","size":"22"},"hide_mobile":"hidden-phone","header_size":"h4"},"elements":[],"isInner":false,"widgetType":"heading","elType":"widget"},{"id":"53ff9df2","settings":{"text":"View deal","align":"justify","typography_typography":"custom","typography_font_size":{"unit":"px","size":"17"},"typography_font_family":"Roboto","typography_text_transform":"lowercase","typography_letter_spacing":{"unit":"px","size":"1.5"},"background_color":"#f04670","border_radius":{"unit":"px","top":"0","right":"0","bottom":"0","left":"0","isLinked":true},"text_padding":{"unit":"px","top":"15","right":"0","bottom":"15","left":"0","isLinked":false},"typography_font_size_tablet":{"unit":"px","size":"12"},"typography_letter_spacing_tablet":{"unit":"px","size":"1"},"_padding":{"unit":"px","top":"0","right":"30","bottom":"0","left":"0","isLinked":false},"_padding_tablet":{"unit":"px","top":"0","right":"0","bottom":"0","left":"0","isLinked":true},"typography_font_size_mobile":{"unit":"px","size":"17"},"hover_color":"#f04670","button_background_hover_color":"rgba(0,0,0,0)","button_hover_border_color":"#f04670","border_border":"solid","border_color":"#f04670"},"elements":[],"isInner":false,"widgetType":"button","elType":"widget"}],"isInner":true,"elType":"column"}],"isInner":true,"elType":"section"}],"isInner":false,"elType":"column"},{"id":"72873012","settings":{"_column_size":50,"_inline_size":null},"elements":[{"id":"18160cf3","settings":{"gap":"no","structure":"20","padding":{"unit":"%","top":"0","right":"0","bottom":"0","left":"7","isLinked":false},"padding_tablet":{"unit":"px","top":"0","right":"0","bottom":"0","left":"25","isLinked":false},"padding_mobile":{"unit":"px","top":"0","right":"0","bottom":"0","left":"0","isLinked":true}},"elements":[{"id":"3208f668","settings":{"_column_size":50,"_inline_size":null},"elements":[{"id":"4d3c37b3","settings":{"image":{"id":917,"url":"http:\/\/localhost\/test\/wp-content\/uploads\/2018\/09\/ff.png"}},"elements":[],"isInner":false,"widgetType":"image","elType":"widget"}],"isInner":true,"elType":"column"},{"id":"60459416","settings":{"_column_size":50,"_inline_size":null,"content_position":"bottom","padding":{"unit":"%","top":"0","right":"0","bottom":"0","left":"10","isLinked":false},"padding_mobile":{"unit":"px","top":"30","right":"55","bottom":"80","left":"55","isLinked":false}},"elements":[{"id":"4db23abd","settings":{"title":"Lovely Budapest","align":"left","title_color":"#3a3a3a","typography_typography":"custom","typography_font_size":{"unit":"px","size":"20"},"typography_font_family":"Roboto","typography_font_weight":"600","typography_text_transform":"capitalize","typography_font_size_tablet":{"unit":"px","size":"17"},"align_mobile":"center","typography_font_size_mobile":{"unit":"px","size":"20"},"header_size":"h4"},"elements":[],"isInner":false,"widgetType":"heading","elType":"widget"},{"id":"7d3a7038","settings":{"editor":"<div id=\"Content\"><div class=\"boxed\"><div id=\"lipsum\"><p>Lorem ipsum dolor sit amet, consectetur adipiscing elit. Quisque cursus sed dolor vel commodo.\u00a0<\/p><\/div><\/div><\/div>","align":"left","text_color":"#3a3a3a","typography_typography":"custom","typography_font_size":{"unit":"px","size":"15"},"typography_font_family":"Roboto","typography_font_weight":"300","typography_line_height":{"unit":"em","size":"1.5"},"typography_font_size_tablet":{"unit":"px","size":"12"},"_margin_tablet":{"unit":"px","top":"-10","right":"0","bottom":"-10","left":"0","isLinked":false},"align_mobile":"center","typography_font_size_mobile":{"unit":"px","size":"15"},"_margin_mobile":{"unit":"px","top":"0","right":"0","bottom":"0","left":"0","isLinked":true}},"elements":[],"isInner":false,"widgetType":"text-editor","elType":"widget"},{"id":"74be216b","settings":{"title":"$356","align":"left","title_color":"#f04670","typography_typography":"custom","typography_font_size":{"unit":"px","size":"25"},"typography_font_family":"Roboto","typography_font_weight":"600","typography_text_transform":"capitalize","typography_font_size_tablet":{"unit":"px","size":"20"},"_margin_tablet":{"unit":"px","top":"0","right":"0","bottom":"0","left":"0","isLinked":true},"hide_tablet":"hidden-tablet","hide_mobile":"hidden-phone","header_size":"h4"},"elements":[],"isInner":false,"widgetType":"heading","elType":"widget"},{"id":"3d780428","settings":{"text":"View deal","align":"justify","typography_typography":"custom","typography_font_size":{"unit":"px","size":"17"},"typography_font_family":"Roboto","typography_text_transform":"lowercase","typography_letter_spacing":{"unit":"px","size":"1.5"},"background_color":"#f04670","border_radius":{"unit":"px","top":"0","right":"0","bottom":"0","left":"0","isLinked":true},"text_padding":{"unit":"px","top":"15","right":"0","bottom":"15","left":"0","isLinked":false},"typography_font_size_tablet":{"unit":"px","size":"12"},"_padding":{"unit":"px","top":"0","right":"35","bottom":"0","left":"0","isLinked":false},"_padding_tablet":{"unit":"px","top":"0","right":"0","bottom":"0","left":"0","isLinked":true},"typography_font_size_mobile":{"unit":"px","size":"17"},"hover_color":"#f04670","button_background_hover_color":"rgba(0,0,0,0)","button_hover_border_color":"#f04670","border_border":"solid","border_color":"#f04670"},"elements":[],"isInner":false,"widgetType":"button","elType":"widget"}],"isInner":true,"elType":"column"}],"isInner":true,"elType":"section"}],"isInner":false,"elType":"column"}],"isInner":false,"elType":"section"},{"id":"6a1d515e","settings":{"gap":"no","structure":"20","padding_tablet":{"unit":"px","top":"0","right":"25","bottom":"100","left":"25","isLinked":false},"margin_mobile":{"unit":"px","top":"0","right":0,"bottom":"0","left":0,"isLinked":true},"padding":{"unit":"px","top":"0","right":"0","bottom":"100","left":"0","isLinked":false},"padding_mobile":{"unit":"px","top":"0","right":"0","bottom":"0","left":"0","isLinked":true}},"elements":[{"id":"f082fea","settings":{"_column_size":50,"_inline_size":null,"margin_tablet":{"unit":"px","top":"0","right":"0","bottom":"0","left":"0","isLinked":false},"padding_tablet":{"unit":"px","top":"0","right":"0","bottom":"0","left":"0","isLinked":true}},"elements":[{"id":"5ff70116","settings":{"gap":"no","structure":"20","margin":{"unit":"%","top":"","right":0,"bottom":"","left":0,"isLinked":true},"padding":{"unit":"%","top":"0","right":"7","bottom":"0","left":"0","isLinked":false},"padding_tablet":{"unit":"px","top":"0","right":"25","bottom":"0","left":"0","isLinked":false},"padding_mobile":{"unit":"px","top":"0","right":"0","bottom":"0","left":"0","isLinked":true}},"elements":[{"id":"4d01776","settings":{"_column_size":50,"_inline_size":null},"elements":[{"id":"35fc09e3","settings":{"image":{"id":918,"url":"http:\/\/localhost\/test\/wp-content\/uploads\/2018\/09\/ds.png"}},"elements":[],"isInner":false,"widgetType":"image","elType":"widget"}],"isInner":true,"elType":"column"},{"id":"19c9104d","settings":{"_column_size":50,"_inline_size":null,"content_position":"bottom","padding":{"unit":"%","top":"0","right":"0","bottom":"0","left":"10","isLinked":false},"padding_mobile":{"unit":"px","top":"30","right":"55","bottom":"80","left":"55","isLinked":false}},"elements":[{"id":"4c61903b","settings":{"title":"Indian Adventure","align":"left","title_color":"#3a3a3a","typography_typography":"custom","typography_font_size":{"unit":"px","size":"20"},"typography_font_family":"Roboto","typography_font_weight":"600","typography_text_transform":"capitalize","typography_font_size_tablet":{"unit":"px","size":"17"},"align_mobile":"center","typography_font_size_mobile":{"unit":"px","size":"20"},"header_size":"h4"},"elements":[],"isInner":false,"widgetType":"heading","elType":"widget"},{"id":"558751d0","settings":{"editor":"<div id=\"Content\"><div class=\"boxed\"><div id=\"lipsum\"><p>Lorem ipsum dolor sit amet, consectetur adipiscing elit. Quisque cursus sed dolor vel commodo.\u00a0<\/p><\/div><\/div><\/div>","align":"left","text_color":"#3a3a3a","typography_typography":"custom","typography_font_size":{"unit":"px","size":"15"},"typography_font_family":"Roboto","typography_font_weight":"300","typography_line_height":{"unit":"em","size":"1.5"},"typography_font_size_tablet":{"unit":"px","size":"12"},"_margin_tablet":{"unit":"px","top":"-10","right":"0","bottom":"-10","left":"0","isLinked":false},"align_mobile":"center","typography_font_size_mobile":{"unit":"px","size":"15"},"_margin_mobile":{"unit":"px","top":"0","right":"0","bottom":"0","left":"0","isLinked":true}},"elements":[],"isInner":false,"widgetType":"text-editor","elType":"widget"},{"id":"22a89ea9","settings":{"title":"$356","align":"left","title_color":"#f04670","typography_typography":"custom","typography_font_size":{"unit":"px","size":"25"},"typography_font_family":"Roboto","typography_font_weight":"600","typography_text_transform":"capitalize","typography_font_size_tablet":{"unit":"px","size":"20"},"_margin_tablet":{"unit":"px","top":"0","right":"0","bottom":"0","left":"0","isLinked":true},"hide_tablet":"hidden-tablet","align_mobile":"center","typography_font_size_mobile":{"unit":"px","size":"22"},"hide_mobile":"hidden-phone","header_size":"h4"},"elements":[],"isInner":false,"widgetType":"heading","elType":"widget"},{"id":"15e156e2","settings":{"text":"View deal","align":"justify","typography_typography":"custom","typography_font_size":{"unit":"px","size":"17"},"typography_font_family":"Roboto","typography_text_transform":"lowercase","typography_letter_spacing":{"unit":"px","size":"1.5"},"background_color":"#f04670","border_radius":{"unit":"px","top":"0","right":"0","bottom":"0","left":"0","isLinked":true},"text_padding":{"unit":"px","top":"15","right":"0","bottom":"15","left":"0","isLinked":false},"typography_font_size_tablet":{"unit":"px","size":"12"},"typography_letter_spacing_tablet":{"unit":"px","size":"1"},"_padding":{"unit":"px","top":"0","right":"30","bottom":"0","left":"0","isLinked":false},"_padding_tablet":{"unit":"px","top":"0","right":"0","bottom":"0","left":"0","isLinked":true},"typography_font_size_mobile":{"unit":"px","size":"17"},"hover_color":"#f04670","button_background_hover_color":"rgba(0,0,0,0)","button_hover_border_color":"#f04670","border_border":"solid","border_color":"#f04670"},"elements":[],"isInner":false,"widgetType":"button","elType":"widget"}],"isInner":true,"elType":"column"}],"isInner":true,"elType":"section"}],"isInner":false,"elType":"column"},{"id":"590917a2","settings":{"_column_size":50,"_inline_size":null},"elements":[{"id":"56e1ee39","settings":{"gap":"no","structure":"20","padding":{"unit":"%","top":"0","right":"0","bottom":"0","left":"7","isLinked":false},"padding_tablet":{"unit":"px","top":"0","right":"0","bottom":"0","left":"25","isLinked":false},"padding_mobile":{"unit":"px","top":"0","right":"0","bottom":"0","left":"0","isLinked":true}},"elements":[{"id":"229e25af","settings":{"_column_size":50,"_inline_size":null},"elements":[{"id":"5b717eb0","settings":{"image":{"id":919,"url":"http:\/\/localhost\/test\/wp-content\/uploads\/2018\/09\/https-hd.unsplgfgash.comphoto-1417013886928-11bd3d45406b-copy.png"}},"elements":[],"isInner":false,"widgetType":"image","elType":"widget"}],"isInner":true,"elType":"column"},{"id":"492ee1de","settings":{"_column_size":50,"_inline_size":null,"content_position":"bottom","padding":{"unit":"%","top":"0","right":"0","bottom":"0","left":"10","isLinked":false},"padding_mobile":{"unit":"px","top":"30","right":"55","bottom":"80","left":"55","isLinked":false}},"elements":[{"id":"2d2f669d","settings":{"title":"Paris Lights","align":"left","title_color":"#3a3a3a","typography_typography":"custom","typography_font_size":{"unit":"px","size":"20"},"typography_font_family":"Roboto","typography_font_weight":"600","typography_text_transform":"capitalize","typography_font_size_tablet":{"unit":"px","size":"17"},"align_mobile":"center","typography_font_size_mobile":{"unit":"px","size":"20"},"header_size":"h4"},"elements":[],"isInner":false,"widgetType":"heading","elType":"widget"},{"id":"11069481","settings":{"editor":"<div id=\"Content\"><div class=\"boxed\"><div id=\"lipsum\"><p>Lorem ipsum dolor sit amet, consectetur adipiscing elit. Quisque cursus sed dolor vel commodo.\u00a0<\/p><\/div><\/div><\/div>","align":"left","text_color":"#3a3a3a","typography_typography":"custom","typography_font_size":{"unit":"px","size":"15"},"typography_font_family":"Roboto","typography_font_weight":"300","typography_line_height":{"unit":"em","size":"1.5"},"typography_font_size_tablet":{"unit":"px","size":"12"},"_margin_tablet":{"unit":"px","top":"-10","right":"0","bottom":"-10","left":"0","isLinked":false},"align_mobile":"center","typography_font_size_mobile":{"unit":"px","size":"15"},"_margin_mobile":{"unit":"px","top":"0","right":"0","bottom":"0","left":"0","isLinked":true}},"elements":[],"isInner":false,"widgetType":"text-editor","elType":"widget"},{"id":"2f0eeed","settings":{"title":"$356","align":"left","title_color":"#f04670","typography_typography":"custom","typography_font_size":{"unit":"px","size":"25"},"typography_font_family":"Roboto","typography_font_weight":"600","typography_text_transform":"capitalize","typography_font_size_tablet":{"unit":"px","size":"20"},"_margin_tablet":{"unit":"px","top":"0","right":"0","bottom":"0","left":"0","isLinked":true},"hide_tablet":"hidden-tablet","hide_mobile":"hidden-phone","header_size":"h4"},"elements":[],"isInner":false,"widgetType":"heading","elType":"widget"},{"id":"4a5a80c9","settings":{"text":"View deal","align":"justify","typography_typography":"custom","typography_font_size":{"unit":"px","size":"17"},"typography_font_family":"Roboto","typography_text_transform":"lowercase","typography_letter_spacing":{"unit":"px","size":"1.5"},"background_color":"#f04670","border_radius":{"unit":"px","top":"0","right":"0","bottom":"0","left":"0","isLinked":true},"text_padding":{"unit":"px","top":"15","right":"0","bottom":"15","left":"0","isLinked":false},"typography_font_size_tablet":{"unit":"px","size":"12"},"_padding":{"unit":"px","top":"0","right":"35","bottom":"0","left":"0","isLinked":false},"_padding_tablet":{"unit":"px","top":"0","right":"0","bottom":"0","left":"0","isLinked":true},"typography_font_size_mobile":{"unit":"px","size":"17"},"hover_color":"#f04670","button_background_hover_color":"rgba(0,0,0,0)","button_hover_border_color":"#f04670","border_border":"solid","border_color":"#f04670"},"elements":[],"isInner":false,"widgetType":"button","elType":"widget"}],"isInner":true,"elType":"column"}],"isInner":true,"elType":"section"}],"isInner":false,"elType":"column"}],"isInner":false,"elType":"section"},{"id":"5f7b2f71","settings":{"structure":"20","background_background":"classic","background_color":"#f2feff","padding":{"unit":"px","top":"100","right":"0","bottom":"100","left":"0","isLinked":false},"padding_tablet":{"unit":"px","top":"100","right":"35","bottom":"50","left":"35","isLinked":false},"padding_mobile":{"unit":"px","top":"80","right":"25","bottom":"80","left":"25","isLinked":false}},"elements":[{"id":"2c9cdc6e","settings":{"_column_size":50,"_inline_size":"50.351","content_position":"center","padding":{"unit":"%","top":"0","right":"18","bottom":"0","left":"0","isLinked":false},"margin_tablet":{"unit":"px","top":"0","right":"30","bottom":"0","left":"0","isLinked":false},"padding_tablet":{"unit":"px","top":"0","right":"0","bottom":"0","left":"0","isLinked":false},"margin_mobile":{"unit":"px","top":"0","right":"0","bottom":"0","left":"0","isLinked":true},"padding_mobile":{"unit":"px","top":"0","right":"10","bottom":"0","left":"10","isLinked":false}},"elements":[{"id":"639371f9","settings":{"title":"About us","align":"left","title_color":"#3a3a3a","typography_typography":"custom","typography_font_size":{"unit":"px","size":"35"},"typography_font_family":"Roboto","typography_font_weight":"600","typography_text_transform":"capitalize","header_size":"h3","align_mobile":"center","typography_font_size_tablet":{"unit":"px","size":"25"}},"elements":[],"isInner":false,"widgetType":"heading","elType":"widget"},{"id":"520c0c8c","settings":{"editor":"<p>Trippy Tours is a third generation family travel business with offices spread around the world. We specialize in customized booking for all our clients, from Peru to Paris.<\/p><p>We have gradually expanded our services and now include cross family properties in various destinations including: Brazil, Australia, Russia, Italy and France. We think the best holidays include a hint of adventure, that's why each of our trips has some sort of surprise for the guest. It can be a chocolate on the bedsheets or a spider in the toilet.<\/p>","align":"left","text_color":"#3a3a3a","typography_typography":"custom","typography_font_size":{"unit":"px","size":"15"},"typography_font_family":"Roboto","typography_font_weight":"300","typography_line_height":{"unit":"em","size":"1.5"},"typography_font_size_tablet":{"unit":"px","size":"13"},"align_mobile":"center","typography_font_size_mobile":{"unit":"px","size":"15"}},"elements":[],"isInner":false,"widgetType":"text-editor","elType":"widget"}],"isInner":false,"elType":"column"},{"id":"4866a129","settings":{"_column_size":50,"_inline_size":"49.650","padding":{"unit":"%","top":"0","right":"0","bottom":"0","left":"0","isLinked":false},"content_position":"center","padding_mobile":{"unit":"px","top":"0","right":"0","bottom":"0","left":"0","isLinked":true}},"elements":[{"id":"39deccbd","settings":{"link":"https:\/\/www.youtube.com\/watch?v=J01iDyHq2p0","vimeo_link":"https:\/\/vimeo.com\/170933924","yt_controls":"","yt_showinfo":"","_margin_tablet":{"unit":"px","top":"0","right":"0","bottom":"0","left":"0","isLinked":true},"image_overlay":{"id":"897","url":"http:\/\/localhost\/test\/wp-content\/uploads\/2018\/09\/placeholder-1-1.png"},"youtube_url":"https:\/\/www.youtube.com\/watch?v=9uOETcuFjbE","vimeo_url":"https:\/\/vimeo.com\/235215203","dailymotion_url":"https:\/\/www.dailymotion.com\/video\/x6tqhqb"},"elements":[],"isInner":false,"widgetType":"video","elType":"widget"}],"isInner":false,"elType":"column"}],"isInner":false,"elType":"section"},{"id":"610d23ca","settings":{"padding":{"unit":"px","top":"100","right":"0","bottom":"0","left":"0","isLinked":false},"padding_mobile":{"unit":"px","top":"40","right":"0","bottom":"40","left":"0","isLinked":false}},"elements":[{"id":"bd2e9f4","settings":{"_column_size":100,"_inline_size":null},"elements":[{"id":"2939d95","settings":{"title":"You\u2019ll be amazed of how easy it is\u2026","align":"center","title_color":"#3a3a3a","typography_typography":"custom","typography_font_size":{"unit":"px","size":"35"},"typography_font_family":"Roboto","typography_font_weight":"600","typography_text_transform":"capitalize","_padding":{"unit":"px","top":"0","right":"0","bottom":"30","left":"0","isLinked":false},"header_size":"h3","typography_font_size_tablet":{"unit":"px","size":"30"},"typography_line_height_mobile":{"unit":"em","size":"1.3"}},"elements":[],"isInner":false,"widgetType":"heading","elType":"widget"},{"id":"78334131","settings":{"structure":"30","margin":{"unit":"%","top":"","right":0,"bottom":"","left":0,"isLinked":true},"padding":{"unit":"px","top":"50","right":"50","bottom":"50","left":"50","isLinked":true},"padding_tablet":{"unit":"px","top":"30","right":"30","bottom":"30","left":"30","isLinked":true},"padding_mobile":{"unit":"px","top":"0","right":"0","bottom":"0","left":"0","isLinked":true}},"elements":[{"id":"247a89b4","settings":{"_column_size":33,"_inline_size":null,"margin":{"unit":"%","top":"0","right":"26","bottom":"0","left":"0","isLinked":false},"margin_tablet":{"unit":"px","top":"0","right":"20","bottom":"0","left":"0","isLinked":false},"border_radius":{"unit":"px","top":"0","right":"0","bottom":"0","left":"0","isLinked":true},"margin_mobile":{"unit":"px","top":"0","right":"0","bottom":"0","left":"0","isLinked":true},"padding_mobile":{"unit":"px","top":"40","right":"40","bottom":"40","left":"40","isLinked":true}},"elements":[{"id":"78fa8a1a","settings":{"view":"stacked","icon":"fa fa-calendar","title_text":"Check the dates","description_text":"Lorem ipsum dolor sit amet, consectetur adipiscing elit. Ut elit tellus, pulvinar dapibus leo.","primary_color":"#f04670","icon_space":{"unit":"px","size":"25"},"icon_size":{"unit":"px","size":"25"},"icon_padding":{"unit":"px","size":"25"},"hover_primary_color":"#f04670","hover_secondary_color":"#9ed9e2","title_color":"#3a3a3a","title_typography_typography":"custom","title_typography_font_size":{"unit":"px","size":"21"},"title_typography_font_family":"Roboto","title_typography_font_weight":"600","description_color":"#636363","description_typography_typography":"custom","description_typography_font_size":{"unit":"px","size":"15"},"description_typography_font_family":"Roboto","description_typography_font_weight":"300","description_typography_line_height":{"unit":"em","size":"1.5"},"description_typography_font_size_tablet":{"unit":"px","size":"13"},"description_typography_font_size_mobile":{"unit":"px","size":"15"}},"elements":[],"isInner":false,"widgetType":"icon-box","elType":"widget"}],"isInner":true,"elType":"column"},{"id":"1a7447a","settings":{"_column_size":33,"_inline_size":null,"margin":{"unit":"%","top":"0","right":"13","bottom":"0","left":"13","isLinked":false},"margin_tablet":{"unit":"px","top":"0","right":"10","bottom":"0","left":"10","isLinked":false},"padding_mobile":{"unit":"px","top":"40","right":"40","bottom":"40","left":"40","isLinked":true}},"elements":[{"id":"5daf5b3b","settings":{"view":"stacked","icon":"fa fa-check-square-o","title_text":"Confirmation","description_text":"Lorem ipsum dolor sit amet, consectetur adipiscing elit. Ut elit tellus, pulvinar dapibus leo.","primary_color":"#f04670","icon_space":{"unit":"px","size":"25"},"icon_size":{"unit":"px","size":"25"},"icon_padding":{"unit":"px","size":"25"},"hover_primary_color":"#f04670","hover_secondary_color":"#9ed9e2","title_color":"#3a3a3a","title_typography_typography":"custom","title_typography_font_size":{"unit":"px","size":"21"},"title_typography_font_family":"Roboto","title_typography_font_weight":"600","description_color":"#636363","description_typography_typography":"custom","description_typography_font_size":{"unit":"px","size":"15"},"description_typography_font_family":"Roboto","description_typography_font_weight":"300","description_typography_line_height":{"unit":"em","size":"1.5"},"description_typography_font_size_tablet":{"unit":"px","size":"13"},"description_typography_font_size_mobile":{"unit":"px","size":"15"}},"elements":[],"isInner":false,"widgetType":"icon-box","elType":"widget"}],"isInner":true,"elType":"column"},{"id":"3d59d748","settings":{"_column_size":33,"_inline_size":null,"margin":{"unit":"%","top":"0","right":"0","bottom":"0","left":"026","isLinked":false},"margin_tablet":{"unit":"px","top":"0","right":"0","bottom":"0","left":"20","isLinked":false},"margin_mobile":{"unit":"px","top":"0","right":"0","bottom":"0","left":"0","isLinked":true},"padding_mobile":{"unit":"px","top":"40","right":"40","bottom":"40","left":"40","isLinked":true}},"elements":[{"id":"3db761aa","settings":{"view":"stacked","icon":"fa fa-send-o","title_text":"Fly away","description_text":"Lorem ipsum dolor sit amet, consectetur adipiscing elit. Ut elit tellus, pulvinar dapibus leo.","primary_color":"#f04670","icon_space":{"unit":"px","size":"25"},"icon_size":{"unit":"px","size":"25"},"icon_padding":{"unit":"px","size":"25"},"hover_primary_color":"#f04670","hover_secondary_color":"#9ed9e2","title_color":"#3a3a3a","title_typography_typography":"custom","title_typography_font_size":{"unit":"px","size":"21"},"title_typography_font_family":"Roboto","title_typography_font_weight":"600","description_color":"#636363","description_typography_typography":"custom","description_typography_font_size":{"unit":"px","size":"15"},"description_typography_font_family":"Roboto","description_typography_font_weight":"300","description_typography_line_height":{"unit":"em","size":"1.5"},"description_typography_font_size_tablet":{"unit":"px","size":"13"},"description_typography_font_size_mobile":{"unit":"px","size":"15"}},"elements":[],"isInner":false,"widgetType":"icon-box","elType":"widget"}],"isInner":true,"elType":"column"}],"isInner":true,"elType":"section"}],"isInner":false,"elType":"column"}],"isInner":false,"elType":"section"},{"id":"26f73a5e","settings":{"structure":"20","background_background":"gradient","background_color":"#ffffff","background_color_b":"#008de1","padding":{"unit":"px","top":"200","right":"0","bottom":"70","left":"0","isLinked":false},"gap":"no","padding_tablet":{"unit":"px","top":"100","right":"50","bottom":"100","left":"50","isLinked":false},"padding_mobile":{"unit":"px","top":"120","right":"70","bottom":"70","left":"70","isLinked":false}},"elements":[{"id":"1b8c1a30","settings":{"_column_size":50,"_inline_size":"70.702","content_position":"center","padding_tablet":{"unit":"px","top":"0","right":"0","bottom":"0","left":"0","isLinked":false},"padding_mobile":{"unit":"px","top":"0","right":"0","bottom":"0","left":"0","isLinked":true}},"elements":[{"id":"65692efc","settings":{"title":"Win the vacation of your dreams!","align":"left","title_color":"#ffffff","typography_typography":"custom","typography_font_size":{"unit":"px","size":"50"},"typography_font_family":"Roboto","typography_font_weight":"600","typography_text_transform":"capitalize","_padding":{"unit":"px","top":"0","right":"0","bottom":"0","left":"0","isLinked":false},"header_size":"h3","typography_font_size_tablet":{"unit":"px","size":"28"},"typography_line_height_tablet":{"unit":"em","size":"1.3"},"_padding_tablet":{"unit":"px","top":"0","right":"0","bottom":"0","left":"0","isLinked":true},"align_mobile":"center","typography_font_size_mobile":{"unit":"px","size":"50"},"typography_line_height_mobile":{"unit":"em","size":"1.2"},"_margin_mobile":{"unit":"px","top":"0","right":"0","bottom":"0","left":"0","isLinked":true},"_padding_mobile":{"unit":"px","top":"0","right":"0","bottom":"0","left":"0","isLinked":true}},"elements":[],"isInner":false,"widgetType":"heading","elType":"widget"}],"isInner":false,"elType":"column"},{"id":"2d8489a0","settings":{"_column_size":50,"_inline_size":"29.298","content_position":"center","margin_mobile":{"unit":"px","top":"0","right":"0","bottom":"0","left":"0","isLinked":true},"padding_mobile":{"unit":"px","top":"50","right":"0","bottom":"0","left":"0","isLinked":false}},"elements":[{"id":"30bb49bd","settings":{"text":"Register","align":"right","typography_typography":"custom","typography_font_size":{"unit":"px","size":"25"},"typography_font_family":"Roboto","typography_text_transform":"lowercase","typography_letter_spacing":{"unit":"px","size":"1.5"},"background_color":"#f04670","border_radius":{"unit":"px","top":"0","right":"0","bottom":"0","left":"0","isLinked":true},"text_padding":{"unit":"px","top":"15","right":"60","bottom":"15","left":"60","isLinked":false},"align_tablet":"right","typography_font_size_tablet":{"unit":"px","size":"20"},"hover_color":"#ffffff","button_background_hover_color":"rgba(0,0,0,0)","button_hover_border_color":"#ffffff","border_border":"solid","border_width":{"unit":"px","top":"4","right":"4","bottom":"4","left":"4","isLinked":true},"border_color":"#f04670","align_mobile":"justify"},"elements":[],"isInner":false,"widgetType":"button","elType":"widget"}],"isInner":false,"elType":"column"}],"isInner":false,"elType":"section"}]}