{"version":"0.4","title":"LandingPage-Financial-page","type":"page","content":[{"id":"3dc4adab","settings":{"gap":"no","custom_height":{"unit":"vh","size":66},"content_position":"bottom","structure":"20","background_background":"classic","background_image":{"id":769,"url":"http:\/\/localhost\/test\/wp-content\/uploads\/2018\/09\/56.png"},"background_position":"top center","background_size":"cover","padding":{"unit":"px","top":"100","right":"100","bottom":"0","left":"100","isLinked":false},"padding_tablet":{"unit":"px","top":"70","right":"30","bottom":"0","left":"30","isLinked":false},"padding_mobile":{"unit":"px","top":"20","right":"20","bottom":"100","left":"20","isLinked":false},"shape_divider_bottom":"opacity-tilt","shape_divider_bottom_width":{"unit":"%","size":100},"shape_divider_bottom_width_tablet":{"unit":"%","size":100},"shape_divider_bottom_width_mobile":{"unit":"%","size":100},"shape_divider_bottom_height":{"unit":"px","size":96},"shape_divider_bottom_height_tablet":{"unit":"px","size":84},"shape_divider_bottom_height_mobile":{"unit":"px","size":80},"shape_divider_bottom_flip":"yes","shape_divider_bottom_negative":"yes","shape_divider_bottom_above_content":"yes"},"elements":[{"id":"15237eea","settings":{"_column_size":50,"_inline_size":null,"background_background":"classic","background_color":"rgba(59,70,86,0.91)","content_position":"top","margin":{"unit":"px","top":"0","right":"150","bottom":"150","left":"0","isLinked":false},"margin_tablet":{"unit":"px","top":"0","right":"100","bottom":"100","left":"0","isLinked":false},"margin_mobile":{"unit":"px","top":"0","right":"0","bottom":"0","left":"0","isLinked":false},"padding":{"unit":"px","top":"0","right":"0","bottom":"0","left":"0","isLinked":false},"padding_tablet":{"unit":"px","top":"0","right":"0","bottom":"0","left":"0","isLinked":false}},"elements":[{"id":"1ee4e338","settings":{"gap":"no"},"elements":[{"id":"3b8da6d7","settings":{"_column_size":100,"_inline_size":null,"background_background":"classic","background_color":"#232428","margin":{"unit":"px","top":"0","right":"0","bottom":"0","left":"0","isLinked":false},"padding":{"unit":"px","top":"30","right":"30","bottom":"30","left":"30","isLinked":true}},"elements":[{"id":"1c1395b1","settings":{"title":"Your business can be much more \n","header_size":"h1","align":"center","title_color":"#ffffff","typography_typography":"custom","typography_font_size":{"unit":"px","size":"27"},"typography_font_size_tablet":{"unit":"px","size":"20"},"typography_font_size_mobile":{"unit":"px","size":"19"},"typography_font_family":"Roboto Condensed","_margin":{"unit":"px","top":"0","right":"0","bottom":"0","left":"0","isLinked":false}},"elements":[],"isInner":false,"widgetType":"heading","elType":"widget"},{"id":"5c34ab94","settings":{"title":"profitable!\n","header_size":"h1","align":"center","title_color":"#ffffff","typography_typography":"custom","typography_font_size":{"unit":"px","size":"69"},"typography_font_size_tablet":{"unit":"px","size":"50"},"typography_font_size_mobile":{"unit":"px","size":"48"},"typography_font_family":"Roboto Condensed","typography_text_transform":"uppercase","_margin":{"unit":"px","top":"-11","right":"0","bottom":"0","left":"0","isLinked":false}},"elements":[],"isInner":false,"widgetType":"heading","elType":"widget"}],"isInner":true,"elType":"column"}],"isInner":true,"elType":"section"},{"id":"3e67242b","settings":{"title":"Our tried & tested business model","header_size":"div","align":"center","title_color":"#ffffff","typography_typography":"custom","typography_font_size":{"unit":"px","size":"20"},"typography_font_size_tablet":{"unit":"px","size":"18"},"typography_font_size_mobile":{"unit":"px","size":"17"},"typography_font_family":"Roboto","typography_font_weight":"300","_margin":{"unit":"px","top":"0","right":"0","bottom":"0","left":"0","isLinked":false},"_padding":{"unit":"px","top":"30","right":"0","bottom":"10","left":"0","isLinked":false}},"elements":[],"isInner":false,"widgetType":"heading","elType":"widget"},{"id":"11ea3718","settings":{"form_name":"New Form","form_fields":[{"field_type":"text","field_label":"Name","placeholder":"Name","width":"100","_id":"52rjkma","required":"","field_options":"","inline_list":"","width_tablet":"","width_mobile":"","rows":4,"recaptcha_size":"normal","recaptcha_style":"light","css_classes":"","field_value":"","file_sizes":"","file_types":"","allow_multiple_upload":"","max_files":"","acceptance_text":"","checked_by_default":"","field_min":"","field_max":"","min_date":"","max_date":"","use_native_date":"","use_native_time":"","allow_multiple":"","select_size":"","field_html":""},{"field_type":"email","required":true,"field_label":"Email","placeholder":"Email","width":"100","_id":"uyfq0tw","field_options":"","inline_list":"","width_tablet":"","width_mobile":"","rows":4,"recaptcha_size":"normal","recaptcha_style":"light","css_classes":"","field_value":"","file_sizes":"","file_types":"","allow_multiple_upload":"","max_files":"","acceptance_text":"","checked_by_default":"","field_min":"","field_max":"","min_date":"","max_date":"","use_native_date":"","use_native_time":"","allow_multiple":"","select_size":"","field_html":""},{"field_type":"text","field_label":"Phone","placeholder":"Phone","width":"100","_id":"saua948","required":"","field_options":"","inline_list":"","width_tablet":"","width_mobile":"","rows":4,"recaptcha_size":"normal","recaptcha_style":"light","css_classes":"","field_value":"","file_sizes":"","file_types":"","allow_multiple_upload":"","max_files":"","acceptance_text":"","checked_by_default":"","field_min":"","field_max":"","min_date":"","max_date":"","use_native_date":"","use_native_time":"","allow_multiple":"","select_size":"","field_html":""}],"show_labels":"","button_text":"Get free consultant now! ","success_message":"The message was sent successfully!","error_message":"There's something wrong... Please fill in the required fields.","required_field_message":"Required","invalid_message":"There's something wrong... The form is invalid.","field_typography_typography":"custom","field_typography_font_family":"Roboto Condensed","field_border_width":{"unit":"px","top":"0","right":"0","bottom":"0","left":"0","isLinked":true},"field_border_radius":{"unit":"px","top":"0","right":"0","bottom":"0","left":"0","isLinked":true},"button_typography_typography":"custom","button_typography_font_size":{"unit":"px","size":"21"},"button_typography_font_size_tablet":{"unit":"px","size":"18"},"button_typography_text_transform":"none","button_typography_letter_spacing_mobile":{"unit":"px","size":"0.9"},"button_background_color":"#3e9fd5","button_border_radius":{"unit":"px","top":"0","right":"0","bottom":"0","left":"0","isLinked":true},"button_text_padding":{"unit":"px","top":"25","right":"25","bottom":"25","left":"25","isLinked":true},"button_hover_color":"#232428","button_background_hover_color":"#b9dbf7","_margin_tablet":{"unit":"px","top":"-16","right":"0","bottom":"0","left":"0","isLinked":false},"_padding":{"unit":"%","top":"0","right":"8","bottom":"0","left":"8","isLinked":false},"_padding_tablet":{"unit":"px","top":"0","right":"20","bottom":"30","left":"20","isLinked":false},"email_content":"[all-fields]","email_content_2":"[all-fields]"},"elements":[],"isInner":false,"widgetType":"form","elType":"widget"}],"isInner":false,"elType":"column"},{"id":"4f42a6b0","settings":{"_column_size":50,"_inline_size":null},"elements":[{"id":"2b690ef7","settings":{"image":{"id":768,"url":"http:\/\/localhost\/test\/wp-content\/uploads\/2018\/09\/3-6.png"},"_margin_mobile":{"unit":"px","top":"0","right":"0","bottom":"-19","left":"0","isLinked":false},"_padding_tablet":{"unit":"px","top":"0","right":"0","bottom":"0","left":"30","isLinked":false},"_padding_mobile":{"unit":"px","top":"50","right":"30","bottom":"0","left":"30","isLinked":false},"hide_mobile":"hidden-phone"},"elements":[],"isInner":false,"widgetType":"image","elType":"widget"}],"isInner":false,"elType":"column"}],"isInner":false,"elType":"section"},{"id":"34bb5ffb","settings":{"structure":"30","padding":{"unit":"px","top":"130","right":"0","bottom":"0","left":"0","isLinked":false},"padding_tablet":{"unit":"px","top":"80","right":"40","bottom":"50","left":"40","isLinked":false},"padding_mobile":{"unit":"px","top":"50","right":"50","bottom":"50","left":"50","isLinked":true},"shape_divider_top_color":"#8102ce","shape_divider_top_width":{"unit":"%","size":218},"shape_divider_top_height":{"unit":"px","size":351}},"elements":[{"id":"29cc92cb","settings":{"_column_size":33,"_inline_size":null,"margin":{"unit":"%","top":"0","right":"20","bottom":"0","left":"0","isLinked":false},"margin_tablet":{"unit":"px","top":"0","right":"10","bottom":"0","left":"0","isLinked":false},"margin_mobile":{"unit":"px","top":"0","right":"0","bottom":"0","left":"0","isLinked":true}},"elements":[{"id":"7ceed71a","settings":{"image":{"id":770,"url":"http:\/\/localhost\/test\/wp-content\/uploads\/2018\/09\/Group-33.png"},"title_text":"Award winning","description_text":"Lorem ipsum dolor sit amet, consecteadipisc elit.","image_space":{"unit":"px","size":"30"},"hover_animation":"shrink","title_bottom_space":{"unit":"px","size":"2"},"title_color":"#54595f","title_typography_typography":"custom","title_typography_font_size":{"unit":"px","size":"23"},"title_typography_font_size_tablet":{"unit":"px","size":"19"},"title_typography_font_size_mobile":{"unit":"px","size":"22"},"description_typography_typography":"custom","description_typography_font_size_tablet":{"unit":"px","size":"14"},"description_typography_font_size_mobile":{"unit":"px","size":"16"},"description_typography_font_weight":"400","description_typography_line_height":{"unit":"em","size":"1.6"}},"elements":[],"isInner":false,"widgetType":"image-box","elType":"widget"}],"isInner":false,"elType":"column"},{"id":"769be0d1","settings":{"_column_size":33,"_inline_size":null,"margin":{"unit":"%","top":"0","right":"10","bottom":"0","left":"10","isLinked":false},"margin_tablet":{"unit":"px","top":"0","right":"5","bottom":"0","left":"5","isLinked":false},"margin_mobile":{"unit":"px","top":"40","right":"0","bottom":"40","left":"0","isLinked":false}},"elements":[{"id":"1b348c9a","settings":{"image":{"id":771,"url":"http:\/\/localhost\/test\/wp-content\/uploads\/2018\/09\/Group-32.png"},"title_text":"Technology driven","description_text":"Pellentesque fermentum sapien, quis molestie nulla","image_space":{"unit":"px","size":"30"},"hover_animation":"shrink","title_bottom_space":{"unit":"px","size":"2"},"title_color":"#54595f","title_typography_typography":"custom","title_typography_font_size":{"unit":"px","size":"23"},"title_typography_font_size_tablet":{"unit":"px","size":"19"},"title_typography_font_size_mobile":{"unit":"px","size":"22"},"description_typography_typography":"custom","description_typography_font_size_tablet":{"unit":"px","size":"14"},"description_typography_font_size_mobile":{"unit":"px","size":"16"},"description_typography_font_weight":"400","description_typography_line_height":{"unit":"em","size":"1.6"}},"elements":[],"isInner":false,"widgetType":"image-box","elType":"widget"}],"isInner":false,"elType":"column"},{"id":"1a36a990","settings":{"_column_size":33,"_inline_size":null,"margin":{"unit":"%","top":"0","right":"0","bottom":"0","left":"20","isLinked":false},"margin_tablet":{"unit":"px","top":"0","right":"0","bottom":"0","left":"10","isLinked":false},"margin_mobile":{"unit":"px","top":"0","right":"0","bottom":"0","left":"0","isLinked":true},"screen_sm_width":"50"},"elements":[{"id":"54216f1d","settings":{"image":{"id":772,"url":"http:\/\/localhost\/test\/wp-content\/uploads\/2018\/09\/Group-30.png"},"title_text":"Big investment","description_text":"Nunc dapibus tincidunt mattis. Maurisous ut enim erat. ","image_space":{"unit":"px","size":"30"},"hover_animation":"shrink","title_bottom_space":{"unit":"px","size":"2"},"title_color":"#54595f","title_typography_typography":"custom","title_typography_font_size":{"unit":"px","size":"23"},"title_typography_font_size_tablet":{"unit":"px","size":"19"},"title_typography_font_size_mobile":{"unit":"px","size":"22"},"description_typography_typography":"custom","description_typography_font_size_tablet":{"unit":"px","size":"14"},"description_typography_font_size_mobile":{"unit":"px","size":"16"},"description_typography_font_weight":"400","description_typography_line_height":{"unit":"em","size":"1.6"}},"elements":[],"isInner":false,"widgetType":"image-box","elType":"widget"}],"isInner":false,"elType":"column"}],"isInner":false,"elType":"section"},{"id":"2944fb27","settings":{"structure":"30","background_background":"classic","padding":{"unit":"px","top":"50","right":"0","bottom":"200","left":"0","isLinked":false},"padding_tablet":{"unit":"px","top":"0","right":"40","bottom":"170","left":"40","isLinked":false},"padding_mobile":{"unit":"px","top":"0","right":"50","bottom":"120","left":"50","isLinked":false},"shape_divider_bottom":"opacity-tilt","shape_divider_bottom_color":"#eef0f1","shape_divider_bottom_width":{"unit":"%","size":100},"shape_divider_bottom_height":{"unit":"px","size":106},"shape_divider_bottom_height_mobile":{"unit":"px","size":78}},"elements":[{"id":"3467060e","settings":{"_column_size":33,"_inline_size":null,"margin":{"unit":"%","top":"0","right":"20","bottom":"0","left":"0","isLinked":false},"margin_tablet":{"unit":"px","top":"0","right":"10","bottom":"0","left":"0","isLinked":false},"margin_mobile":{"unit":"px","top":"0","right":"0","bottom":"0","left":"0","isLinked":true},"screen_sm_width":"50"},"elements":[{"id":"3daff53b","settings":{"image":{"id":773,"url":"http:\/\/localhost\/test\/wp-content\/uploads\/2018\/09\/Group-27.png"},"title_text":"Business strategy","description_text":"Lorem ipsum dolor sit amet, consecteadipisc elit.","image_space":{"unit":"px","size":"30"},"hover_animation":"shrink","title_bottom_space":{"unit":"px","size":"2"},"title_color":"#54595f","title_typography_typography":"custom","title_typography_font_size":{"unit":"px","size":"23"},"title_typography_font_size_tablet":{"unit":"px","size":"19"},"title_typography_font_size_mobile":{"unit":"px","size":"22"},"description_typography_typography":"custom","description_typography_font_size_tablet":{"unit":"px","size":"14"},"description_typography_font_size_mobile":{"unit":"px","size":"16"},"description_typography_font_weight":"400","description_typography_line_height":{"unit":"em","size":"1.6"}},"elements":[],"isInner":false,"widgetType":"image-box","elType":"widget"}],"isInner":false,"elType":"column"},{"id":"1dc1a2ac","settings":{"_column_size":33,"_inline_size":null,"margin":{"unit":"%","top":"0","right":"10","bottom":"0","left":"10","isLinked":false},"margin_tablet":{"unit":"px","top":"0","right":"5","bottom":"0","left":"5","isLinked":false},"margin_mobile":{"unit":"px","top":"40","right":"0","bottom":"40","left":"0","isLinked":false}},"elements":[{"id":"72831e3a","settings":{"image":{"id":774,"url":"http:\/\/localhost\/test\/wp-content\/uploads\/2018\/09\/Group-28.png"},"title_text":"Foreign exchange","description_text":"Pellentesque fermentum sapien, quis molestie nulla","image_space":{"unit":"px","size":"30"},"hover_animation":"shrink","title_bottom_space":{"unit":"px","size":"2"},"title_color":"#54595f","title_typography_typography":"custom","title_typography_font_size":{"unit":"px","size":"23"},"title_typography_font_size_tablet":{"unit":"px","size":"19"},"title_typography_font_size_mobile":{"unit":"px","size":"22"},"description_typography_typography":"custom","description_typography_font_size_tablet":{"unit":"px","size":"14"},"description_typography_font_size_mobile":{"unit":"px","size":"16"},"description_typography_font_weight":"400","description_typography_line_height":{"unit":"em","size":"1.6"}},"elements":[],"isInner":false,"widgetType":"image-box","elType":"widget"}],"isInner":false,"elType":"column"},{"id":"ca86539","settings":{"_column_size":33,"_inline_size":null,"margin":{"unit":"%","top":"0","right":"0","bottom":"0","left":"20","isLinked":false},"margin_tablet":{"unit":"px","top":"0","right":"0","bottom":"0","left":"10","isLinked":false},"margin_mobile":{"unit":"px","top":"0","right":"0","bottom":"0","left":"0","isLinked":true}},"elements":[{"id":"60031439","settings":{"image":{"id":775,"url":"http:\/\/localhost\/test\/wp-content\/uploads\/2018\/09\/Group-29.png"},"title_text":"Time management","description_text":"Nunc dapibus tincidunt mattis. Maurisous ut enim erat. ","image_space":{"unit":"px","size":"30"},"hover_animation":"shrink","title_bottom_space":{"unit":"px","size":"2"},"title_color":"#54595f","title_typography_typography":"custom","title_typography_font_size":{"unit":"px","size":"23"},"title_typography_font_size_tablet":{"unit":"px","size":"19"},"title_typography_font_size_mobile":{"unit":"px","size":"22"},"description_typography_typography":"custom","description_typography_font_size_tablet":{"unit":"px","size":"14"},"description_typography_font_size_mobile":{"unit":"px","size":"16"},"description_typography_font_weight":"400","description_typography_line_height":{"unit":"em","size":"1.6"}},"elements":[],"isInner":false,"widgetType":"image-box","elType":"widget"}],"isInner":false,"elType":"column"}],"isInner":false,"elType":"section"},{"id":"28c7e411","settings":{"background_background":"classic","background_color":"#eef0f1","padding":{"unit":"px","top":"70","right":"100","bottom":"130","left":"100","isLinked":false},"padding_tablet":{"unit":"px","top":"30","right":"30","bottom":"60","left":"30","isLinked":false},"padding_mobile":{"unit":"px","top":"30","right":"25","bottom":"25","left":"25","isLinked":false}},"elements":[{"id":"1912780b","settings":{"_column_size":100,"_inline_size":null},"elements":[{"id":"180fd65e","settings":{"title":"About the services we provide\n","align":"center","title_color":"#2b2b2b","typography_typography":"custom","typography_font_size":{"unit":"px","size":"33"},"typography_font_size_mobile":{"unit":"px","size":"33"},"typography_font_family":"Roboto Condensed","typography_text_transform":"capitalize","typography_line_height_mobile":{"unit":"em","size":"1.2"},"_margin":{"unit":"px","top":"0","right":"0","bottom":"0","left":"0","isLinked":false},"_padding":{"unit":"px","top":"0","right":"0","bottom":"50","left":"0","isLinked":false},"_padding_mobile":{"unit":"px","top":"0","right":"0","bottom":"30","left":"0","isLinked":false}},"elements":[],"isInner":false,"widgetType":"heading","elType":"widget"},{"id":"4bdd7799","settings":{"gap":"no","structure":"30","padding_mobile":{"unit":"px","top":"0","right":"0","bottom":"40","left":"0","isLinked":false}},"elements":[{"id":"1bee3c5","settings":{"_column_size":33,"_inline_size":null,"background_background":"classic","background_color":"#ffffff","border_width":{"unit":"px","top":"1","right":"1","bottom":"1","left":"1","isLinked":true},"border_color":"#b2b2b2","margin":{"unit":"%","top":"0","right":"8","bottom":"0","left":"0","isLinked":false},"margin_tablet":{"unit":"px","top":"0","right":"10","bottom":"0","left":"0","isLinked":false},"margin_mobile":{"unit":"px","top":"0","right":"0","bottom":"0","left":"0","isLinked":true},"padding":{"unit":"px","top":"0","right":"0","bottom":"10","left":"0","isLinked":false},"padding_tablet":{"unit":"px","top":"0","right":"0","bottom":"0","left":"0","isLinked":true}},"elements":[{"id":"2b01293f","settings":{"image":{"id":776,"url":"http:\/\/localhost\/test\/wp-content\/uploads\/2018\/09\/Y01VDYAX63.png"}},"elements":[],"isInner":false,"widgetType":"image","elType":"widget"},{"id":"38c7ddce","settings":{"title":"Business consultation","align":"center","title_color":"#54595f","typography_typography":"custom","typography_font_size_tablet":{"unit":"px","size":"19"},"typography_font_size_mobile":{"unit":"px","size":"22"},"_padding":{"unit":"px","top":"20","right":"0","bottom":"0","left":"0","isLinked":false},"_padding_tablet":{"unit":"px","top":"0","right":"0","bottom":"0","left":"0","isLinked":true},"_padding_mobile":{"unit":"px","top":"10","right":"0","bottom":"0","left":"0","isLinked":false}},"elements":[],"isInner":false,"widgetType":"heading","elType":"widget"},{"id":"27263744","settings":{"editor":"<p>Lorem ipsum dolor sit amet, consectetur adipiscing elit. Ut elit tellus, luctus nec ullamcorper mattis, pulvinar dapibus leo.<\/p>","align":"center","text_color":"rgba(0,0,0,0.47)","typography_typography":"custom","typography_font_size":{"unit":"px","size":"15"},"typography_font_size_tablet":{"unit":"px","size":"14"},"typography_font_size_mobile":{"unit":"px","size":"16"},"_padding":{"unit":"%","top":"0","right":"8","bottom":"0","left":"8","isLinked":false}},"elements":[],"isInner":false,"widgetType":"text-editor","elType":"widget"}],"isInner":true,"elType":"column"},{"id":"58f5732a","settings":{"_column_size":33,"_inline_size":null,"background_background":"classic","background_color":"#ffffff","border_width":{"unit":"px","top":"1","right":"1","bottom":"1","left":"1","isLinked":true},"border_color":"#b2b2b2","margin":{"unit":"%","top":"0","right":"4","bottom":"0","left":"4","isLinked":false},"margin_tablet":{"unit":"px","top":"0","right":"5","bottom":"0","left":"5","isLinked":false},"margin_mobile":{"unit":"px","top":"40","right":"0","bottom":"40","left":"0","isLinked":false},"padding":{"unit":"px","top":"0","right":"0","bottom":"10","left":"0","isLinked":false}},"elements":[{"id":"4b2b136e","settings":{"image":{"id":777,"url":"http:\/\/localhost\/test\/wp-content\/uploads\/2018\/09\/pexels-photo-45111.png"}},"elements":[],"isInner":false,"widgetType":"image","elType":"widget"},{"id":"2adbf46c","settings":{"title":"Credit audits","align":"center","title_color":"#54595f","typography_typography":"custom","typography_font_size_tablet":{"unit":"px","size":"19"},"typography_font_size_mobile":{"unit":"px","size":"22"},"_padding":{"unit":"px","top":"20","right":"0","bottom":"0","left":"0","isLinked":false},"_padding_tablet":{"unit":"px","top":"0","right":"0","bottom":"0","left":"0","isLinked":true},"_padding_mobile":{"unit":"px","top":"10","right":"0","bottom":"0","left":"0","isLinked":false}},"elements":[],"isInner":false,"widgetType":"heading","elType":"widget"},{"id":"348f8326","settings":{"editor":"<p>Lorem ipsum dolor sit amet, consectetur adipiscing elit. Ut elit tellus, luctus nec ullamcorper mattis, pulvinar dapibus leo.<\/p>","align":"center","text_color":"rgba(0,0,0,0.47)","typography_typography":"custom","typography_font_size":{"unit":"px","size":"15"},"typography_font_size_tablet":{"unit":"px","size":"14"},"typography_font_size_mobile":{"unit":"px","size":"16"},"_padding":{"unit":"%","top":"0","right":"8","bottom":"0","left":"8","isLinked":false}},"elements":[],"isInner":false,"widgetType":"text-editor","elType":"widget"}],"isInner":true,"elType":"column"},{"id":"46bbab3e","settings":{"_column_size":33,"_inline_size":null,"background_background":"classic","background_color":"#ffffff","border_width":{"unit":"px","top":"1","right":"1","bottom":"1","left":"1","isLinked":true},"border_color":"#b2b2b2","margin":{"unit":"%","top":"0","right":"0","bottom":"0","left":"8","isLinked":false},"margin_tablet":{"unit":"px","top":"0","right":"0","bottom":"0","left":"10","isLinked":false},"margin_mobile":{"unit":"px","top":"0","right":"0","bottom":"0","left":"0","isLinked":true},"padding":{"unit":"px","top":"0","right":"0","bottom":"10","left":"0","isLinked":false}},"elements":[{"id":"14c6d97c","settings":{"image":{"id":778,"url":"http:\/\/localhost\/test\/wp-content\/uploads\/2018\/09\/pexels-photo-265087.png"}},"elements":[],"isInner":false,"widgetType":"image","elType":"widget"},{"id":"172cf27c","settings":{"title":"Statistical analysis","align":"center","title_color":"#54595f","typography_typography":"custom","typography_font_size_tablet":{"unit":"px","size":"19"},"typography_font_size_mobile":{"unit":"px","size":"22"},"_padding":{"unit":"px","top":"20","right":"0","bottom":"0","left":"0","isLinked":false},"_padding_tablet":{"unit":"px","top":"0","right":"0","bottom":"0","left":"0","isLinked":true},"_padding_mobile":{"unit":"px","top":"10","right":"0","bottom":"0","left":"0","isLinked":false}},"elements":[],"isInner":false,"widgetType":"heading","elType":"widget"},{"id":"76acd2a8","settings":{"editor":"<p>Lorem ipsum dolor sit amet, consectetur adipiscing elit. Ut elit tellus, luctus nec ullamcorper mattis, pulvinar dapibus leo.<\/p>","align":"center","text_color":"rgba(0,0,0,0.47)","typography_typography":"custom","typography_font_size":{"unit":"px","size":"15"},"typography_font_size_tablet":{"unit":"px","size":"14"},"typography_font_size_mobile":{"unit":"px","size":"16"},"_padding":{"unit":"%","top":"0","right":"8","bottom":"0","left":"8","isLinked":false}},"elements":[],"isInner":false,"widgetType":"text-editor","elType":"widget"}],"isInner":true,"elType":"column"}],"isInner":true,"elType":"section"}],"isInner":false,"elType":"column"}],"isInner":false,"elType":"section"},{"id":"2a0193d6","settings":{"background_background":"classic","background_color":"#31435e","padding":{"unit":"px","top":"130","right":"100","bottom":"220","left":"100","isLinked":false},"padding_tablet":{"unit":"px","top":"60","right":"30","bottom":"130","left":"30","isLinked":false},"padding_mobile":{"unit":"px","top":"50","right":"25","bottom":"140","left":"25","isLinked":false},"shape_divider_bottom":"opacity-fan","shape_divider_bottom_color":"#eef0f1","shape_divider_bottom_width":{"unit":"%","size":100},"shape_divider_bottom_height":{"unit":"px","size":118}},"elements":[{"id":"3d6adbfe","settings":{"_column_size":100,"_inline_size":null},"elements":[{"id":"662bdb49","settings":{"title":"Our clients say\n","header_size":"h3","align":"center","title_color":"#ffffff","typography_typography":"custom","typography_font_size":{"unit":"px","size":"33"},"typography_font_size_mobile":{"unit":"px","size":"33"},"typography_font_family":"Roboto Condensed","typography_text_transform":"capitalize","typography_line_height_mobile":{"unit":"em","size":"1.3"},"_margin":{"unit":"px","top":"0","right":"0","bottom":"0","left":"0","isLinked":false}},"elements":[],"isInner":false,"widgetType":"heading","elType":"widget"},{"id":"6675dd29","settings":{"weight":{"unit":"px","size":"4"},"color":"#3e9fd5","width":{"unit":"%","size":"7"},"align":"center","_margin_mobile":{"unit":"px","top":"-10","right":"0","bottom":"-10","left":"0","isLinked":false}},"elements":[],"isInner":false,"widgetType":"divider","elType":"widget"},{"id":"7034298e","settings":{"editor":"<p>We have over ten years of experience with top business professionals<\/p>","align":"center","text_color":"#e5e5e5","typography_typography":"custom","typography_font_size":{"unit":"px","size":"18"},"typography_font_size_tablet":{"unit":"px","size":"16"},"typography_font_weight":"300","typography_line_height":{"unit":"em","size":"1.6"},"_padding":{"unit":"%","top":"0","right":"25","bottom":"0","left":"25","isLinked":false},"_padding_tablet":{"unit":"px","top":"0","right":"100","bottom":"0","left":"100","isLinked":false},"_padding_mobile":{"unit":"px","top":"0","right":"0","bottom":"0","left":"0","isLinked":true}},"elements":[],"isInner":false,"widgetType":"text-editor","elType":"widget"},{"id":"28ea4246","settings":{"structure":"20","margin":{"unit":"%","top":"","right":0,"bottom":"","left":0,"isLinked":true},"padding":{"unit":"px","top":"50","right":"0","bottom":"0","left":"0","isLinked":false},"padding_mobile":{"unit":"px","top":"20","right":"0","bottom":"0","left":"0","isLinked":false}},"elements":[{"id":"674a97d5","settings":{"_column_size":50,"_inline_size":null,"background_background":"classic","background_color":"#ffffff","margin":{"unit":"%","top":"0","right":"5","bottom":"0","left":"0","isLinked":false},"margin_tablet":{"unit":"px","top":"0","right":"8","bottom":"0","left":"0","isLinked":false},"margin_mobile":{"unit":"px","top":"0","right":"0","bottom":"0","left":"0","isLinked":true},"padding":{"unit":"px","top":"50","right":"50","bottom":"50","left":"50","isLinked":true},"padding_tablet":{"unit":"px","top":"40","right":"20","bottom":"40","left":"20","isLinked":false}},"elements":[{"id":"312143b9","settings":{"image":{"id":779,"url":"http:\/\/localhost\/test\/wp-content\/uploads\/2018\/09\/https-visualhunt.com-photo-116065-.png"},"title_text":"Kevin Bray","description_text":"Matrixo CEO & Founder","position":"left","image_space":{"unit":"px","size":25},"image_size":{"unit":"%","size":"20"},"title_bottom_space":{"unit":"px","size":0},"title_color":"#31435e","title_typography_typography":"custom","title_typography_font_size":{"unit":"px","size":"23"},"title_typography_font_size_tablet":{"unit":"px","size":"20"},"title_typography_line_height":{"unit":"em","size":1.6},"description_color":"#3e9fd5","description_typography_typography":"custom","description_typography_font_size_tablet":{"unit":"px","size":"16"},"description_typography_font_style":"italic"},"elements":[],"isInner":false,"widgetType":"image-box","elType":"widget"},{"id":"4a140a0a","settings":{"icon":"fa fa-quote-left","title_text":"","description_text":"My day to day work requires me to be on top of business affairs worldwide. This is where the offices of Shuster & Shuster help me out.","position":"left","primary_color":"#3e9fd5","icon_space":{"unit":"px","size":35},"icon_size":{"unit":"px","size":41},"description_typography_typography":"custom","description_typography_font_size_tablet":{"unit":"px","size":"14"},"description_typography_font_size_mobile":{"unit":"px","size":"16"},"_margin_mobile":{"unit":"px","top":"0","right":"0","bottom":"0","left":"0","isLinked":true},"_padding":{"unit":"px","top":"10","right":"0","bottom":"0","left":"15","isLinked":false},"_padding_mobile":{"unit":"px","top":"0","right":"0","bottom":"0","left":"0","isLinked":true}},"elements":[],"isInner":false,"widgetType":"icon-box","elType":"widget"}],"isInner":true,"elType":"column"},{"id":"23851ae6","settings":{"_column_size":50,"_inline_size":null,"background_background":"classic","background_color":"#ffffff","margin":{"unit":"%","top":"0","right":"0","bottom":"0","left":"6","isLinked":false},"margin_tablet":{"unit":"px","top":"0","right":"0","bottom":"0","left":"8","isLinked":false},"margin_mobile":{"unit":"px","top":"40","right":"0","bottom":"0","left":"0","isLinked":false},"padding":{"unit":"px","top":"50","right":"50","bottom":"50","left":"50","isLinked":true},"padding_tablet":{"unit":"px","top":"40","right":"20","bottom":"40","left":"20","isLinked":false}},"elements":[{"id":"5b546ebb","settings":{"image":{"id":780,"url":"http:\/\/localhost\/test\/wp-content\/uploads\/2018\/09\/https-www.pexels.com-photo-black-and-white-woman-dark-hair-60682-.png"},"title_text":"Melina Matsoukas","description_text":"DOBL Customer Manager","position":"left","image_space":{"unit":"px","size":25},"image_size":{"unit":"%","size":"20"},"title_bottom_space":{"unit":"px","size":0},"title_color":"#31435e","title_typography_typography":"custom","title_typography_font_size":{"unit":"px","size":"23"},"title_typography_font_size_tablet":{"unit":"px","size":"20"},"title_typography_line_height":{"unit":"em","size":1.6},"description_color":"#3e9fd5","description_typography_typography":"custom","description_typography_font_size_tablet":{"unit":"px","size":"16"},"description_typography_font_style":"italic"},"elements":[],"isInner":false,"widgetType":"image-box","elType":"widget"},{"id":"1d5ab28a","settings":{"icon":"fa fa-quote-left","title_text":"","description_text":"As a representative of the law offices of Simon Brinks, I get all my professional advice from Mr Shuster himself. What an inspiration!","position":"left","primary_color":"#3e9fd5","icon_space":{"unit":"px","size":35},"icon_size":{"unit":"px","size":41},"description_typography_typography":"custom","description_typography_font_size_tablet":{"unit":"px","size":"14"},"description_typography_font_size_mobile":{"unit":"px","size":"16"},"_margin_mobile":{"unit":"px","top":"0","right":"0","bottom":"0","left":"0","isLinked":true},"_padding":{"unit":"px","top":"10","right":"0","bottom":"0","left":"15","isLinked":false},"_padding_mobile":{"unit":"px","top":"0","right":"0","bottom":"0","left":"0","isLinked":true}},"elements":[],"isInner":false,"widgetType":"icon-box","elType":"widget"}],"isInner":true,"elType":"column"}],"isInner":true,"elType":"section"}],"isInner":false,"elType":"column"}],"isInner":false,"elType":"section"},{"id":"6bd1f4e1","settings":{"gap":"no","background_background":"classic","background_color":"#eef0f1","padding":{"unit":"px","top":"70","right":"100","bottom":"50","left":"100","isLinked":false}},"elements":[{"id":"665d30fc","settings":{"_column_size":100,"_inline_size":null},"elements":[{"id":"3b6d9348","settings":{"carousel":[{"id":781,"url":"http:\/\/localhost\/test\/wp-content\/uploads\/2018\/09\/ecocide-copy.png"},{"id":782,"url":"http:\/\/localhost\/test\/wp-content\/uploads\/2018\/09\/zusman-copy.png"},{"id":783,"url":"http:\/\/localhost\/test\/wp-content\/uploads\/2018\/09\/madrin-copy.png"},{"id":784,"url":"http:\/\/localhost\/test\/wp-content\/uploads\/2018\/09\/larozse-copy.png"},{"id":785,"url":"http:\/\/localhost\/test\/wp-content\/uploads\/2018\/09\/digit-copy.png"}],"navigation":"dots"},"elements":[],"isInner":false,"widgetType":"image-carousel","elType":"widget"}],"isInner":false,"elType":"column"}],"isInner":false,"elType":"section"}]}