{"version":"0.4","title":"LandingPage-Coupon2-page","type":"page","content":[{"id":"ddfab0c","settings":{"gap":"no","height":"min-height","column_position":"top","background_background":"classic","background_image":{"id":990,"url":"http:\/\/localhost\/test\/wp-content\/uploads\/2018\/09\/https-images.unsplash.com-photo-1477144281006-a10123007fba-ixlibrb-0.3.5q80fmjpgcropentropycstinysrgbsca44bc6b6ba10c08ba5a51ff4e24f545.png"},"background_position":"top center","background_size":"cover","padding_mobile":{"unit":"px","top":"0","right":"0","bottom":"0","left":"0","isLinked":false},"custom_height":{"unit":"vh","size":100}},"elements":[{"id":"93b836c","settings":{"_column_size":100,"_inline_size":null,"background_background":"classic","background_color":"#ffffff","border_border":"solid","border_width":{"unit":"px","top":"10","right":"0","bottom":"0","left":"0","isLinked":false},"border_color":"#75053b","margin":{"unit":"%","top":"0","right":"55","bottom":"0","left":"7","isLinked":false},"padding":{"unit":"px","top":"40","right":"40","bottom":"40","left":"40","isLinked":true},"margin_tablet":{"unit":"%","top":"0","right":"35","bottom":"0","left":"7","isLinked":false},"margin_mobile":{"unit":"px","top":"0","right":"20","bottom":"0","left":"20","isLinked":false},"padding_mobile":{"unit":"px","top":"25","right":"25","bottom":"25","left":"25","isLinked":true}},"elements":[{"id":"117e5edf","settings":{"image":{"id":989,"url":"http:\/\/localhost\/test\/wp-content\/uploads\/2018\/09\/Group-11-1-1.png"},"space":{"unit":"%","size":"38"},"_padding":{"unit":"px","top":"10","right":"0","bottom":"20","left":"0","isLinked":false},"_margin_mobile":{"unit":"px","top":"0","right":"20","bottom":"0","left":"20","isLinked":false}},"elements":[],"isInner":false,"widgetType":"image","elType":"widget"},{"id":"76c1175f","settings":{"title":"Spring Sale is On!","align":"center","title_color":"#000000","typography_typography":"custom","typography_font_size":{"unit":"px","size":"37"},"typography_font_family":"Poppins","typography_font_weight":"300","header_size":"h1","typography_font_size_mobile":{"unit":"px","size":"28"}},"elements":[],"isInner":false,"widgetType":"heading","elType":"widget"},{"id":"79f21a47","settings":{"title":"Check out the latest collection by top Japanese designer Imoji Haan","align":"center","title_color":"#000000","typography_typography":"custom","typography_font_size":{"unit":"px","size":"17"},"typography_font_family":"Poppins","typography_font_weight":"100","typography_line_height":{"unit":"em","size":"1.6"},"_padding":{"unit":"px","top":"0","right":"0","bottom":"20","left":"0","isLinked":false},"typography_font_size_mobile":{"unit":"px","size":"15"},"_padding_mobile":{"unit":"px","top":"0","right":"0","bottom":"16","left":"0","isLinked":false}},"elements":[],"isInner":false,"widgetType":"heading","elType":"widget"},{"id":"224e6c79","settings":{"title":"Special sale expires in:","align":"center","title_color":"#75053b","typography_typography":"custom","typography_font_size":{"unit":"px","size":"21"},"typography_font_family":"Poppins","typography_font_weight":"900","typography_line_height":{"unit":"em","size":"1.6"},"typography_font_size_mobile":{"unit":"px","size":"18"},"header_size":"h3","_margin_mobile":{"unit":"px","top":"0","right":"0","bottom":"0","left":"0","isLinked":false}},"elements":[],"isInner":false,"widgetType":"heading","elType":"widget"},{"id":"498efea8","settings":{"label_days":"Days","label_hours":"Hours","label_minutes":"Min","label_seconds":"Sec","box_background_color":"rgba(0,0,0,0.74)","box_border_radius":{"unit":"px","top":"0","right":"0","bottom":"0","left":"0","isLinked":true},"box_spacing":{"unit":"px","size":"7"},"digits_typography_typography":"custom","digits_typography_font_size":{"unit":"px","size":"30"},"digits_typography_font_weight":"600","digits_typography_line_height":{"unit":"em","size":"1.1"},"label_typography_typography":"custom","label_typography_font_size":{"unit":"px","size":"12"},"label_typography_font_weight":"100","_padding":{"unit":"px","top":"5","right":"0","bottom":"30","left":"0","isLinked":false},"box_spacing_mobile":{"unit":"px","size":"7"},"box_padding_mobile":{"unit":"px","top":"15","right":"0","bottom":"15","left":"0","isLinked":false},"digits_typography_font_size_mobile":{"unit":"px","size":"25"},"_margin_mobile":{"unit":"px","top":"-12","right":"0","bottom":"0","left":"0","isLinked":false},"_padding_mobile":{"unit":"px","top":"0","right":"0","bottom":"20","left":"0","isLinked":false}},"elements":[],"isInner":false,"widgetType":"countdown","elType":"widget"},{"id":"5df948d8","settings":{"form_name":"New Form","form_fields":[{"field_type":"email","required":true,"field_label":"Email","placeholder":"Email","width":"100","_id":"nv3noto","field_options":"","inline_list":"","width_tablet":"","width_mobile":"","rows":4,"recaptcha_size":"normal","recaptcha_style":"light","css_classes":"","form_fields_tabs":"","form_fields_content_tab":"","form_fields_advanced_tab":"","shortcode":"","field_value":"","file_sizes":"","file_types":"","allow_multiple_upload":"","max_files":"","acceptance_text":"","checked_by_default":"","field_min":"","field_max":"","min_date":"","max_date":"","use_native_date":"","use_native_time":"","allow_multiple":"","select_size":"","field_html":""}],"show_labels":"","button_text":"Get coupon code!","success_message":"The message was sent successfully!","error_message":"There's something wrong... Please fill in the required fields.","required_field_message":"Required","invalid_message":"There's something wrong... The form is invalid.","field_text_color":"#444444","field_typography_typography":"custom","field_typography_font_size":{"unit":"px","size":"16"},"field_typography_line_height":{"unit":"em","size":"2.7"},"field_background_color":"#f2f2f2","field_border_width":{"unit":"px","top":"0","right":"0","bottom":"0","left":"0","isLinked":true},"field_border_radius":{"unit":"px","top":"0","right":"0","bottom":"0","left":"0","isLinked":true},"button_typography_typography":"custom","button_typography_font_size":{"unit":"px","size":"21"},"button_typography_font_weight":"500","button_typography_letter_spacing":{"unit":"px","size":"1.5"},"button_background_color":"#75053b","button_border_radius":{"unit":"px","top":"0","right":"0","bottom":"0","left":"0","isLinked":true},"button_text_padding":{"unit":"px","top":"18","right":"18","bottom":"18","left":"18","isLinked":true},"submit_actions":[],"button_border_border":"solid","button_border_width":{"unit":"px","top":"3","right":"3","bottom":"3","left":"3","isLinked":true},"button_hover_color":"#75053b","button_background_hover_color":"rgba(67,0,145,0)","button_hover_border_color":"#75053b","_padding_mobile":{"unit":"px","top":"0","right":"0","bottom":"10","left":"0","isLinked":false},"email_content":"[all-fields]","email_content_2":"[all-fields]"},"elements":[],"isInner":false,"widgetType":"form","elType":"widget"}],"isInner":false,"elType":"column"}],"isInner":false,"elType":"section"}]}