{"version":"0.4","title":"LandingPage-Law-Office-page","type":"page","content":[{"id":"468d8abd","settings":{"layout":"full_width","gap":"no","height":"min-height","custom_height":{"unit":"vh","size":"50"},"column_position":"stretch","content_position":"middle","structure":"20","padding_mobile":{"unit":"px","top":"0","right":"0","bottom":"0","left":"0","isLinked":true},"padding":{"unit":"px","top":"0","right":"0","bottom":"0","left":"0","isLinked":false}},"elements":[{"id":"5cba1648","settings":{"_column_size":50,"_inline_size":"63.246","background_background":"classic","background_image":{"id":750,"url":"http:\/\/localhost\/test\/wp-content\/uploads\/2018\/09\/todd-quackenbush-700-copy.png"},"background_size":"cover","background_overlay_background":"classic","background_overlay_color":"#00164f","background_overlay_opacity":{"unit":"px","size":"0.2"},"margin_mobile":{"unit":"px","top":"0","right":"0","bottom":"0","left":"0","isLinked":true},"padding":{"unit":"%","top":"0","right":"35","bottom":"0","left":"15","isLinked":false},"padding_tablet":{"unit":"px","top":"0","right":"200","bottom":"0","left":"40","isLinked":false},"padding_mobile":{"unit":"px","top":"50","right":"30","bottom":"300","left":"30","isLinked":false}},"elements":[{"id":"689d6d61","settings":{"title":"Need litigation? ","header_size":"h1","align_mobile":"left","title_color":"#ffffff","typography_typography":"custom","typography_font_size":{"unit":"px","size":"50"},"typography_font_size_tablet":{"unit":"px","size":"50"},"typography_font_size_mobile":{"unit":"px","size":"33"},"typography_font_weight":"900","typography_text_transform":"uppercase","typography_line_height_tablet":{"unit":"em","size":"1.1"},"typography_letter_spacing":{"unit":"px","size":"0.8"}},"elements":[],"isInner":false,"widgetType":"heading","elType":"widget"},{"id":"7b476e85","settings":{"weight":{"unit":"px","size":"2"},"color":"#ffffff","width":{"unit":"%","size":"85"},"gap":{"unit":"px","size":"10"},"_margin_tablet":{"unit":"px","top":"-10","right":"0","bottom":"-10","left":"0","isLinked":false},"align_mobile":"center"},"elements":[],"isInner":false,"widgetType":"divider","elType":"widget"},{"id":"5e17772a","settings":{"editor":"<p>Jake Russel\u2019s attorneys represent employee claims lawsuits against discrimination, sexual harassment, or other violations of labor law.<\/p>","align_mobile":"center","text_color":"#e0e6ec","typography_typography":"custom","typography_font_size":{"unit":"px","size":"20"},"typography_font_size_tablet":{"unit":"px","size":"16"},"typography_font_size_mobile":{"unit":"px","size":"18"},"typography_font_family":"Playfair Display","typography_font_weight":"600","typography_line_height":{"unit":"em","size":"1.6"},"typography_line_height_mobile":{"unit":"em","size":"1.3"},"typography_letter_spacing":{"unit":"px","size":"0.2"},"_padding":{"unit":"px","top":"0","right":"0","bottom":"170","left":"0","isLinked":false},"_padding_tablet":{"unit":"px","top":"0","right":"0","bottom":"60","left":"0","isLinked":false},"_padding_mobile":{"unit":"px","top":"0","right":"0","bottom":"0","left":"0","isLinked":false}},"elements":[],"isInner":false,"widgetType":"text-editor","elType":"widget"}],"isInner":false,"elType":"column"},{"id":"41bf18d8","settings":{"_column_size":50,"_inline_size":"36.754","background_background":"classic","background_color":"#c2cbd2","padding":{"unit":"px","top":"80","right":"50","bottom":"80","left":"50","isLinked":false},"padding_tablet":{"unit":"px","top":"25","right":"25","bottom":"25","left":"25","isLinked":true},"margin_mobile":{"unit":"px","top":"-260","right":"0","bottom":"0","left":"0","isLinked":false}},"elements":[{"id":"60596fa9","settings":{"title":"Let us use are 30 years experience  to help your legal claim","align":"left","align_tablet":"left","title_color":"#00499f","typography_typography":"custom","typography_font_size":{"unit":"px","size":"34"},"typography_font_size_tablet":{"unit":"px","size":"17"},"typography_font_size_mobile":{"unit":"px","size":"25"},"typography_font_family":"Playfair Display","typography_font_weight":"600","typography_line_height":{"unit":"em","size":"1.2"},"typography_line_height_tablet":{"unit":"em","size":1.2},"typography_letter_spacing":{"unit":"px","size":"0.2"},"align_mobile":"center"},"elements":[],"isInner":false,"widgetType":"heading","elType":"widget"},{"id":"14865f22","settings":{"editor":"<p>Please fill out the form and\u00a0we will get back to you shortly.<\/p>","align":"left","align_tablet":"left","text_color":"#54595f","typography_typography":"custom","typography_font_size":{"unit":"px","size":"20"},"typography_font_size_tablet":{"unit":"px","size":"10"},"typography_font_size_mobile":{"unit":"px","size":"14"},"typography_line_height_tablet":{"unit":"em","size":"1.4"},"_margin":{"unit":"px","top":"0","right":"0","bottom":"0","left":"0","isLinked":false},"align_mobile":"center","hide_mobile":"hidden-phone"},"elements":[],"isInner":false,"widgetType":"text-editor","elType":"widget"},{"id":"e11918d","settings":{"form_name":"New Form","form_fields":[{"field_type":"text","field_label":"Name","placeholder":"Name","width":"100","_id":"iyiwvoo","required":"","field_options":"","inline_list":"","width_tablet":"","width_mobile":"","rows":4,"recaptcha_size":"normal","recaptcha_style":"light","css_classes":"","field_value":"","file_sizes":"","file_types":"","allow_multiple_upload":"","max_files":"","acceptance_text":"","checked_by_default":"","field_min":"","field_max":"","min_date":"","max_date":"","use_native_date":"","use_native_time":"","allow_multiple":"","select_size":"","field_html":""},{"field_type":"email","required":true,"field_label":"Email","placeholder":"Email","width":"100","_id":"on95tdy","field_options":"","inline_list":"","width_tablet":"","width_mobile":"","rows":4,"recaptcha_size":"normal","recaptcha_style":"light","css_classes":"","field_value":"","file_sizes":"","file_types":"","allow_multiple_upload":"","max_files":"","acceptance_text":"","checked_by_default":"","field_min":"","field_max":"","min_date":"","max_date":"","use_native_date":"","use_native_time":"","allow_multiple":"","select_size":"","field_html":""},{"field_type":"textarea","field_label":"Message","placeholder":"Message","width":"100","_id":"l3ia2sa","required":"","field_options":"","inline_list":"","width_tablet":"","width_mobile":"","rows":4,"recaptcha_size":"normal","recaptcha_style":"light","css_classes":"","field_value":"","file_sizes":"","file_types":"","allow_multiple_upload":"","max_files":"","acceptance_text":"","checked_by_default":"","field_min":"","field_max":"","min_date":"","max_date":"","use_native_date":"","use_native_time":"","allow_multiple":"","select_size":"","field_html":""}],"show_labels":"","button_text":"Send message","success_message":"The message was sent successfully!","error_message":"There's something wrong... Please fill in the required fields.","required_field_message":"Required","invalid_message":"There's something wrong... The form is invalid.","column_gap":{"unit":"px","size":"10"},"row_gap":{"unit":"px","size":"16"},"field_text_color":"#54595f","field_typography_typography":"custom","field_typography_font_size_tablet":{"unit":"px","size":"13"},"field_typography_line_height":{"unit":"em","size":1.5},"field_border_width":{"unit":"px","top":"0","right":"0","bottom":"0","left":"0","isLinked":true},"field_border_radius":{"unit":"px","top":"0","right":"0","bottom":"0","left":"0","isLinked":true},"button_typography_typography":"custom","button_typography_font_size":{"unit":"px","size":"18"},"button_typography_font_size_tablet":{"unit":"px","size":"14"},"button_typography_letter_spacing":{"unit":"px","size":"2.5"},"button_background_color":"#00499f","button_border_radius":{"unit":"px","top":"0","right":"0","bottom":"0","left":"0","isLinked":true},"button_text_padding":{"unit":"px","top":"20","right":"20","bottom":"20","left":"20","isLinked":true},"email_content":"[all-fields]","email_content_2":"[all-fields]"},"elements":[],"isInner":false,"widgetType":"form","elType":"widget"}],"isInner":false,"elType":"column"}],"isInner":false,"elType":"section"},{"id":"4c94a294","settings":{"structure":"30","padding":{"unit":"px","top":"100","right":"100","bottom":"100","left":"100","isLinked":true},"padding_tablet":{"unit":"px","top":"50","right":"30","bottom":"50","left":"30","isLinked":false},"padding_mobile":{"unit":"px","top":"60","right":"20","bottom":"60","left":"20","isLinked":false}},"elements":[{"id":"18812819","settings":{"_column_size":33,"_inline_size":null,"margin":{"unit":"%","top":"0","right":"30","bottom":"0","left":"0","isLinked":false},"margin_tablet":{"unit":"px","top":"0","right":"18","bottom":"0","left":"0","isLinked":false},"margin_mobile":{"unit":"px","top":"0","right":"0","bottom":"0","left":"0","isLinked":true}},"elements":[{"id":"7109ba2f","settings":{"image":{"id":751,"url":"http:\/\/localhost\/test\/wp-content\/uploads\/2018\/09\/Group-30-2.png"},"title_text":"Tackling complex cases & seeing them through","description_text":"Lorem ipsum dolor sit amet, consectetur adipiscing elit. Ut elit tellus, luctus nec ullamcorper mattis.","image_space":{"unit":"px","size":"25"},"image_size":{"unit":"%","size":"25"},"text_align":"left","text_align_mobile":"center","title_bottom_space":{"unit":"px","size":16},"title_bottom_space_tablet":{"unit":"px","size":"11"},"title_color":"#54595f","title_typography_typography":"custom","title_typography_font_size":{"unit":"px","size":"20"},"title_typography_font_size_tablet":{"unit":"px","size":"17"},"title_typography_font_size_mobile":{"unit":"px","size":"20"},"title_typography_font_family":"Playfair Display","title_typography_line_height":{"unit":"em","size":"1.2"},"title_typography_line_height_tablet":{"unit":"em","size":"1.2"},"title_typography_line_height_mobile":{"unit":"em","size":"1.3"},"description_typography_typography":"custom","description_typography_font_size":{"unit":"px","size":"15"},"description_typography_font_size_tablet":{"unit":"px","size":"14"},"description_typography_font_size_mobile":{"unit":"px","size":"15"},"description_typography_font_weight":"300","description_typography_line_height":{"unit":"em","size":"1.6"}},"elements":[],"isInner":false,"widgetType":"image-box","elType":"widget"}],"isInner":false,"elType":"column"},{"id":"26bca35","settings":{"_column_size":33,"_inline_size":null,"margin":{"unit":"%","top":"0","right":"15","bottom":"0","left":"15","isLinked":false},"margin_tablet":{"unit":"px","top":"0","right":"9","bottom":"0","left":"9","isLinked":false},"margin_mobile":{"unit":"px","top":"50","right":"0","bottom":"50","left":"0","isLinked":false}},"elements":[{"id":"4e46bf77","settings":{"image":{"id":752,"url":"http:\/\/localhost\/test\/wp-content\/uploads\/2018\/09\/Group-34.png"},"title_text":"Commitment to help with difficult cases","description_text":"Lorem ipsum dolor sit amet, consectetur adipiscing elit. Ut elit tellus, luctus nec ullamcorper mattis.","image_space":{"unit":"px","size":"25"},"image_size":{"unit":"%","size":"25"},"text_align":"left","title_bottom_space":{"unit":"px","size":16},"title_bottom_space_tablet":{"unit":"px","size":"11"},"title_color":"#54595f","title_typography_typography":"custom","title_typography_font_size":{"unit":"px","size":"20"},"title_typography_font_size_tablet":{"unit":"px","size":"17"},"title_typography_font_size_mobile":{"unit":"px","size":"20"},"title_typography_font_family":"Playfair Display","title_typography_line_height":{"unit":"em","size":"1.2"},"title_typography_line_height_mobile":{"unit":"em","size":"1.3"},"description_typography_typography":"custom","description_typography_font_size":{"unit":"px","size":"15"},"description_typography_font_size_tablet":{"unit":"px","size":"14"},"description_typography_font_size_mobile":{"unit":"px","size":"15"},"description_typography_font_weight":"300","description_typography_line_height":{"unit":"em","size":"1.6"},"text_align_mobile":"center"},"elements":[],"isInner":false,"widgetType":"image-box","elType":"widget"}],"isInner":false,"elType":"column"},{"id":"4669681f","settings":{"_column_size":33,"_inline_size":null,"margin":{"unit":"%","top":"0","right":"0","bottom":"0","left":"30","isLinked":false},"margin_tablet":{"unit":"px","top":"0","right":"0","bottom":"0","left":"18","isLinked":false},"margin_mobile":{"unit":"px","top":"0","right":"0","bottom":"0","left":"0","isLinked":true}},"elements":[{"id":"221c9adb","settings":{"image":{"id":753,"url":"http:\/\/localhost\/test\/wp-content\/uploads\/2018\/09\/Group-35-1.png"},"title_text":"Elite team of experienced labor law attorneys","description_text":"Lorem ipsum dolor sit amet, consectetur adipiscing elit. Ut elit tellus, luctus nec ullamcorper mattis.","image_space":{"unit":"px","size":"25"},"image_size":{"unit":"%","size":"25"},"text_align":"left","title_bottom_space":{"unit":"px","size":16},"title_bottom_space_tablet":{"unit":"px","size":"11"},"title_color":"#54595f","title_typography_typography":"custom","title_typography_font_size":{"unit":"px","size":"20"},"title_typography_font_size_tablet":{"unit":"px","size":"17"},"title_typography_font_size_mobile":{"unit":"px","size":"20"},"title_typography_font_family":"Playfair Display","title_typography_line_height":{"unit":"em","size":"1.2"},"title_typography_line_height_mobile":{"unit":"em","size":"1.3"},"description_typography_typography":"custom","description_typography_font_size":{"unit":"px","size":"15"},"description_typography_font_size_tablet":{"unit":"px","size":"14"},"description_typography_font_size_mobile":{"unit":"px","size":"15"},"description_typography_font_weight":"300","description_typography_line_height":{"unit":"em","size":"1.6"},"_padding_mobile":{"unit":"px","top":"0","right":"0","bottom":"0","left":"0","isLinked":false},"text_align_mobile":"center"},"elements":[],"isInner":false,"widgetType":"image-box","elType":"widget"}],"isInner":false,"elType":"column"}],"isInner":false,"elType":"section"},{"id":"54d301fe","settings":{"layout":"full_width","gap":"no","structure":"20","height":"min-height","custom_height":{"unit":"px","size":"615"},"column_position":"stretch","content_position":"middle"},"elements":[{"id":"65701884","settings":{"_column_size":50,"_inline_size":null,"background_background":"classic","background_image":{"id":754,"url":"http:\/\/localhost\/test\/wp-content\/uploads\/2018\/09\/556-1.png"},"background_size":"cover","padding_mobile":{"unit":"px","top":"150","right":"0","bottom":"150","left":"0","isLinked":false}},"elements":[{"id":"76ae24b2","settings":[],"elements":[],"isInner":false,"widgetType":"spacer","elType":"widget"}],"isInner":false,"elType":"column"},{"id":"47f0708d","settings":{"_column_size":50,"_inline_size":null,"background_background":"classic","background_color":"#eff1f3","padding":{"unit":"%","top":"0","right":"15","bottom":"0","left":"10","isLinked":false},"padding_tablet":{"unit":"px","top":"0","right":"25","bottom":"0","left":"35","isLinked":false},"padding_mobile":{"unit":"px","top":"60","right":"30","bottom":"60","left":"30","isLinked":false}},"elements":[{"id":"44d899c3","settings":{"title":"Counseling, mediation, & legal representation","header_size":"h4","align":"left","title_color":"#54595f","typography_typography":"custom","typography_font_size":{"unit":"px","size":"25"},"typography_font_size_tablet":{"unit":"px","size":"27"},"typography_font_family":"Playfair Display","typography_font_weight":"600","typography_line_height":{"unit":"em","size":"1.2"},"typography_letter_spacing":{"unit":"px","size":"0.2"},"align_mobile":"center","typography_font_size_mobile":{"unit":"px","size":"25"}},"elements":[],"isInner":false,"widgetType":"heading","elType":"widget"},{"id":"465b906b","settings":{"weight":{"unit":"px","size":"5"},"color":"#bad4e4","width":{"unit":"%","size":"13"},"_margin_tablet":{"unit":"px","top":"-10","right":"0","bottom":"-10","left":"0","isLinked":false},"align_mobile":"center"},"elements":[],"isInner":false,"widgetType":"divider","elType":"widget"},{"id":"4d096e24","settings":{"editor":"<p>Our clients range from FTSE 300 companies, to large charitable organisations and some small local businesses who are striving to expand. Most of our clients use our Data Analysis service to inform their strategic decision making and their targets for the immediate, mid-term and long-term future.<\/p><p>The data sources that we use for this type of analysis include customer enquiry data, sales figures, costs, market data and customer feedback.<\/p>","typography_typography":"custom","typography_font_size_tablet":{"unit":"px","size":"14"},"typography_font_size_mobile":{"unit":"px","size":"15"},"typography_font_weight":"300","align_mobile":"center","_padding_tablet":{"unit":"px","top":"0","right":"0","bottom":"10","left":"0","isLinked":false}},"elements":[],"isInner":false,"widgetType":"text-editor","elType":"widget"},{"id":"68af5d1b","settings":{"text":"Get free consultation","typography_typography":"custom","typography_font_size":{"unit":"px","size":"16"},"typography_font_size_tablet":{"unit":"px","size":"12"},"typography_font_size_mobile":{"unit":"px","size":"15"},"typography_text_transform":"uppercase","typography_letter_spacing":{"unit":"px","size":"2"},"background_color":"#00499f","hover_color":"#54595f","button_background_hover_color":"#bad4e4","border_radius":{"unit":"px","top":"0","right":"0","bottom":"0","left":"0","isLinked":true},"text_padding":{"unit":"px","top":"20","right":"40","bottom":"20","left":"40","isLinked":false}},"elements":[],"isInner":false,"widgetType":"button","elType":"widget"}],"isInner":false,"elType":"column"}],"isInner":false,"elType":"section"},{"id":"7dcc8027","settings":{"layout":"full_width","gap":"no","structure":"20","reverse_order_mobile":"reverse-mobile","height":"min-height","custom_height":{"unit":"px","size":"615"},"column_position":"stretch","content_position":"middle"},"elements":[{"id":"7e54a1cd","settings":{"_column_size":50,"_inline_size":null,"background_background":"classic","background_color":"#eff1f3","padding":{"unit":"%","top":"0","right":"15","bottom":"0","left":"10","isLinked":false},"padding_tablet":{"unit":"px","top":"0","right":"25","bottom":"0","left":"35","isLinked":false},"padding_mobile":{"unit":"px","top":"60","right":"30","bottom":"60","left":"30","isLinked":false}},"elements":[{"id":"2c975a43","settings":{"title":"Join our team to get experienced advice","header_size":"h4","align":"left","title_color":"#54595f","typography_typography":"custom","typography_font_size":{"unit":"px","size":"25"},"typography_font_size_tablet":{"unit":"px","size":"27"},"typography_font_family":"Playfair Display","typography_font_weight":"600","typography_line_height":{"unit":"em","size":"1.2"},"typography_letter_spacing":{"unit":"px","size":"0.2"},"align_mobile":"center","typography_font_size_mobile":{"unit":"px","size":"25"}},"elements":[],"isInner":false,"widgetType":"heading","elType":"widget"},{"id":"36481833","settings":{"weight":{"unit":"px","size":"5"},"color":"#bad4e4","width":{"unit":"%","size":"13"},"_margin_tablet":{"unit":"px","top":"-10","right":"0","bottom":"-10","left":"0","isLinked":false},"align_mobile":"center"},"elements":[],"isInner":false,"widgetType":"divider","elType":"widget"},{"id":"5e68a42d","settings":{"editor":"<p class=\"p1\">We have over 20 years of consultancy experience in this area of business and we strive to achieve the following: develop, empower, enable and maintain.<\/p><p>We understand that nothing is more important than the emotional, financial and spiritual health of your family, through its many transitions. We are here to help you. The mission of Russel Law offices is to provide the client with the best law advice possible, and help with any problems and law suits required to get through a crisis.<\/p>","typography_typography":"custom","typography_font_size_tablet":{"unit":"px","size":"14"},"typography_font_size_mobile":{"unit":"px","size":"15"},"typography_font_weight":"300","align_mobile":"center","_padding_tablet":{"unit":"px","top":"1","right":"1","bottom":"1","left":"1","isLinked":true}},"elements":[],"isInner":false,"widgetType":"text-editor","elType":"widget"},{"id":"4a44f896","settings":{"text":"Get free consultation","typography_typography":"custom","typography_font_size":{"unit":"px","size":"16"},"typography_font_size_tablet":{"unit":"px","size":"12"},"typography_font_size_mobile":{"unit":"px","size":"15"},"typography_text_transform":"uppercase","typography_letter_spacing":{"unit":"px","size":"2"},"background_color":"#00499f","hover_color":"#54595f","button_background_hover_color":"#bad4e4","border_radius":{"unit":"px","top":"0","right":"0","bottom":"0","left":"0","isLinked":true},"text_padding":{"unit":"px","top":"20","right":"40","bottom":"20","left":"40","isLinked":false}},"elements":[],"isInner":false,"widgetType":"button","elType":"widget"}],"isInner":false,"elType":"column"},{"id":"d89c3b0","settings":{"_column_size":50,"_inline_size":null,"background_background":"classic","background_image":{"id":755,"url":"http:\/\/localhost\/test\/wp-content\/uploads\/2018\/09\/thomas-lefebvre-3950.png"},"background_size":"cover","padding_mobile":{"unit":"px","top":"150","right":"0","bottom":"150","left":"0","isLinked":false}},"elements":[{"id":"5f2458fa","settings":[],"elements":[],"isInner":false,"widgetType":"spacer","elType":"widget"}],"isInner":false,"elType":"column"}],"isInner":false,"elType":"section"},{"id":"3c808e2d","settings":{"content_width":{"unit":"px","size":"1300"},"content_position":"middle","background_background":"classic","background_color":"#ffffff","padding":{"unit":"px","top":"50","right":"100","bottom":"50","left":"100","isLinked":false},"padding_mobile":{"unit":"px","top":"0","right":"0","bottom":"0","left":"0","isLinked":true}},"elements":[{"id":"51e1d6ce","settings":{"_column_size":100,"_inline_size":null,"content_position":"center"},"elements":[{"id":"7942637f","settings":{"carousel":[{"id":756,"url":"http:\/\/localhost\/test\/wp-content\/uploads\/2018\/09\/GEO-1.png"},{"id":757,"url":"http:\/\/localhost\/test\/wp-content\/uploads\/2018\/09\/BOLEIR-1.png"},{"id":"322","url":"http:\/\/localhost\/test\/wp-content\/uploads\/2018\/09\/ECOCODE.png"},{"id":758,"url":"http:\/\/localhost\/test\/wp-content\/uploads\/2018\/09\/mapmaster-1-2-1.png"},{"id":759,"url":"http:\/\/localhost\/test\/wp-content\/uploads\/2018\/09\/ARMOND-2.png"},{"id":760,"url":"http:\/\/localhost\/test\/wp-content\/uploads\/2018\/09\/zusman-1-2-1.png"},{"id":761,"url":"http:\/\/localhost\/test\/wp-content\/uploads\/2018\/09\/MADRIN-1.png"},{"id":762,"url":"http:\/\/localhost\/test\/wp-content\/uploads\/2018\/09\/darkside-1-2-1.png"}],"thumbnail_size":"custom","thumbnail_custom_dimension":{"width":"150","height":"100"},"slides_to_show":"5","navigation":"dots","image_spacing":"custom","image_spacing_custom":{"unit":"px","size":36}},"elements":[],"isInner":false,"widgetType":"image-carousel","elType":"widget"}],"isInner":false,"elType":"column"}],"isInner":false,"elType":"section"},{"id":"1622616c","settings":{"gap":"no","content_position":"middle","structure":"20","background_background":"classic","background_image":{"id":764,"url":"http:\/\/localhost\/test\/wp-content\/uploads\/2018\/09\/88.png"},"background_size":"cover","padding":{"unit":"px","top":"100","right":"100","bottom":"0","left":"100","isLinked":false},"padding_tablet":{"unit":"px","top":"50","right":"30","bottom":"0","left":"30","isLinked":false},"padding_mobile":{"unit":"px","top":"80","right":"25","bottom":"0","left":"25","isLinked":false}},"elements":[{"id":"53d77d7c","settings":{"_column_size":50,"_inline_size":null},"elements":[{"id":"36ec7475","settings":{"title":"Take charge of your legal claims","header_size":"h3","align_mobile":"center","title_color":"#ffffff","typography_typography":"custom","typography_font_size":{"unit":"px","size":"51"},"typography_font_size_tablet":{"unit":"px","size":"31"},"typography_font_size_mobile":{"unit":"px","size":"23"},"typography_font_weight":"900","typography_text_transform":"uppercase","typography_line_height":{"unit":"em","size":1.2},"typography_line_height_tablet":{"unit":"em","size":"1.3"},"typography_letter_spacing":{"unit":"px","size":"0.8"},"_padding":{"unit":"px","top":"0","right":"0","bottom":"40","left":"0","isLinked":false},"_padding_tablet":{"unit":"px","top":"0","right":"0","bottom":"10","left":"0","isLinked":false},"_padding_mobile":{"unit":"px","top":"0","right":"0","bottom":"10","left":"0","isLinked":false}},"elements":[],"isInner":false,"widgetType":"heading","elType":"widget"},{"id":"235db93","settings":{"title":"1-800-877-111","header_size":"h3","title_color":"#bad4e4","typography_typography":"custom","typography_font_size":{"unit":"px","size":"70"},"typography_font_size_tablet":{"unit":"px","size":"37"},"typography_font_size_mobile":{"unit":"px","size":"34"},"typography_font_weight":"900","typography_text_transform":"uppercase","typography_font_style":"italic","typography_letter_spacing":{"unit":"px","size":"0.8"},"_margin":{"unit":"%","top":"0","right":"6","bottom":"15","left":"0","isLinked":false},"_margin_mobile":{"unit":"px","top":"0","right":"0","bottom":"50","left":"0","isLinked":false},"_padding":{"unit":"px","top":"15","right":"15","bottom":"15","left":"15","isLinked":false},"_border_border":"solid","_border_width":{"unit":"px","top":"5","right":"0","bottom":"5","left":"0","isLinked":false},"_border_color":"#bad4e4"},"elements":[],"isInner":false,"widgetType":"heading","elType":"widget"}],"isInner":false,"elType":"column"},{"id":"269fcb87","settings":{"_column_size":50,"_inline_size":null},"elements":[{"id":"19544199","settings":{"image":{"id":763,"url":"http:\/\/localhost\/test\/wp-content\/uploads\/2018\/09\/54-3.png"}},"elements":[],"isInner":false,"widgetType":"image","elType":"widget"}],"isInner":false,"elType":"column"}],"isInner":false,"elType":"section"}]}