{"version":"0.4","title":"LandingPage-App-page","type":"page","content":[{"id":"23e89ebf","settings":{"section_layout":"","content_width":{"unit":"px","size":"1040"},"gap":"no","content_position":"top","section_background":"","background_background":"classic","background_color":"#43e6f3","background_overlay_section":"","section_border":"","box_shadow_box_shadow":{"horizontal":0,"vertical":0,"blur":10,"spread":0,"inset":"","color":"rgba(0,0,0,0.5)"},"section_typo":"","section_advanced":"","margin_mobile":{"unit":"%","top":"0","right":0,"bottom":"10","left":0,"isLinked":false},"padding":{"unit":"px","top":"80","right":"0","bottom":"50","left":"0","isLinked":false},"padding_tablet":{"unit":"%","top":"10","right":"0","bottom":"22","left":"0","isLinked":false},"padding_mobile":{"unit":"px","top":"50","right":"20","bottom":"0","left":"20","isLinked":false},"_section_responsive":"","heading_visibility":"","responsive_description":"","section_custom_css":"","custom_css_description":"","section_custom_css_pro":"","custom_css_pro":""},"elements":[{"id":"52ab135c","settings":{"_column_size":100,"_inline_size":null,"section_style":"","box_shadow_box_shadow":{"horizontal":0,"vertical":0,"blur":10,"spread":0,"inset":"","color":"rgba(0,0,0,0.5)"},"section_typo":"","section_advanced":"","section_responsive":"","screen_sm":"default","screen_sm_width":"100","screen_xs":"default","screen_xs_width":"100","section_custom_css":"","custom_css_description":"","section_custom_css_pro":"","custom_css_pro":"","section_background_overlay":"","layout":""},"elements":[{"id":"737e1d39","settings":{"section_title":"","title":"The most powerful tool to manage & improve employee achievements ","link":{"is_external":"","url":""},"header_size":"h1","align":"center","section_title_style":"","title_color":"#252525","typography_typography":"custom","typography_font_size":{"unit":"px","size":"50"},"typography_font_size_tablet":{"unit":"px","size":"40"},"typography_font_size_mobile":{"unit":"px","size":"25"},"typography_font_family":"Dosis","typography_font_weight":"400","typography_text_transform":"capitalize","typography_line_height":{"unit":"em","size":"1.3"},"typography_line_height_tablet":{"unit":"em","size":"1.2"},"_section_style":"","_padding":{"unit":"%","top":"","right":"","bottom":"","left":"","isLinked":true},"_section_background":"","_box_shadow_box_shadow":{"horizontal":0,"vertical":0,"blur":10,"spread":0,"inset":"","color":"rgba(0,0,0,0.5)"},"_section_responsive":"","responsive_description":"","section_custom_css":"","custom_css_description":"","section_custom_css_pro":"","custom_css_pro":""},"elements":[],"isInner":false,"widgetType":"heading","elType":"widget"},{"id":"41b9d28d","settings":{"section_layout":"","content_width":{"unit":"px","size":772},"content_position":"middle","structure":"20","section_background":"","background_overlay_section":"","section_border":"","box_shadow_box_shadow":{"horizontal":0,"vertical":0,"blur":10,"spread":0,"inset":"","color":"rgba(0,0,0,0.5)"},"section_typo":"","section_advanced":"","margin_tablet":{"unit":"px","top":"","right":0,"bottom":"","left":0,"isLinked":true},"padding":{"unit":"px","top":"30","right":"0","bottom":"260","left":"0","isLinked":false},"padding_tablet":{"unit":"px","top":"10","right":"80","bottom":"10","left":"80","isLinked":false},"padding_mobile":{"unit":"px","top":"0","right":"0","bottom":"100","left":"0","isLinked":false},"_section_responsive":"","heading_visibility":"","responsive_description":"","section_custom_css":"","custom_css_description":"","section_custom_css_pro":"","custom_css_pro":""},"elements":[{"id":"4051a797","settings":{"_column_size":50,"_inline_size":"65.501","section_style":"","box_shadow_box_shadow":{"horizontal":0,"vertical":0,"blur":10,"spread":0,"inset":"","color":"rgba(0,0,0,0.5)"},"section_typo":"","section_advanced":"","margin_mobile":{"unit":"px","top":"0","right":"0","bottom":"0","left":"0","isLinked":true},"padding_mobile":{"unit":"px","top":"0","right":"20","bottom":"0","left":"20","isLinked":false},"section_responsive":"","screen_sm":"default","screen_sm_width":"100","screen_xs":"default","screen_xs_width":"100","section_custom_css":"","custom_css_description":"","section_custom_css_pro":"","custom_css_pro":"","section_background_overlay":"","layout":""},"elements":[{"id":"18028022","settings":{"section_editor":"","editor":"<p>Rewaring the top employees is hard, if you are doing it manually. Get it fully automated with our app.<\/p>","section_style":"","align_mobile":"center","text_color":"#252525","typography_typography":"custom","typography_font_size":{"unit":"px","size":"19"},"typography_font_size_tablet":{"unit":"px","size":"14"},"typography_font_size_mobile":{"unit":"px","size":"13"},"typography_font_family":"Playfair Display","typography_line_height":{"unit":"em","size":1.7},"_section_style":"","_section_background":"","_box_shadow_box_shadow":{"horizontal":0,"vertical":0,"blur":10,"spread":0,"inset":"","color":"rgba(0,0,0,0.5)"},"_section_responsive":"","responsive_description":"","section_custom_css":"","custom_css_description":"","section_custom_css_pro":"","custom_css_pro":""},"elements":[],"isInner":false,"widgetType":"text-editor","elType":"widget"}],"isInner":true,"elType":"column"},{"id":"137c699a","settings":{"_column_size":50,"_inline_size":"34.500","section_style":"","box_shadow_box_shadow":{"horizontal":0,"vertical":0,"blur":10,"spread":0,"inset":"","color":"rgba(0,0,0,0.5)"},"section_typo":"","section_advanced":"","section_responsive":"","screen_sm":"default","screen_sm_width":"100","screen_xs":"default","screen_xs_width":"100","section_custom_css":"","custom_css_description":"","section_custom_css_pro":"","custom_css_pro":"","section_background_overlay":"","layout":""},"elements":[{"id":"46add5c0","settings":{"section_button":"","text":"Download now","link":{"is_external":"","url":"#"},"align":"right","align_mobile":"center","size":"md","section_style":"","typography_typography":"custom","typography_font_size":{"unit":"px","size":"16"},"typography_font_size_tablet":{"unit":"px","size":"12"},"typography_font_family":"Roboto","typography_font_weight":"bold","typography_text_transform":"uppercase","typography_line_height":{"unit":"em","size":"0.8"},"typography_letter_spacing":{"unit":"px","size":"3"},"typography_letter_spacing_tablet":{"unit":"px","size":1.6},"background_color":"#252525","border_radius":{"unit":"px","top":"0","right":"0","bottom":"0","left":"0","isLinked":true},"text_padding":{"unit":"px","top":"20","right":"30","bottom":"20","left":"30","isLinked":false},"section_hover":"","hover_color":"#000000","button_background_hover_color":"#ffffff","_section_style":"","_section_background":"","_box_shadow_box_shadow":{"horizontal":0,"vertical":0,"blur":10,"spread":0,"inset":"","color":"rgba(0,0,0,0.5)"},"_section_responsive":"","responsive_description":"","section_custom_css":"","custom_css_description":"","section_custom_css_pro":"","custom_css_pro":"","tabs_button_style":"","tab_button_normal":"","tab_button_hover":""},"elements":[],"isInner":false,"widgetType":"button","elType":"widget"}],"isInner":true,"elType":"column"}],"isInner":true,"elType":"section"}],"isInner":false,"elType":"column"}],"isInner":false,"elType":"section"},{"id":"451fbb36","settings":{"section_layout":"","content_width":{"unit":"px","size":"1040"},"section_background":"","background_background":"classic","background_position":"top center","background_repeat":"no-repeat","background_overlay_section":"","section_border":"","box_shadow_box_shadow":{"horizontal":0,"vertical":0,"blur":10,"spread":0,"inset":"","color":"rgba(0,0,0,0.5)"},"section_typo":"","section_advanced":"","margin":{"unit":"px","top":"-270","right":0,"bottom":"0","left":0,"isLinked":false},"margin_mobile":{"unit":"%","top":"-45","right":0,"bottom":"0","left":0,"isLinked":false},"padding":{"unit":"%","top":"0","right":"0","bottom":"5","left":"0","isLinked":false},"padding_tablet":{"unit":"%","top":"0","right":"0","bottom":"0","left":"0","isLinked":true},"padding_mobile":{"unit":"px","top":"0","right":"0","bottom":"0","left":"0","isLinked":true},"_section_responsive":"","heading_visibility":"","responsive_description":"","section_custom_css":"","custom_css_description":"","section_custom_css_pro":"","custom_css_pro":""},"elements":[{"id":"599d826c","settings":{"_column_size":100,"_inline_size":null,"section_style":"","background_background":"classic","box_shadow_box_shadow":{"horizontal":0,"vertical":0,"blur":10,"spread":0,"inset":"","color":"rgba(0,0,0,0.5)"},"section_typo":"","section_advanced":"","section_responsive":"","screen_sm":"default","screen_sm_width":"100","screen_xs":"default","screen_xs_width":"100","section_custom_css":"","custom_css_description":"","section_custom_css_pro":"","custom_css_pro":"","section_background_overlay":"","layout":""},"elements":[{"id":"712c8797","settings":{"section_image":"","image":{"id":852,"url":"http:\/\/localhost\/test\/wp-content\/uploads\/2018\/09\/1-2.png"},"align":"center","align_tablet":"center","align_mobile":"center","link":{"is_external":"","url":""},"section_style_image":"","space":{"unit":"%","size":100},"opacity":{"unit":"px","size":1},"image_box_shadow_box_shadow":{"horizontal":0,"vertical":0,"blur":10,"spread":0,"inset":"","color":"rgba(0,0,0,0.5)"},"section_style_caption":"","_section_style":"","_margin_tablet":{"unit":"%","top":"10","right":"10","bottom":"0","left":"10","isLinked":false},"_padding_tablet":{"unit":"%","top":"4","right":"0","bottom":"0","left":"0","isLinked":false},"_section_background":"","_box_shadow_box_shadow":{"horizontal":0,"vertical":0,"blur":10,"spread":0,"inset":"","color":"rgba(0,0,0,0.5)"},"_section_responsive":"","responsive_description":"","section_custom_css":"","custom_css_description":""},"elements":[],"isInner":false,"widgetType":"image","elType":"widget"}],"isInner":false,"elType":"column"}],"isInner":false,"elType":"section"},{"id":"1bdc22e4","settings":{"section_layout":"","content_width":{"unit":"px","size":"1040"},"section_background":"","background_overlay_section":"","section_border":"","box_shadow_box_shadow":{"horizontal":0,"vertical":0,"blur":10,"spread":0,"inset":"","color":"rgba(0,0,0,0.5)"},"section_typo":"","section_advanced":"","padding_tablet":{"unit":"px","top":"20","right":"20","bottom":"50","left":"20","isLinked":false},"padding_mobile":{"unit":"%","top":"10","right":"2","bottom":"10","left":"2","isLinked":false},"_section_responsive":"","heading_visibility":"","responsive_description":"","section_custom_css":"","custom_css_description":""},"elements":[{"id":"26216dc7","settings":{"_column_size":100,"_inline_size":null,"section_style":"","box_shadow_box_shadow":{"horizontal":0,"vertical":0,"blur":10,"spread":0,"inset":"","color":"rgba(0,0,0,0.5)"},"section_typo":"","section_advanced":"","section_responsive":"","screen_sm":"default","screen_sm_width":"100","screen_xs":"default","screen_xs_width":"100","section_custom_css":"","custom_css_description":"","section_background_overlay":"","layout":""},"elements":[{"id":"4a6f47dc","settings":{"section_title":"","title":"Our Full-Package features","link":{"is_external":"","url":""},"header_size":"h3","align":"center","section_title_style":"","title_color":"#252525","typography_typography":"custom","typography_font_size":{"unit":"px","size":"50"},"typography_font_size_tablet":{"unit":"px","size":"40"},"typography_font_size_mobile":{"unit":"px","size":"25"},"typography_font_family":"Dosis","typography_font_weight":"400","typography_text_transform":"capitalize","_section_style":"","_padding_tablet":{"unit":"%","top":"0","right":"0","bottom":"5","left":"0","isLinked":false},"_section_background":"","_box_shadow_box_shadow":{"horizontal":0,"vertical":0,"blur":10,"spread":0,"inset":"","color":"rgba(0,0,0,0.5)"},"_section_responsive":"","responsive_description":"","section_custom_css":"","custom_css_description":"","section_custom_css_pro":"","custom_css_pro":""},"elements":[],"isInner":false,"widgetType":"heading","elType":"widget"},{"id":"4e316b36","settings":{"section_layout":"","structure":"20","section_background":"","background_overlay_section":"","section_border":"","box_shadow_box_shadow":{"horizontal":0,"vertical":0,"blur":10,"spread":0,"inset":"","color":"rgba(0,0,0,0.5)"},"section_typo":"","section_advanced":"","padding":{"unit":"px","top":"30","right":"0","bottom":"100","left":"0","isLinked":false},"padding_tablet":{"unit":"%","top":"0","right":"2","bottom":"0","left":"2","isLinked":false},"_section_responsive":"","heading_visibility":"","responsive_description":"","section_custom_css":"","custom_css_description":""},"elements":[{"id":"7731cfee","settings":{"_column_size":50,"_inline_size":null,"section_style":"","box_shadow_box_shadow":{"horizontal":0,"vertical":0,"blur":10,"spread":0,"inset":"","color":"rgba(0,0,0,0.5)"},"section_typo":"","section_advanced":"","padding_tablet":{"unit":"%","top":"0","right":"5","bottom":"0","left":"0","isLinked":false},"section_responsive":"","screen_sm":"default","screen_sm_width":"100","screen_xs":"default","screen_xs_width":"100","section_custom_css":"","custom_css_description":"","section_background_overlay":"","layout":""},"elements":[{"id":"1e005e70","settings":{"section_icon":"","icon_list":[{"text":"Lorem ipsum dolor sit amet elit. ","icon":"fa fa-camera","link":{"url":"","is_external":"","nofollow":""},"_id":"suv2s0j"},{"text":"Etiam id nisl lectus. Cras a ultrices est. ","icon":"fa fa-clock-o","link":{"url":"","is_external":"","nofollow":""},"_id":"w0qfuzk"},{"text":"Integer orci, vestibu lum, mollis at ligula. ","icon":"fa fa-calendar","link":{"url":"","is_external":"","nofollow":""},"_id":"i8d85cs"},{"text":"Class aptent taciti ad litora torquent per","icon":"fa fa-flag","link":{"url":"","is_external":"","nofollow":""},"_id":"70m5o04"}],"section_icon_style":"","icon_color":"#43e6f3","icon_size":{"unit":"px","size":"25"},"section_text_style":"","text_indent":{"unit":"px","size":17},"icon_typography_typography":"custom","icon_typography_font_size":{"unit":"px","size":"19"},"icon_typography_font_size_tablet":{"unit":"px","size":"14"},"icon_typography_font_size_mobile":{"unit":"px","size":"12"},"icon_typography_font_family":"Playfair Display","icon_typography_line_height":{"unit":"em","size":"3"},"_section_style":"","_section_background":"","_box_shadow_box_shadow":{"horizontal":0,"vertical":0,"blur":10,"spread":0,"inset":"","color":"rgba(0,0,0,0.5)"},"_section_responsive":"","responsive_description":"","section_custom_css":"","custom_css_description":""},"elements":[],"isInner":false,"widgetType":"icon-list","elType":"widget"}],"isInner":true,"elType":"column"},{"id":"60b8f262","settings":{"_column_size":50,"_inline_size":null,"section_style":"","box_shadow_box_shadow":{"horizontal":0,"vertical":0,"blur":10,"spread":0,"inset":"","color":"rgba(0,0,0,0.5)"},"section_typo":"","section_advanced":"","padding_tablet":{"unit":"%","top":"0","right":"0","bottom":"0","left":"5","isLinked":false},"padding_mobile":{"unit":"px","top":"0","right":"0","bottom":"0","left":"0","isLinked":true},"section_responsive":"","screen_sm":"default","screen_sm_width":"100","screen_xs":"default","screen_xs_width":"100","section_custom_css":"","custom_css_description":"","section_background_overlay":"","layout":""},"elements":[{"id":"61c41687","settings":{"section_icon":"","icon_list":[{"text":"Class aptent taciti sociosqu ad torquent .","icon":"fa fa-commenting-o","link":{"url":"","is_external":"","nofollow":""},"_id":"suv2s0j"},{"text":"Etiam id nisl lectus. Cras a ultrices est. ","icon":"fa fa-users","link":{"url":"","is_external":"","nofollow":""},"_id":"w0qfuzk"},{"text":"Integer orci turpis, vestibu lum, at ligula. ","icon":"fa fa-calendar","link":{"url":"","is_external":"","nofollow":""},"_id":"i8d85cs"},{"text":"Lorem ipsum dolor sit adipiscing elit. ","icon":"fa fa-handshake-o","link":{"url":"","is_external":"","nofollow":""},"_id":"70m5o04"}],"section_icon_style":"","icon_color":"#43e6f3","icon_size":{"unit":"px","size":"25"},"section_text_style":"","text_indent":{"unit":"px","size":17},"icon_typography_typography":"custom","icon_typography_font_size":{"unit":"px","size":"19"},"icon_typography_font_size_tablet":{"unit":"px","size":"14"},"icon_typography_font_size_mobile":{"unit":"px","size":"12"},"icon_typography_font_family":"Playfair Display","icon_typography_line_height":{"unit":"em","size":"3"},"_section_style":"","_section_background":"","_box_shadow_box_shadow":{"horizontal":0,"vertical":0,"blur":10,"spread":0,"inset":"","color":"rgba(0,0,0,0.5)"},"_section_responsive":"","responsive_description":"","section_custom_css":"","custom_css_description":""},"elements":[],"isInner":false,"widgetType":"icon-list","elType":"widget"}],"isInner":true,"elType":"column"}],"isInner":true,"elType":"section"}],"isInner":false,"elType":"column"}],"isInner":false,"elType":"section"},{"id":"427e9c5b","settings":{"section_layout":"","content_width":{"unit":"px","size":"1040"},"section_background":"","background_background":"classic","background_color":"#ebebeb","background_overlay_section":"","section_border":"","box_shadow_box_shadow":{"horizontal":0,"vertical":0,"blur":10,"spread":0,"inset":"","color":"rgba(0,0,0,0.5)"},"section_typo":"","section_advanced":"","padding":{"unit":"px","top":"100","right":"0","bottom":"100","left":"0","isLinked":false},"padding_mobile":{"unit":"px","top":"50","right":"0","bottom":"50","left":"0","isLinked":false},"_section_responsive":"","heading_visibility":"","responsive_description":"","section_custom_css":"","custom_css_description":""},"elements":[{"id":"5e6d62e6","settings":{"_column_size":100,"_inline_size":null,"section_style":"","box_shadow_box_shadow":{"horizontal":0,"vertical":0,"blur":10,"spread":0,"inset":"","color":"rgba(0,0,0,0.5)"},"section_typo":"","section_advanced":"","padding_mobile":{"unit":"px","top":"0","right":"20","bottom":"0","left":"20","isLinked":false},"section_responsive":"","screen_sm":"default","screen_sm_width":"100","screen_xs":"default","screen_xs_width":"100","section_custom_css":"","custom_css_description":"","section_background_overlay":"","layout":""},"elements":[{"id":"5c29262a","settings":{"section_title":"","title":"What Our Clients Say ","link":{"is_external":"","url":""},"header_size":"h3","align":"center","section_title_style":"","title_color":"#252525","typography_typography":"custom","typography_font_size":{"unit":"px","size":"50"},"typography_font_size_tablet":{"unit":"px","size":"40"},"typography_font_size_mobile":{"unit":"px","size":"25"},"typography_font_family":"Dosis","typography_font_weight":"400","typography_text_transform":"capitalize","_section_style":"","_section_background":"","_box_shadow_box_shadow":{"horizontal":0,"vertical":0,"blur":10,"spread":0,"inset":"","color":"rgba(0,0,0,0.5)"},"_section_responsive":"","responsive_description":"","section_custom_css":"","custom_css_description":"","section_custom_css_pro":"","custom_css_pro":""},"elements":[],"isInner":false,"widgetType":"heading","elType":"widget"},{"id":"879eba","settings":{"section_editor":"","editor":"<p>Instead of having us talk about ourselves, why don't we see what our clients have to say.<\/p>","section_style":"","align":"center","text_color":"#252525","typography_typography":"custom","typography_font_size":{"unit":"px","size":"19"},"typography_font_size_tablet":{"unit":"px","size":"14"},"typography_font_size_mobile":{"unit":"px","size":"13"},"typography_font_family":"Playfair Display","typography_line_height":{"unit":"em","size":1.7},"_section_style":"","_padding_mobile":{"unit":"px","top":"0","right":"5","bottom":"0","left":"5","isLinked":false},"_section_background":"","_box_shadow_box_shadow":{"horizontal":0,"vertical":0,"blur":10,"spread":0,"inset":"","color":"rgba(0,0,0,0.5)"},"_section_responsive":"","responsive_description":"","section_custom_css":"","custom_css_description":"","section_custom_css_pro":"","custom_css_pro":""},"elements":[],"isInner":false,"widgetType":"text-editor","elType":"widget"},{"id":"64b3a929","settings":{"section_layout":"","structure":"30","section_background":"","background_overlay_section":"","section_border":"","box_shadow_box_shadow":{"horizontal":0,"vertical":0,"blur":10,"spread":0,"inset":"","color":"rgba(0,0,0,0.5)"},"section_typo":"","section_advanced":"","padding":{"unit":"px","top":"50","right":"0","bottom":"0","left":"0","isLinked":false},"padding_tablet":{"unit":"%","top":"0","right":"2","bottom":"0","left":"2","isLinked":false},"padding_mobile":{"unit":"px","top":"0","right":"0","bottom":"0","left":"0","isLinked":false},"_section_responsive":"","heading_visibility":"","responsive_description":"","section_custom_css":"","custom_css_description":""},"elements":[{"id":"17191447","settings":{"_column_size":33,"_inline_size":null,"section_style":"","background_background":"classic","background_color":"#ffffff","box_shadow_box_shadow":{"horizontal":0,"vertical":0,"blur":10,"spread":0,"inset":"","color":"rgba(0,0,0,0.5)"},"section_typo":"","section_advanced":"","margin":{"unit":"%","top":"0","right":"6","bottom":"0","left":"0","isLinked":false},"margin_mobile":{"unit":"%","top":"0","right":"0","bottom":"0","left":"0","isLinked":true},"padding":{"unit":"px","top":"30","right":"30","bottom":"30","left":"30","isLinked":true},"padding_tablet":{"unit":"px","top":"","right":"","bottom":"","left":"","isLinked":false},"padding_mobile":{"unit":"px","top":"30","right":"30","bottom":"30","left":"30","isLinked":true},"section_responsive":"","screen_sm":"default","screen_sm_width":"100","screen_xs":"default","screen_xs_width":"100","section_custom_css":"","custom_css_description":"","section_background_overlay":"","layout":""},"elements":[{"id":"15ea40f4","settings":{"section_icon":"","icon":"fa fa-quote-left","link":{"is_external":"","url":""},"align":"left","align_tablet":"center","align_mobile":"center","section_style_icon":"","primary_color":"#43e6f3","section_hover":"","_section_style":"","_section_background":"","_box_shadow_box_shadow":{"horizontal":0,"vertical":0,"blur":10,"spread":0,"inset":"","color":"rgba(0,0,0,0.5)"},"_section_responsive":"","responsive_description":"","section_custom_css":"","custom_css_description":""},"elements":[],"isInner":false,"widgetType":"icon","elType":"widget"},{"id":"1e1e3dfd","settings":{"section_testimonial":"","testimonial_content":"Class aptent taciti sociosqu ad litora torquent per conubia nostra, per inceptos himenaeos. ","testimonial_image":{"id":853,"url":"http:\/\/localhost\/test\/wp-content\/uploads\/2018\/09\/11-1.jpg"},"testimonial_name":"Maria Luxburg","testimonial_job":"CMO, Webnishar","testimonial_alignment":"left","section_style_testimonial_content":"","content_content_color":"#252525","content_typography_typography":"custom","content_typography_font_size":{"unit":"px","size":"19"},"content_typography_font_size_tablet":{"unit":"px","size":"14"},"content_typography_font_family":"Playfair Display","content_typography_font_style":"italic","section_style_testimonial_image":"","image_size":{"unit":"px","size":"60"},"section_style_testimonial_name":"","name_text_color":"#43e6f3","name_typography_typography":"custom","name_typography_font_size":{"unit":"px","size":"15"},"name_typography_font_family":"Dosis","name_typography_line_height":{"unit":"em","size":2.4},"section_style_testimonial_job":"","job_text_color":"#252525","job_typography_typography":"custom","job_typography_font_size":{"unit":"px","size":"17"},"job_typography_font_size_tablet":{"unit":"px","size":"14"},"job_typography_font_family":"Dosis","job_typography_font_weight":"500","_section_style":"","_section_background":"","_box_shadow_box_shadow":{"horizontal":0,"vertical":0,"blur":10,"spread":0,"inset":"","color":"rgba(0,0,0,0.5)"},"_section_responsive":"","responsive_description":"","section_custom_css":"","custom_css_description":""},"elements":[],"isInner":false,"widgetType":"testimonial","elType":"widget"}],"isInner":true,"elType":"column"},{"id":"8ceb1b1","settings":{"_column_size":33,"_inline_size":null,"section_style":"","background_background":"classic","background_color":"#ffffff","box_shadow_box_shadow":{"horizontal":0,"vertical":0,"blur":10,"spread":0,"inset":"","color":"rgba(0,0,0,0.5)"},"section_typo":"","section_advanced":"","margin":{"unit":"%","top":"0","right":"3","bottom":"0","left":"3","isLinked":false},"margin_mobile":{"unit":"px","top":"30","right":"0","bottom":"30","left":"0","isLinked":false},"padding":{"unit":"px","top":"30","right":"30","bottom":"30","left":"30","isLinked":true},"padding_tablet":{"unit":"%","top":"10","right":"10","bottom":"10","left":"10","isLinked":true},"padding_mobile":{"unit":"px","top":"30","right":"30","bottom":"30","left":"30","isLinked":true},"section_responsive":"","screen_sm":"default","screen_sm_width":"100","screen_xs":"default","screen_xs_width":"100","section_custom_css":"","custom_css_description":"","section_background_overlay":"","layout":""},"elements":[{"id":"19a39d83","settings":{"section_icon":"","icon":"fa fa-quote-left","link":{"is_external":"","url":""},"align":"left","align_tablet":"center","align_mobile":"center","section_style_icon":"","primary_color":"#43e6f3","section_hover":"","_section_style":"","_section_background":"","_box_shadow_box_shadow":{"horizontal":0,"vertical":0,"blur":10,"spread":0,"inset":"","color":"rgba(0,0,0,0.5)"},"_section_responsive":"","responsive_description":"","section_custom_css":"","custom_css_description":""},"elements":[],"isInner":false,"widgetType":"icon","elType":"widget"},{"id":"7e749aea","settings":{"section_testimonial":"","testimonial_content":"Class aptent taciti sociosqu ad litora torquent per conubia nostra, per inceptos himenaeos. ","testimonial_image":{"id":854,"url":"http:\/\/localhost\/test\/wp-content\/uploads\/2018\/09\/12-1.jpg"},"testimonial_name":"Matt Doran","testimonial_job":"CTO, Shiler","testimonial_alignment":"left","section_style_testimonial_content":"","content_content_color":"#252525","content_typography_typography":"custom","content_typography_font_size":{"unit":"px","size":"19"},"content_typography_font_size_tablet":{"unit":"px","size":"14"},"content_typography_font_family":"Playfair Display","content_typography_font_style":"italic","section_style_testimonial_image":"","image_size":{"unit":"px","size":"60"},"section_style_testimonial_name":"","name_text_color":"#43e6f3","name_typography_typography":"custom","name_typography_font_size":{"unit":"px","size":"15"},"name_typography_font_family":"Dosis","name_typography_line_height":{"unit":"em","size":2.4},"section_style_testimonial_job":"","job_text_color":"#252525","job_typography_typography":"custom","job_typography_font_size":{"unit":"px","size":"17"},"job_typography_font_size_tablet":{"unit":"px","size":"14"},"job_typography_font_family":"Dosis","job_typography_font_weight":"500","_section_style":"","_section_background":"","_box_shadow_box_shadow":{"horizontal":0,"vertical":0,"blur":10,"spread":0,"inset":"","color":"rgba(0,0,0,0.5)"},"_section_responsive":"","responsive_description":"","section_custom_css":"","custom_css_description":""},"elements":[],"isInner":false,"widgetType":"testimonial","elType":"widget"}],"isInner":true,"elType":"column"},{"id":"1dbb0a0d","settings":{"_column_size":33,"_inline_size":null,"section_style":"","background_background":"classic","background_color":"#ffffff","box_shadow_box_shadow":{"horizontal":0,"vertical":0,"blur":10,"spread":0,"inset":"","color":"rgba(0,0,0,0.5)"},"section_typo":"","section_advanced":"","margin":{"unit":"%","top":"0","right":"0","bottom":"0","left":"6","isLinked":false},"margin_mobile":{"unit":"px","top":"0","right":"0","bottom":"0","left":"0","isLinked":true},"padding":{"unit":"px","top":"30","right":"30","bottom":"30","left":"30","isLinked":true},"padding_tablet":{"unit":"%","top":"10","right":"10","bottom":"10","left":"10","isLinked":true},"padding_mobile":{"unit":"px","top":"30","right":"30","bottom":"30","left":"30","isLinked":true},"section_responsive":"","screen_sm":"default","screen_sm_width":"100","screen_xs":"default","screen_xs_width":"100","section_custom_css":"","custom_css_description":"","section_background_overlay":"","layout":""},"elements":[{"id":"5687e66","settings":{"section_icon":"","icon":"fa fa-quote-left","link":{"is_external":"","url":""},"align":"left","align_tablet":"center","align_mobile":"center","section_style_icon":"","primary_color":"#43e6f3","section_hover":"","_section_style":"","_section_background":"","_box_shadow_box_shadow":{"horizontal":0,"vertical":0,"blur":10,"spread":0,"inset":"","color":"rgba(0,0,0,0.5)"},"_section_responsive":"","responsive_description":"","section_custom_css":"","custom_css_description":""},"elements":[],"isInner":false,"widgetType":"icon","elType":"widget"},{"id":"183e7dc2","settings":{"section_testimonial":"","testimonial_content":"Class aptent taciti sociosqu ad litora torquent per conubia nostra, per inceptos himenaeos. ","testimonial_image":{"id":855,"url":"http:\/\/localhost\/test\/wp-content\/uploads\/2018\/09\/13-1.jpg"},"testimonial_name":"Joe Pantoliano","testimonial_job":"CEO, Loxiret","testimonial_alignment":"left","section_style_testimonial_content":"","content_content_color":"#252525","content_typography_typography":"custom","content_typography_font_size":{"unit":"px","size":"19"},"content_typography_font_size_tablet":{"unit":"px","size":"14"},"content_typography_font_family":"Playfair Display","content_typography_font_style":"italic","section_style_testimonial_image":"","image_size":{"unit":"px","size":"60"},"section_style_testimonial_name":"","name_text_color":"#43e6f3","name_typography_typography":"custom","name_typography_font_size":{"unit":"px","size":"15"},"name_typography_font_family":"Dosis","name_typography_line_height":{"unit":"em","size":2.4},"section_style_testimonial_job":"","job_text_color":"#252525","job_typography_typography":"custom","job_typography_font_size":{"unit":"px","size":"17"},"job_typography_font_size_tablet":{"unit":"px","size":"14"},"job_typography_font_family":"Dosis","job_typography_font_weight":"500","_section_style":"","_section_background":"","_box_shadow_box_shadow":{"horizontal":0,"vertical":0,"blur":10,"spread":0,"inset":"","color":"rgba(0,0,0,0.5)"},"_section_responsive":"","responsive_description":"","section_custom_css":"","custom_css_description":""},"elements":[],"isInner":false,"widgetType":"testimonial","elType":"widget"}],"isInner":true,"elType":"column"}],"isInner":true,"elType":"section"}],"isInner":false,"elType":"column"}],"isInner":false,"elType":"section"},{"id":"2ea0d1d8","settings":{"section_layout":"","content_width":{"unit":"px","size":"1040"},"section_background":"","background_background":"classic","background_color":"#43e6f3","background_overlay_section":"","section_border":"","box_shadow_box_shadow":{"horizontal":0,"vertical":0,"blur":10,"spread":0,"inset":"","color":"rgba(0,0,0,0.5)"},"section_typo":"","section_advanced":"","padding":{"unit":"px","top":"100","right":"0","bottom":"100","left":"0","isLinked":false},"padding_tablet":{"unit":"px","top":"70","right":"30","bottom":"70","left":"30","isLinked":false},"padding_mobile":{"unit":"px","top":"50","right":"0","bottom":"50","left":"0","isLinked":false},"_section_responsive":"","reverse_order_mobile":"reverse-mobile","heading_visibility":"","responsive_description":"","section_custom_css":"","custom_css_description":""},"elements":[{"id":"5c425100","settings":{"_column_size":100,"_inline_size":null,"section_style":"","box_shadow_box_shadow":{"horizontal":0,"vertical":0,"blur":10,"spread":0,"inset":"","color":"rgba(0,0,0,0.5)"},"section_typo":"","section_advanced":"","margin":{"unit":"%","top":"","right":"","bottom":"","left":"","isLinked":true},"padding":{"unit":"%","top":"","right":"","bottom":"","left":"","isLinked":true},"padding_tablet":{"unit":"%","top":"0","right":"5","bottom":"0","left":"5","isLinked":false},"section_responsive":"","screen_sm":"default","screen_sm_width":"100","screen_xs":"default","screen_xs_width":"100","section_custom_css":"","custom_css_description":"","section_background_overlay":"","layout":""},"elements":[{"id":"70abd26","settings":{"section_title":"","title":"Planes & Pricing ","link":{"is_external":"","url":""},"header_size":"h3","align":"center","section_title_style":"","title_color":"#252525","typography_typography":"custom","typography_font_size":{"unit":"px","size":"50"},"typography_font_size_tablet":{"unit":"px","size":"40"},"typography_font_size_mobile":{"unit":"px","size":"25"},"typography_font_family":"Dosis","typography_font_weight":"400","_section_style":"","_section_background":"","_box_shadow_box_shadow":{"horizontal":0,"vertical":0,"blur":10,"spread":0,"inset":"","color":"rgba(0,0,0,0.5)"},"_section_responsive":"","responsive_description":"","section_custom_css":"","custom_css_description":"","section_custom_css_pro":"","custom_css_pro":""},"elements":[],"isInner":false,"widgetType":"heading","elType":"widget"},{"id":"518136bb","settings":{"section_editor":"","editor":"<p>Ut sagittis hendrerit dolor quis sollicitudin. Sed tincidunt odio ut convallis dapibus.\u00a0<\/p>","section_style":"","align":"center","text_color":"#252525","typography_typography":"custom","typography_font_size":{"unit":"px","size":"19"},"typography_font_size_tablet":{"unit":"px","size":"14"},"typography_font_size_mobile":{"unit":"px","size":"13"},"typography_font_family":"Playfair Display","typography_line_height":{"unit":"em","size":1.7},"_section_style":"","_padding":{"unit":"%","top":"","right":"","bottom":"","left":"","isLinked":true},"_section_background":"","_box_shadow_box_shadow":{"horizontal":0,"vertical":0,"blur":10,"spread":0,"inset":"","color":"rgba(0,0,0,0.5)"},"_section_responsive":"","responsive_description":"","section_custom_css":"","custom_css_description":"","section_custom_css_pro":"","custom_css_pro":""},"elements":[],"isInner":false,"widgetType":"text-editor","elType":"widget"},{"id":"79093a8e","settings":{"section_layout":"","structure":"20","section_background":"","background_overlay_section":"","section_border":"","box_shadow_box_shadow":{"horizontal":0,"vertical":0,"blur":10,"spread":0,"inset":"","color":"rgba(0,0,0,0.5)"},"section_typo":"","section_advanced":"","padding":{"unit":"px","top":"40","right":"40","bottom":"0","left":"40","isLinked":false},"padding_tablet":{"unit":"px","top":"0","right":"0","bottom":"0","left":"0","isLinked":true},"_section_responsive":"","heading_visibility":"","responsive_description":"","section_custom_css":"","custom_css_description":""},"elements":[{"id":"60a1565","settings":{"_column_size":50,"_inline_size":null,"section_style":"","box_shadow_box_shadow":{"horizontal":0,"vertical":0,"blur":10,"spread":0,"inset":"","color":"rgba(0,0,0,0.5)"},"section_background_overlay":"","section_typo":"","section_advanced":"","margin":{"unit":"px","top":"0","right":"20","bottom":"0","left":"0","isLinked":false},"margin_mobile":{"unit":"px","top":"0","right":"0","bottom":"0","left":"0","isLinked":true},"padding_tablet":{"unit":"px","top":"0","right":"0","bottom":"0","left":"0","isLinked":true},"padding_mobile":{"unit":"px","top":"10","right":"10","bottom":"10","left":"10","isLinked":true},"section_responsive":"","screen_sm":"default","screen_sm_width":"100","screen_xs":"default","screen_xs_width":"100","section_custom_css":"","custom_css_description":"","layout":""},"elements":[{"id":"160516d1","settings":{"section_header":"","heading":"Personal","sub_heading":"","section_pricing":"","price":"29","original_price":"29","period":"Yearly","section_features":"","features_list":[{"item_text":"Lorem ipsum dolor sit amet","item_icon":"fa fa-check","_id":"nkvl7um","item_icon_color":"#43e6f3"},{"item_text":"Etiam id nisl lectus a est","item_icon":"fa fa-check","_id":"owui7v7","item_icon_color":"#43e6f3"},{"item_text":"Integer orci turpis vestibu lum.","item_icon":"fa fa-check","_id":"lnqdnab","item_icon_color":"#43e6f3"},{"item_text":"Class aptent taciti sociosqu","item_icon":"fa fa-check","item_icon_color":"#43e6f3","_id":"75ie7bj"}],"section_footer":"","button_text":"get started","link":{"is_external":"","url":"#"},"footer_additional_info":"","section_ribbon":"","ribbon_title":"","section_header_style":"","header_bg_color":"#ffffff","header_gap":{"unit":"px","size":"60"},"header_gap_tablet":{"unit":"px","size":43},"header_gap_mobile":{"unit":"px","size":38},"heading_heading_style":"","heading_color":"#252525","heading_typography_typography":"custom","heading_typography_font_size":{"unit":"px","size":"41"},"heading_typography_font_size_tablet":{"unit":"px","size":"30"},"heading_typography_font_size_mobile":{"unit":"px","size":"40"},"heading_typography_font_family":"Dosis","heading_typography_font_weight":"600","heading_typography_text_transform":"uppercase","heading_sub_heading_style":"","section_pricing_element_style":"","pricing_element_bg_color":"#ffffff","pricing_element_gap":{"unit":"px","size":0},"pricing_element_gap_tablet":{"unit":"px","size":0},"pricing_element_gap_mobile":{"unit":"px","size":0},"heading_currency_style":"","currency_color":"#43e6f3","currency_typography_typography":"custom","currency_typography_font_size":{"unit":"px","size":82},"currency_typography_font_size_tablet":{"unit":"px","size":70},"currency_typography_font_size_mobile":{"unit":"px","size":""},"currency_typography_font_family":"Playfair Display","currency_typography_font_weight":"","currency_typography_text_transform":"","currency_typography_font_style":"","currency_typography_line_height":{"unit":"em","size":""},"currency_typography_line_height_tablet":{"unit":"em","size":""},"currency_typography_line_height_mobile":{"unit":"em","size":""},"currency_typography_letter_spacing":{"unit":"px","size":""},"currency_typography_letter_spacing_tablet":{"unit":"px","size":""},"currency_typography_letter_spacing_mobile":{"unit":"px","size":""},"heading_price_style":"","price_color":"#43e6f3","price_typography_typography":"custom","price_typography_font_size":{"unit":"px","size":"80"},"price_typography_font_size_tablet":{"unit":"px","size":59},"price_typography_font_size_mobile":{"unit":"px","size":56},"heading_original_price_style":"","fractional_part_style":"","fractional_part_color":"","fractional_part_typography_typography":"custom","fractional_part_typography_font_size":{"unit":"px","size":""},"fractional_part_typography_font_size_tablet":{"unit":"px","size":""},"fractional_part_typography_font_size_mobile":{"unit":"px","size":""},"fractional_part_typography_font_family":"Dosis","fractional_part_typography_font_weight":"","fractional_part_typography_text_transform":"","fractional_part_typography_font_style":"","fractional_part_typography_line_height":{"unit":"em","size":""},"fractional_part_typography_line_height_tablet":{"unit":"em","size":""},"fractional_part_typography_line_height_mobile":{"unit":"em","size":""},"fractional_part_typography_letter_spacing":{"unit":"px","size":""},"fractional_part_typography_letter_spacing_tablet":{"unit":"px","size":""},"fractional_part_typography_letter_spacing_mobile":{"unit":"px","size":""},"period_style":"","period_color":"#252525","period_typography_typography":"custom","period_typography_font_size":{"unit":"px","size":"20"},"period_typography_font_size_tablet":{"unit":"px","size":"16"},"period_typography_font_family":"Playfair Display","period_typography_font_weight":"700","period_typography_line_height":{"unit":"em","size":2.9},"period_typography_line_height_tablet":{"unit":"em","size":"3"},"section_features_list_style":"","features_list_bg_color":"#ffffff","features_list_gap":{"unit":"px","size":25},"features_list_gap_tablet":{"unit":"px","size":""},"features_list_gap_mobile":{"unit":"px","size":""},"features_list_color":"#555555","features_list_typography_typography":"custom","features_list_typography_font_size":{"unit":"px","size":"15"},"features_list_typography_font_size_tablet":{"unit":"px","size":"14"},"features_list_typography_font_family":"Playfair Display","features_list_typography_line_height":{"unit":"em","size":2.1},"features_list_alignment":"left","item_width":{"unit":"%","size":57},"list_divider":"","divider_color":"#ffffff","divider_width":{"unit":"%","size":75},"section_footer_style":"","footer_bg_color":"#ffffff","footer_gap":{"unit":"px","size":50},"footer_gap_tablet":{"unit":"px","size":"30"},"footer_gap_mobile":{"unit":"px","size":45},"heading_footer_button":"","tabs_button_style":"","tab_button_normal":"","button_typography_typography":"custom","button_typography_font_size_tablet":{"unit":"px","size":14},"button_typography_font_family":"Roboto","button_typography_font_weight":"700","button_typography_text_transform":"uppercase","button_typography_letter_spacing":{"unit":"px","size":"2"},"button_background_color":"#252525","button_border_radius":{"unit":"px","top":"0","right":"0","bottom":"0","left":"0","isLinked":true},"tab_button_hover":"","button_background_hover_color":"#43e6f3","heading_additional_info":"","section_ribbon_style":"","ribbon_distance":{"unit":"px","size":35},"ribbon_distance_tablet":{"unit":"px","size":35},"ribbon_distance_mobile":{"unit":"px","size":35},"box_shadow_box_shadow":{"horizontal":0,"vertical":0,"blur":10,"spread":0,"inset":"","color":"rgba(0,0,0,0.5)"},"_section_style":"","_margin_tablet":{"unit":"px","top":"0","right":"0","bottom":"0","left":"0","isLinked":false},"_padding_tablet":{"unit":"px","top":"0","right":"0","bottom":"0","left":"0","isLinked":false},"_section_background":"","_box_shadow_box_shadow":{"horizontal":0,"vertical":0,"blur":10,"spread":0,"inset":"","color":"rgba(0,0,0,0.5)"},"_section_responsive":"","responsive_description":"","section_custom_css":"","custom_css_description":"","header_padding":{"unit":"px","top":"50","right":"0","bottom":"0","left":"0","isLinked":false},"pricing_element_padding":{"unit":"px","top":"30","right":"30","bottom":"30","left":"30","isLinked":true},"currency_size":{"unit":"px","size":"90"},"original_price_vertical_position":"","features_list_padding":{"unit":"px","top":"0","right":"0","bottom":"0","left":"0","isLinked":true},"item_width_tablet":{"unit":"px","size":78},"item_width_mobile":{"unit":"px","size":79},"footer_padding":{"unit":"px","top":"40","right":"0","bottom":"50","left":"0","isLinked":false},"heading_period_style":""},"elements":[],"isInner":false,"widgetType":"price-table","elType":"widget"}],"isInner":true,"elType":"column"},{"id":"cc5aceb","settings":{"_column_size":50,"_inline_size":null,"section_style":"","box_shadow_box_shadow":{"horizontal":0,"vertical":0,"blur":10,"spread":0,"inset":"","color":"rgba(0,0,0,0.5)"},"section_background_overlay":"","section_typo":"","section_advanced":"","margin":{"unit":"px","top":"0","right":"20","bottom":"0","left":"0","isLinked":false},"margin_mobile":{"unit":"px","top":"0","right":"0","bottom":"0","left":"0","isLinked":true},"padding_tablet":{"unit":"px","top":"0","right":"0","bottom":"0","left":"0","isLinked":true},"padding_mobile":{"unit":"px","top":"10","right":"10","bottom":"10","left":"10","isLinked":true},"section_responsive":"","screen_sm":"default","screen_sm_width":"100","screen_xs":"default","screen_xs_width":"100","section_custom_css":"","custom_css_description":"","layout":""},"elements":[{"id":"1c54a659","settings":{"section_header":"","heading":"Business","sub_heading":"","section_pricing":"","price":"79","original_price":"29","period":"Yearly","section_features":"","features_list":[{"item_text":"Lorem ipsum dolor sit amet","item_icon":"fa fa-check","_id":"nkvl7um","item_icon_color":"#43e6f3"},{"item_text":"Etiam id nisl lectus a est","item_icon":"fa fa-check","_id":"owui7v7","item_icon_color":"#43e6f3"},{"item_text":"Integer orci turpis vestibu lum.","item_icon":"fa fa-check","_id":"lnqdnab","item_icon_color":"#43e6f3"},{"item_text":"Class aptent taciti sociosqu","item_icon":"fa fa-check","item_icon_color":"#43e6f3","_id":"75ie7bj"}],"section_footer":"","button_text":"get started","link":{"is_external":"","url":"#"},"footer_additional_info":"","section_ribbon":"","ribbon_title":"","section_header_style":"","header_bg_color":"#ffffff","header_gap":{"unit":"px","size":"60"},"header_gap_tablet":{"unit":"px","size":43},"header_gap_mobile":{"unit":"px","size":38},"heading_heading_style":"","heading_color":"#252525","heading_typography_typography":"custom","heading_typography_font_size":{"unit":"px","size":"41"},"heading_typography_font_size_tablet":{"unit":"px","size":"30"},"heading_typography_font_size_mobile":{"unit":"px","size":"40"},"heading_typography_font_family":"Dosis","heading_typography_font_weight":"600","heading_typography_text_transform":"uppercase","heading_sub_heading_style":"","section_pricing_element_style":"","pricing_element_bg_color":"#ffffff","pricing_element_gap":{"unit":"px","size":0},"pricing_element_gap_tablet":{"unit":"px","size":0},"pricing_element_gap_mobile":{"unit":"px","size":0},"heading_currency_style":"","currency_color":"#43e6f3","currency_typography_typography":"custom","currency_typography_font_size":{"unit":"px","size":82},"currency_typography_font_size_tablet":{"unit":"px","size":70},"currency_typography_font_size_mobile":{"unit":"px","size":""},"currency_typography_font_family":"Playfair Display","currency_typography_font_weight":"","currency_typography_text_transform":"","currency_typography_font_style":"","currency_typography_line_height":{"unit":"em","size":""},"currency_typography_line_height_tablet":{"unit":"em","size":""},"currency_typography_line_height_mobile":{"unit":"em","size":""},"currency_typography_letter_spacing":{"unit":"px","size":""},"currency_typography_letter_spacing_tablet":{"unit":"px","size":""},"currency_typography_letter_spacing_mobile":{"unit":"px","size":""},"heading_price_style":"","price_color":"#43e6f3","price_typography_typography":"custom","price_typography_font_size":{"unit":"px","size":"80"},"price_typography_font_size_tablet":{"unit":"px","size":59},"price_typography_font_size_mobile":{"unit":"px","size":56},"heading_original_price_style":"","fractional_part_style":"","fractional_part_color":"","fractional_part_typography_typography":"custom","fractional_part_typography_font_size":{"unit":"px","size":""},"fractional_part_typography_font_size_tablet":{"unit":"px","size":""},"fractional_part_typography_font_size_mobile":{"unit":"px","size":""},"fractional_part_typography_font_family":"Dosis","fractional_part_typography_font_weight":"","fractional_part_typography_text_transform":"","fractional_part_typography_font_style":"","fractional_part_typography_line_height":{"unit":"em","size":""},"fractional_part_typography_line_height_tablet":{"unit":"em","size":""},"fractional_part_typography_line_height_mobile":{"unit":"em","size":""},"fractional_part_typography_letter_spacing":{"unit":"px","size":""},"fractional_part_typography_letter_spacing_tablet":{"unit":"px","size":""},"fractional_part_typography_letter_spacing_mobile":{"unit":"px","size":""},"period_style":"","period_color":"#252525","period_typography_typography":"custom","period_typography_font_size":{"unit":"px","size":"20"},"period_typography_font_size_tablet":{"unit":"px","size":"16"},"period_typography_font_family":"Playfair Display","period_typography_font_weight":"700","period_typography_line_height":{"unit":"em","size":2.9},"period_typography_line_height_tablet":{"unit":"em","size":3},"section_features_list_style":"","features_list_bg_color":"#ffffff","features_list_gap":{"unit":"px","size":25},"features_list_gap_tablet":{"unit":"px","size":""},"features_list_gap_mobile":{"unit":"px","size":""},"features_list_color":"#555555","features_list_typography_typography":"custom","features_list_typography_font_size":{"unit":"px","size":"15"},"features_list_typography_font_size_tablet":{"unit":"px","size":"14"},"features_list_typography_font_family":"Playfair Display","features_list_typography_line_height":{"unit":"em","size":2.1},"features_list_alignment":"left","item_width":{"unit":"%","size":57},"list_divider":"","divider_color":"#ffffff","divider_width":{"unit":"%","size":75},"section_footer_style":"","footer_bg_color":"#ffffff","footer_gap":{"unit":"px","size":50},"footer_gap_tablet":{"unit":"px","size":"30"},"footer_gap_mobile":{"unit":"px","size":45},"heading_footer_button":"","tabs_button_style":"","tab_button_normal":"","button_typography_typography":"custom","button_typography_font_size_tablet":{"unit":"px","size":14},"button_typography_font_family":"Roboto","button_typography_font_weight":"700","button_typography_text_transform":"uppercase","button_typography_letter_spacing":{"unit":"px","size":"2"},"button_background_color":"#252525","button_border_radius":{"unit":"px","top":"0","right":"0","bottom":"0","left":"0","isLinked":true},"tab_button_hover":"","button_background_hover_color":"#43e6f3","heading_additional_info":"","section_ribbon_style":"","ribbon_distance":{"unit":"px","size":35},"ribbon_distance_tablet":{"unit":"px","size":35},"ribbon_distance_mobile":{"unit":"px","size":35},"box_shadow_box_shadow":{"horizontal":0,"vertical":0,"blur":10,"spread":0,"inset":"","color":"rgba(0,0,0,0.5)"},"_section_style":"","_margin_tablet":{"unit":"px","top":"0","right":"0","bottom":"0","left":"0","isLinked":false},"_padding_tablet":{"unit":"px","top":"0","right":"0","bottom":"0","left":"0","isLinked":false},"_section_background":"","_box_shadow_box_shadow":{"horizontal":0,"vertical":0,"blur":10,"spread":0,"inset":"","color":"rgba(0,0,0,0.5)"},"_section_responsive":"","responsive_description":"","section_custom_css":"","custom_css_description":"","header_padding":{"unit":"px","top":"50","right":"0","bottom":"0","left":"0","isLinked":false},"pricing_element_padding":{"unit":"px","top":"30","right":"30","bottom":"30","left":"30","isLinked":true},"currency_size":{"unit":"px","size":"90"},"original_price_vertical_position":"","item_width_tablet":{"unit":"px","size":78},"item_width_mobile":{"unit":"px","size":"79"},"footer_padding":{"unit":"px","top":"40","right":"0","bottom":"50","left":"0","isLinked":false},"heading_period_style":""},"elements":[],"isInner":false,"widgetType":"price-table","elType":"widget"}],"isInner":true,"elType":"column"}],"isInner":true,"elType":"section"}],"isInner":false,"elType":"column"}],"isInner":false,"elType":"section"},{"id":"5a61032c","settings":{"section_layout":"","content_width":{"unit":"px","size":"1040"},"section_background":"","background_overlay_section":"","section_border":"","box_shadow_box_shadow":{"horizontal":0,"vertical":0,"blur":10,"spread":0,"inset":"","color":"rgba(0,0,0,0.5)"},"section_typo":"","section_advanced":"","padding":{"unit":"px","top":"100","right":"0","bottom":"100","left":"0","isLinked":false},"padding_tablet":{"unit":"px","top":"70","right":"30","bottom":"70","left":"30","isLinked":false},"padding_mobile":{"unit":"%","top":"10","right":"5","bottom":"10","left":"5","isLinked":false},"_section_responsive":"","heading_visibility":"","responsive_description":"","section_custom_css":"","custom_css_description":""},"elements":[{"id":"41a8667a","settings":{"_column_size":100,"_inline_size":null,"section_style":"","box_shadow_box_shadow":{"horizontal":0,"vertical":0,"blur":10,"spread":0,"inset":"","color":"rgba(0,0,0,0.5)"},"section_typo":"","section_advanced":"","section_responsive":"","screen_sm":"default","screen_sm_width":"100","screen_xs":"default","screen_xs_width":"100","section_custom_css":"","custom_css_description":"","section_background_overlay":"","layout":""},"elements":[{"id":"167e9568","settings":{"section_title":"","title":"News & Updates","link":{"is_external":"","url":""},"header_size":"h3","align":"center","section_title_style":"","title_color":"#252525","typography_typography":"custom","typography_font_size":{"unit":"px","size":"50"},"typography_font_size_tablet":{"unit":"px","size":"40"},"typography_font_size_mobile":{"unit":"px","size":"25"},"typography_font_family":"Dosis","typography_font_weight":"400","typography_text_transform":"capitalize","_section_style":"","_padding":{"unit":"%","top":"","right":"","bottom":"","left":"","isLinked":true},"_section_background":"","_box_shadow_box_shadow":{"horizontal":0,"vertical":0,"blur":10,"spread":0,"inset":"","color":"rgba(0,0,0,0.5)"},"_section_responsive":"","responsive_description":"","section_custom_css":"","custom_css_description":"","section_custom_css_pro":"","custom_css_pro":""},"elements":[],"isInner":false,"widgetType":"heading","elType":"widget"},{"id":"aa9c6f9","settings":{"section_editor":"","editor":"<p>Get updated with the latest news about our company's achievements and activities<\/p>","section_style":"","align":"center","text_color":"#252525","typography_typography":"custom","typography_font_size":{"unit":"px","size":"19"},"typography_font_size_tablet":{"unit":"px","size":"14"},"typography_font_size_mobile":{"unit":"px","size":"13"},"typography_font_family":"Playfair Display","typography_line_height":{"unit":"em","size":1.7},"_section_style":"","_padding":{"unit":"%","top":"0","right":"0","bottom":"5","left":"0","isLinked":false},"_section_background":"","_box_shadow_box_shadow":{"horizontal":0,"vertical":0,"blur":10,"spread":0,"inset":"","color":"rgba(0,0,0,0.5)"},"_section_responsive":"","responsive_description":"","section_custom_css":"","custom_css_description":"","section_custom_css_pro":"","custom_css_pro":""},"elements":[],"isInner":false,"widgetType":"text-editor","elType":"widget"},{"id":"d5a9574","settings":{"section_layout":"","columns":"3","columns_tablet":"3","columns_mobile":"1","classic_posts_per_page":"3","classic_item_ratio":{"unit":"px","size":"0.5"},"classic_excerpt_length":25,"classic_meta_separator":"\/\/\/","classic_read_more_text":"Read More \u00bb","section_query":"","advanced":"","offset":"","section_design_layout":"","classic_column_gap":{"unit":"px","size":40},"section_design_image":"","section_design_content":"","classic_title_color":"#000000","classic_title_typography_typography":"custom","classic_title_typography_font_size":{"unit":"px","size":"25"},"classic_title_typography_font_size_mobile":{"unit":"px","size":"23"},"classic_title_typography_font_family":"Dosis","classic_title_typography_font_weight":"600","classic_meta_typography_typography":"custom","classic_meta_typography_font_family":"Dosis","classic_excerpt_color":"#000000","classic_excerpt_typography_typography":"custom","classic_excerpt_typography_font_size_mobile":{"unit":"px","size":"13"},"classic_excerpt_typography_font_family":"Playfair Display","classic_read_more_color":"#43e6f3","classic_read_more_typography_typography":"custom","classic_read_more_typography_font_size":{"unit":"px","size":"17"},"classic_read_more_typography_font_size_mobile":{"unit":"px","size":"15"},"classic_read_more_typography_font_family":"Dosis","classic_read_more_typography_font_weight":"600","_section_style":"","_section_background":"","_box_shadow_box_shadow":{"horizontal":0,"vertical":0,"blur":10,"spread":0,"inset":"","color":"rgba(0,0,0,0.5)"},"_section_responsive":"","responsive_description":"","section_custom_css":"","custom_css_description":"","classic_heading_title_style":"","classic_heading_meta_style":"","classic_heading_excerpt_style":"","classic_heading_readmore_style":"","post_type":"post","cards_meta_separator":"\u2022","cards_read_more_text":"Read More \u00bb","pagination_page_limit":"5","pagination_prev_label":"&laquo; Previous","pagination_next_label":"Next &raquo;"},"elements":[],"isInner":false,"widgetType":"posts","elType":"widget"}],"isInner":false,"elType":"column"}],"isInner":false,"elType":"section"},{"id":"709523c5","settings":{"section_layout":"","content_position":"middle","structure":"20","section_background":"","background_background":"classic","background_image":{"id":856,"url":"http:\/\/localhost\/test\/wp-content\/uploads\/2018\/09\/26.jpg"},"background_position":"top center","background_size":"cover","background_overlay_section":"","background_overlay_background":"classic","background_overlay_color":"#000000","background_overlay_opacity":{"unit":"px","size":"0.8"},"section_border":"","box_shadow_box_shadow":{"horizontal":0,"vertical":0,"blur":10,"spread":0,"inset":"","color":"rgba(0,0,0,0.5)"},"section_typo":"","section_advanced":"","margin_mobile":{"unit":"px","top":"","right":0,"bottom":"","left":0,"isLinked":true},"padding":{"unit":"px","top":"60","right":"0","bottom":"60","left":"0","isLinked":false},"padding_tablet":{"unit":"px","top":"40","right":"20","bottom":"40","left":"20","isLinked":false},"padding_mobile":{"unit":"px","top":"50","right":"30","bottom":"50","left":"30","isLinked":false},"_section_responsive":"","heading_visibility":"","responsive_description":"","section_custom_css":"","custom_css_description":""},"elements":[{"id":"349aad78","settings":{"_column_size":50,"_inline_size":"47.018","section_style":"","box_shadow_box_shadow":{"horizontal":0,"vertical":0,"blur":10,"spread":0,"inset":"","color":"rgba(0,0,0,0.5)"},"section_typo":"","section_advanced":"","section_responsive":"","screen_sm":"default","screen_sm_width":"100","screen_xs":"default","screen_xs_width":"100","section_custom_css":"","custom_css_description":"","section_background_overlay":"","layout":""},"elements":[{"id":"51c34b57","settings":{"section_title":"","title":"Get the most advanced marketing tips","link":{"is_external":"","url":""},"header_size":"h3","align":"left","align_mobile":"center","section_title_style":"","title_color":"#ffffff","typography_typography":"custom","typography_font_size":{"unit":"px","size":"41"},"typography_font_size_tablet":{"unit":"px","size":"30"},"typography_font_size_mobile":{"unit":"px","size":"25"},"typography_font_family":"Dosis","typography_font_weight":"400","typography_text_transform":"capitalize","typography_line_height":{"unit":"em","size":"1.2"},"_section_style":"","_padding":{"unit":"%","top":"","right":"","bottom":"","left":"","isLinked":true},"_padding_mobile":{"unit":"px","top":"0","right":"0","bottom":"20","left":"0","isLinked":false},"_section_background":"","_box_shadow_box_shadow":{"horizontal":0,"vertical":0,"blur":10,"spread":0,"inset":"","color":"rgba(0,0,0,0.5)"},"_section_responsive":"","responsive_description":"","section_custom_css":"","custom_css_description":"","section_custom_css_pro":"","custom_css_pro":""},"elements":[],"isInner":false,"widgetType":"heading","elType":"widget"}],"isInner":false,"elType":"column"},{"id":"20aac280","settings":{"_column_size":50,"_inline_size":"52.982","section_style":"","box_shadow_box_shadow":{"horizontal":0,"vertical":0,"blur":10,"spread":0,"inset":"","color":"rgba(0,0,0,0.5)"},"section_typo":"","section_advanced":"","padding":{"unit":"%","top":"0","right":"0","bottom":"0","left":"5","isLinked":false},"padding_mobile":{"unit":"px","top":"0","right":"0","bottom":"0","left":"0","isLinked":true},"section_responsive":"","screen_sm":"default","screen_sm_width":"100","screen_xs":"default","screen_xs_width":"100","section_custom_css":"","custom_css_description":"","section_background_overlay":"","layout":""},"elements":[{"id":"52adbca1","settings":{"section_form_fields":"","form_name":"New Form","form_fields":[{"field_type":"text","field_label":"your email adreass","placeholder":"your email adreass","width":"66","required":"true","field_options":"","inline_list":"","rows":4,"recaptcha_size":"normal","recaptcha_style":"light","css_classes":"","_id":"uqp1gkt","width_tablet":"","width_mobile":"","field_value":"","file_sizes":"","file_types":"","allow_multiple_upload":"","max_files":"","acceptance_text":"","checked_by_default":"","field_min":"","field_max":"","min_date":"","max_date":"","use_native_date":"","use_native_time":"","allow_multiple":"","select_size":"","field_html":""}],"input_size":"md","show_labels":"","section_submit_button":"","button_text":"Send","button_size":"md","button_width":"33","button_align_tablet":"stretch","button_align_mobile":"stretch","section_form_options":"","success_message":"The message was sent successfully!","error_message":"There's something wrong... Please fill in the required fields.","required_field_message":"Required","invalid_message":"There's something wrong... The form is invalid.","section_form_style":"","column_gap":{"unit":"px","size":0},"row_gap":{"unit":"px","size":"10"},"heading_label":"","section_field_style":"","field_typography_typography":"custom","field_typography_font_family":"Roboto","field_typography_text_transform":"capitalize","field_border_radius":{"unit":"px","top":"0","right":"0","bottom":"0","left":"0","isLinked":true},"section_button_style":"","tabs_button_style":"","tab_button_normal":"","button_text_color":"#252525","button_typography_typography":"custom","button_typography_font_family":"Dosis","button_typography_font_weight":"bold","button_typography_text_transform":"uppercase","button_typography_letter_spacing":{"unit":"px","size":"3"},"button_background_color":"#43e6f3","button_border_radius":{"unit":"px","top":"0","right":"0","bottom":"0","left":"0","isLinked":true},"tab_button_hover":"","_section_style":"","_section_background":"","_box_shadow_box_shadow":{"horizontal":0,"vertical":0,"blur":10,"spread":0,"inset":"","color":"rgba(0,0,0,0.5)"},"_section_responsive":"","responsive_description":"","section_custom_css":"","custom_css_description":"","send_html":"","mark_required":"yes","email_content":"[all-fields]","email_content_2":"[all-fields]"},"elements":[],"isInner":false,"widgetType":"form","elType":"widget"}],"isInner":false,"elType":"column"}],"isInner":false,"elType":"section"}]}