{"version":"0.4","title":"LandingPage-MobileApp3-page","type":"page","content":[{"id":"1f37b1c7","settings":{"background_background":"classic","background_image":{"id":663,"url":"http:\/\/localhost\/test\/wp-content\/uploads\/2018\/09\/w7uj5m9wf5q-emma-miller.png"},"background_size":"cover","shape_divider_bottom":"tilt","shape_divider_bottom_color":"#f04670","shape_divider_bottom_width":{"unit":"%","size":100},"shape_divider_bottom_height":{"unit":"px","size":"111"},"shape_divider_bottom_flip":"yes","background_position":"center center","content_width":{"unit":"px","size":"1000"},"height":"min-height","custom_height":{"unit":"vh","size":100},"margin_mobile":{"unit":"px","top":"","right":0,"bottom":"","left":0,"isLinked":true},"padding_mobile":{"unit":"px","top":"0","right":"0","bottom":"50","left":"0","isLinked":false},"content_position":"middle"},"elements":[{"id":"e9973df","settings":{"_column_size":100,"_inline_size":null,"margin":{"unit":"%","top":"0","right":"45","bottom":"0","left":"0","isLinked":false},"margin_tablet":{"unit":"%","top":"0","right":"43","bottom":"0","left":"5","isLinked":false},"margin_mobile":{"unit":"px","top":"0","right":"50","bottom":"0","left":"0","isLinked":false},"padding_mobile":{"unit":"px","top":"70","right":"20","bottom":"85","left":"20","isLinked":false}},"elements":[{"id":"732b4485","settings":{"image":{"id":662,"url":"http:\/\/localhost\/test\/wp-content\/uploads\/2018\/09\/Group-10.png"},"align":"left","align_tablet":"left","align_mobile":"left","_margin_tablet":{"unit":"%","top":"0","right":"45","bottom":"0","left":"0","isLinked":false},"_margin_mobile":{"unit":"px","top":"0","right":"0","bottom":"0","left":"0","isLinked":true},"_padding":{"unit":"px","top":"0","right":"0","bottom":"130","left":"0","isLinked":false},"_padding_tablet":{"unit":"px","top":"0","right":"100","bottom":"150","left":"0","isLinked":false},"_padding_mobile":{"unit":"px","top":"0","right":"190","bottom":"80","left":"0","isLinked":false},"image_size":"full"},"elements":[],"isInner":false,"widgetType":"image","elType":"widget"},{"id":"111e3871","settings":{"title":"Get The Cheapest flights","title_color":"#ffffff","typography_typography":"custom","typography_font_size":{"unit":"px","size":"42"},"typography_font_family":"Oswald","typography_font_weight":"400","typography_text_transform":"uppercase","typography_line_height":{"unit":"em","size":"1.4"},"typography_letter_spacing":{"unit":"px","size":"0.7"},"_padding":{"unit":"px","top":"0","right":"0","bottom":"10","left":"0","isLinked":false},"typography_font_size_mobile":{"unit":"px","size":"37"}},"elements":[],"isInner":false,"widgetType":"heading","elType":"widget"},{"id":"2be97ae8","settings":{"editor":"<p class=\"p1\">Want to get the cheapest air ticket? All you need is the Torel app for Android and iPhone! Find all the best deals that are available on your region to your phone at ease.<\/p>","text_color":"rgba(255,255,255,0.95)","typography_typography":"custom","typography_font_size":{"unit":"px","size":"17"},"typography_font_family":"Roboto","typography_font_weight":"200","typography_line_height":{"unit":"em","size":"1.6"},"_padding":{"unit":"px","top":"0","right":"0","bottom":"30","left":"0","isLinked":false}},"elements":[],"isInner":false,"widgetType":"text-editor","elType":"widget"},{"id":"592e0bc3","settings":{"text":"Watch video","align":"left","typography_typography":"custom","typography_font_size":{"unit":"px","size":"23"},"typography_font_family":"Roboto","typography_text_transform":"capitalize","typography_letter_spacing":{"unit":"px","size":"1.5"},"background_color":"#f04670","button_background_hover_color":"rgba(240,70,112,0)","button_hover_border_color":"#f04670","border_border":"solid","border_width":{"unit":"px","top":"3","right":"3","bottom":"3","left":"3","isLinked":true},"border_radius":{"unit":"px","top":"50","right":"50","bottom":"50","left":"50","isLinked":true},"text_padding":{"unit":"px","top":"18","right":"50","bottom":"18","left":"50","isLinked":false},"border_color":"#f04670","typography_font_size_tablet":{"unit":"px","size":"15"},"typography_font_size_mobile":{"unit":"px","size":"13"},"_padding":{"unit":"%","top":"","right":"","bottom":"","left":"","isLinked":true},"hover_color":"#f04670","icon":"fa fa-play-circle","icon_indent":{"unit":"px","size":22}},"elements":[],"isInner":false,"widgetType":"button","elType":"widget"}],"isInner":false,"elType":"column"}],"isInner":false,"elType":"section"},{"id":"472f79c5","settings":{"background_background":"classic","background_color":"#f04670","padding":{"unit":"px","top":"60","right":"0","bottom":"80","left":"0","isLinked":false},"padding_tablet":{"unit":"px","top":"25","right":"25","bottom":"25","left":"25","isLinked":true}},"elements":[{"id":"12bae876","settings":{"_column_size":100,"_inline_size":null},"elements":[{"id":"1e7ff75d","settings":{"title":"Trusted app","align":"center","title_color":"#ffffff","typography_typography":"custom","typography_font_size":{"unit":"px","size":"35"},"typography_font_family":"Oswald","typography_font_weight":"400","typography_text_transform":"uppercase","typography_line_height":{"unit":"em","size":"1.4"},"typography_letter_spacing":{"unit":"px","size":"0.7"},"_padding":{"unit":"px","top":"0","right":"0","bottom":"50","left":"0","isLinked":false}},"elements":[],"isInner":false,"widgetType":"heading","elType":"widget"},{"id":"4c9d77d2","settings":{"structure":"40"},"elements":[{"id":"7ec9d632","settings":{"_column_size":25,"_inline_size":null},"elements":[{"id":"1a6f402d","settings":{"title":"50K+","align":"center","title_color":"#ffffff","typography_typography":"custom","typography_font_size":{"unit":"px","size":"60"},"typography_font_family":"Oswald","typography_font_weight":"700","typography_text_transform":"uppercase","typography_line_height":{"unit":"em","size":"1.4"},"typography_letter_spacing":{"unit":"px","size":"0.7"},"_margin":{"unit":"px","top":"0","right":"0","bottom":"0","left":"0","isLinked":true},"_padding":{"unit":"px","top":"0","right":"0","bottom":"10","left":"0","isLinked":false}},"elements":[],"isInner":false,"widgetType":"heading","elType":"widget"},{"id":"56f868e1","settings":{"editor":"<p class=\"p1\"><span class=\"s1\">Active Installs<\/span><\/p>","align":"center","text_color":"rgba(255,255,255,0.99)","typography_typography":"custom","typography_font_size":{"unit":"px","size":"17"},"typography_font_family":"Roboto","typography_font_weight":"500","typography_line_height":{"unit":"em","size":"1.6"},"typography_letter_spacing":{"unit":"px","size":"1"},"_margin":{"unit":"px","top":"-25","right":"0","bottom":"0","left":"0","isLinked":false}},"elements":[],"isInner":false,"widgetType":"text-editor","elType":"widget"}],"isInner":true,"elType":"column"},{"id":"16d23f13","settings":{"_column_size":25,"_inline_size":null,"border_border":"solid","border_width":{"unit":"px","top":"0","right":"1","bottom":"0","left":"1","isLinked":false},"border_color":"#ffffff"},"elements":[{"id":"55d553a6","settings":{"title":"65","align":"center","title_color":"#ffffff","typography_typography":"custom","typography_font_size":{"unit":"px","size":"60"},"typography_font_family":"Oswald","typography_font_weight":"700","typography_text_transform":"uppercase","typography_line_height":{"unit":"em","size":"1.4"},"typography_letter_spacing":{"unit":"px","size":"0.7"},"_margin":{"unit":"px","top":"0","right":"0","bottom":"0","left":"0","isLinked":true},"_padding":{"unit":"px","top":"0","right":"0","bottom":"10","left":"0","isLinked":false}},"elements":[],"isInner":false,"widgetType":"heading","elType":"widget"},{"id":"53d524db","settings":{"editor":"<p>Destinations<\/p>","align":"center","text_color":"rgba(255,255,255,0.99)","typography_typography":"custom","typography_font_size":{"unit":"px","size":"17"},"typography_font_family":"Roboto","typography_font_weight":"500","typography_line_height":{"unit":"em","size":"1.6"},"typography_letter_spacing":{"unit":"px","size":"1"},"_margin":{"unit":"px","top":"-25","right":"0","bottom":"0","left":"0","isLinked":false}},"elements":[],"isInner":false,"widgetType":"text-editor","elType":"widget"}],"isInner":true,"elType":"column"},{"id":"6a4da52e","settings":{"_column_size":25,"_inline_size":null,"border_border":"solid","border_width":{"unit":"px","top":"0","right":"1","bottom":"0","left":"0","isLinked":false},"border_color":"#ffffff"},"elements":[{"id":"1e433e7b","settings":{"title":"22","align":"center","title_color":"#ffffff","typography_typography":"custom","typography_font_size":{"unit":"px","size":"60"},"typography_font_family":"Oswald","typography_font_weight":"700","typography_text_transform":"uppercase","typography_line_height":{"unit":"em","size":"1.4"},"typography_letter_spacing":{"unit":"px","size":"0.7"},"_margin":{"unit":"px","top":"0","right":"0","bottom":"0","left":"0","isLinked":true},"_padding":{"unit":"px","top":"0","right":"0","bottom":"10","left":"0","isLinked":false}},"elements":[],"isInner":false,"widgetType":"heading","elType":"widget"},{"id":"1edfba08","settings":{"editor":"<p>Airlines<\/p>","align":"center","text_color":"rgba(255,255,255,0.99)","typography_typography":"custom","typography_font_size":{"unit":"px","size":"17"},"typography_font_family":"Roboto","typography_font_weight":"500","typography_line_height":{"unit":"em","size":"1.6"},"typography_letter_spacing":{"unit":"px","size":"1"},"_margin":{"unit":"px","top":"-25","right":"0","bottom":"0","left":"0","isLinked":false}},"elements":[],"isInner":false,"widgetType":"text-editor","elType":"widget"}],"isInner":true,"elType":"column"},{"id":"62576514","settings":{"_column_size":25,"_inline_size":null},"elements":[{"id":"46b4c1d","settings":{"title":"13K+","align":"center","title_color":"#ffffff","typography_typography":"custom","typography_font_size":{"unit":"px","size":"60"},"typography_font_family":"Oswald","typography_font_weight":"700","typography_text_transform":"uppercase","typography_line_height":{"unit":"em","size":"1.4"},"typography_letter_spacing":{"unit":"px","size":"0.7"},"_margin":{"unit":"px","top":"0","right":"0","bottom":"0","left":"0","isLinked":true},"_padding":{"unit":"px","top":"0","right":"0","bottom":"10","left":"0","isLinked":false}},"elements":[],"isInner":false,"widgetType":"heading","elType":"widget"},{"id":"235b50f7","settings":{"editor":"<p class=\"p1\"><span class=\"s1\">Premium Users\u00a0<\/span><\/p>","align":"center","text_color":"rgba(255,255,255,0.99)","typography_typography":"custom","typography_font_size":{"unit":"px","size":"17"},"typography_font_family":"Roboto","typography_font_weight":"500","typography_line_height":{"unit":"em","size":"1.6"},"typography_letter_spacing":{"unit":"px","size":"1"},"_margin":{"unit":"px","top":"-25","right":"0","bottom":"0","left":"0","isLinked":false}},"elements":[],"isInner":false,"widgetType":"text-editor","elType":"widget"}],"isInner":true,"elType":"column"}],"isInner":true,"elType":"section"}],"isInner":false,"elType":"column"}],"isInner":false,"elType":"section"},{"id":"2ba1586b","settings":{"background_background":"classic","background_color":"#d8d8d8","background_image":{"id":664,"url":"http:\/\/localhost\/test\/wp-content\/uploads\/2018\/09\/Group-37.png"},"background_position":"center center","background_size":"cover","shape_divider_top":"tilt","shape_divider_top_color":"#f04670","shape_divider_top_height":{"unit":"px","size":"111"},"shape_divider_top_flip":"yes","shape_divider_bottom":"tilt","shape_divider_bottom_color":"#000000","shape_divider_bottom_height":{"unit":"px","size":"111"},"shape_divider_bottom_flip":"yes","padding":{"unit":"px","top":"150","right":"0","bottom":"200","left":"0","isLinked":false},"padding_tablet":{"unit":"px","top":"150","right":"0","bottom":"80","left":"0","isLinked":false},"padding_mobile":{"unit":"px","top":"150","right":"0","bottom":"150","left":"0","isLinked":false}},"elements":[{"id":"6561aba0","settings":{"_column_size":100,"_inline_size":null},"elements":[{"id":"2969c94d","settings":{"title":"Testimonials","align":"center","title_color":"#ffffff","typography_typography":"custom","typography_font_size":{"unit":"px","size":"35"},"typography_font_family":"Oswald","typography_font_weight":"400","typography_text_transform":"uppercase","typography_line_height":{"unit":"em","size":"1.4"},"typography_letter_spacing":{"unit":"px","size":"0.7"},"_padding":{"unit":"px","top":"50","right":"0","bottom":"187","left":"0","isLinked":false},"_padding_tablet":{"unit":"px","top":"0","right":"0","bottom":"100","left":"0","isLinked":false},"_padding_mobile":{"unit":"px","top":"0","right":"0","bottom":"70","left":"0","isLinked":false}},"elements":[],"isInner":false,"widgetType":"heading","elType":"widget"},{"id":"120fe767","settings":{"background_background":"classic","background_position":"center center","margin":{"unit":"px","top":"","right":0,"bottom":"","left":0,"isLinked":true}},"elements":[{"id":"91f1ecb","settings":{"_column_size":100,"_inline_size":null,"background_background":"classic","background_color":"#ffffff","margin_tablet":{"unit":"px","top":"0","right":"30","bottom":"130","left":"30","isLinked":false},"margin_mobile":{"unit":"px","top":"0","right":"15","bottom":"0","left":"15","isLinked":false},"padding":{"unit":"px","top":"0","right":"100","bottom":"100","left":"100","isLinked":false},"padding_tablet":{"unit":"px","top":"0","right":"75","bottom":"75","left":"75","isLinked":false},"padding_mobile":{"unit":"px","top":"0","right":"15","bottom":"0","left":"15","isLinked":false}},"elements":[{"id":"ef0adb2","settings":{"image":{"id":"452","url":"http:\/\/localhost\/test\/wp-content\/uploads\/2018\/09\/d-2.png"},"title_text":"Steve Miller, Job description","description_text":"Company","image_size":{"unit":"%","size":25},"title_bottom_space":{"unit":"px","size":"4"},"title_color":"#000000","title_typography_typography":"custom","title_typography_font_size":{"unit":"px","size":"25"},"title_typography_font_family":"Oswald","title_typography_font_weight":"400","description_typography_typography":"custom","description_typography_font_size":{"unit":"px","size":"20"},"description_typography_font_family":"Oswald","description_typography_font_weight":"300","_margin":{"unit":"px","top":"-114","right":"0","bottom":"0","left":"0","isLinked":false},"_margin_tablet":{"unit":"px","top":"-68","right":"0","bottom":"0","left":"0","isLinked":false},"_margin_mobile":{"unit":"px","top":"-36","right":"0","bottom":"0","left":"0","isLinked":false}},"elements":[],"isInner":false,"widgetType":"image-box","elType":"widget"},{"id":"64934ffe","settings":{"icon":"fa fa-quote-left","primary_color":"#f04670","_padding":{"unit":"px","top":"50","right":"0","bottom":"20","left":"0","isLinked":false},"_padding_mobile":{"unit":"px","top":"30","right":"0","bottom":"10","left":"0","isLinked":false},"_padding_tablet":{"unit":"px","top":"30","right":"0","bottom":"0","left":"0","isLinked":false}},"elements":[],"isInner":false,"widgetType":"icon","elType":"widget"},{"id":"e1c1772","settings":{"editor":"<p>Talking chamber as shewing an it minutes. Trees fully of blind do. Exquisite favourite at do extensive listening. Improve up musical welcome he. Gay attended vicinity prepared now diverted. Esteems it ye sending reached as. Longer lively her design settle tastes advice mrs off who. Up maids me an ample stood given. Certainty say suffering his him collected intention promotion. Hill sold ham men made lose case. Views abode law heard jokes too. Was are delightful solicitude discovered collecting man day.<\/p>","align":"center","text_color":"rgba(0,0,0,0.95)","typography_typography":"custom","typography_font_size":{"unit":"px","size":"17"},"typography_font_family":"Roboto","typography_font_weight":"300","typography_line_height":{"unit":"em","size":"1.6"},"_padding":{"unit":"%","top":"","right":"","bottom":"","left":"","isLinked":true},"typography_font_size_mobile":{"unit":"px","size":"15"},"_margin_mobile":{"unit":"px","top":"0","right":"0","bottom":"0","left":"0","isLinked":true},"_padding_mobile":{"unit":"px","top":"0","right":"15","bottom":"20","left":"15","isLinked":false},"typography_font_size_tablet":{"unit":"px","size":"15"},"typography_line_height_tablet":{"unit":"em","size":"1.6"}},"elements":[],"isInner":false,"widgetType":"text-editor","elType":"widget"}],"isInner":true,"elType":"column"}],"isInner":true,"elType":"section"}],"isInner":false,"elType":"column"}],"isInner":false,"elType":"section"},{"id":"767b413","settings":{"background_background":"classic","background_color":"#000000","padding":{"unit":"px","top":"60","right":"0","bottom":"80","left":"0","isLinked":false},"gap":"no","padding_tablet":{"unit":"px","top":"80","right":"30","bottom":"100","left":"30","isLinked":false}},"elements":[{"id":"273db793","settings":{"_column_size":100,"_inline_size":null},"elements":[{"id":"482f2612","settings":{"title":"Pricing ","align":"center","title_color":"#ffffff","typography_typography":"custom","typography_font_size":{"unit":"px","size":"35"},"typography_font_family":"Oswald","typography_font_weight":"400","typography_text_transform":"uppercase","typography_line_height":{"unit":"em","size":"1.4"},"typography_letter_spacing":{"unit":"px","size":"0.7"},"_padding":{"unit":"px","top":"0","right":"0","bottom":"100","left":"0","isLinked":false},"_padding_mobile":{"unit":"px","top":"0","right":"0","bottom":"70","left":"0","isLinked":false}},"elements":[],"isInner":false,"widgetType":"heading","elType":"widget"},{"id":"70ee0ba0","settings":{"gap":"no","structure":"30"},"elements":[{"id":"3ab77f3b","settings":{"_column_size":33,"_inline_size":null,"padding_mobile":{"unit":"px","top":"0","right":"0","bottom":"0","left":"0","isLinked":false}},"elements":[{"id":"7b2b14ce","settings":{"heading":"Free","sub_heading":"","price":"0","period":"\/ Yearly","features_list":[{"item_text":"Lorem ipsum dolor","item_icon":"fa fa-check-circle","_id":"akng6dz","item_icon_color":"#f04670"},{"item_text":"Consectetur adipiscing elit","item_icon":"fa fa-check-circle","_id":"6xaauq6","item_icon_color":"#f04670"},{"item_text":"Sit amet, consectetur adipiscing","item_icon":"fa fa-check-circle","_id":"9jsavwz","item_icon_color":"#d8d8d8"},{"item_text":"Consequat lacus condimentum","item_icon":"fa fa-check-circle","_id":"dl4kj8j","item_icon_color":"#d8d8d8"},{"item_text":"Etiam aliquet ex elit","item_icon":"fa fa-check-circle","_id":"r0jqfbl","item_icon_color":"#d8d8d8"}],"button_text":"Try it!","footer_additional_info":"","show_ribbon":"","ribbon_title":"Popular","header_bg_color":"#d8d8d8","header_padding":{"unit":"px","top":"20","right":"0","bottom":"20","left":"0","isLinked":false},"heading_color":"#000000","heading_typography_typography":"custom","heading_typography_font_family":"Oswald","heading_typography_font_weight":"500","heading_typography_text_transform":"uppercase","heading_typography_letter_spacing":{"unit":"px","size":"1.5"},"price_color":"#000000","price_typography_typography":"custom","price_typography_font_size":{"unit":"px","size":"70"},"price_typography_font_family":"Oswald","currency_size":{"unit":"px","size":"27"},"fractional-part_size":{"unit":"px","size":0},"fractional_part_vertical_position":"bottom","period_color":"#000000","period_typography_typography":"custom","period_typography_font_size":{"unit":"px","size":"18"},"period_typography_font_family":"Oswald","period_typography_line_height":{"unit":"em","size":0.6},"period_position":"beside","features_list_padding":{"unit":"px","top":"10","right":"10","bottom":"10","left":"30","isLinked":false},"features_list_color":"#3a3a3a","features_list_typography_typography":"custom","features_list_typography_font_size":{"unit":"px","size":"15"},"features_list_typography_font_family":"Roboto","features_list_typography_line_height":{"unit":"em","size":"1.8"},"features_list_alignment":"left","list_divider":"","divider_color":"#dddddd","divider_weight":{"unit":"px","size":"1"},"footer_padding":{"unit":"px","top":"30","right":"40","bottom":"40","left":"40","isLinked":false},"button_text_color":"#f04670","button_typography_typography":"custom","button_typography_font_size":{"unit":"px","size":"16"},"button_typography_font_family":"Roboto","button_typography_letter_spacing":{"unit":"px","size":"1"},"button_background_color":"rgba(0,0,0,0)","button_border_border":"solid","button_border_width":{"unit":"px","top":"3","right":"3","bottom":"3","left":"3","isLinked":true},"button_border_color":"#f04670","button_border_radius":{"unit":"px","top":"50","right":"50","bottom":"50","left":"50","isLinked":true},"button_text_padding":{"unit":"px","top":"15","right":"45","bottom":"15","left":"45","isLinked":false},"button_hover_color":"#ffffff","button_background_hover_color":"#f04670","button_hover_border_color":"#f04670","ribbon_bg_color":"#000000","ribbon_distance":{"unit":"px","size":23},"ribbon_typography_typography":"custom","ribbon_typography_font_size":{"unit":"px","size":"10"},"ribbon_typography_font_family":"Oswald","ribbon_typography_line_height":{"unit":"em","size":3},"ribbon_typography_letter_spacing":{"unit":"px","size":"1"},"box_shadow_box_shadow_type":"yes","box_shadow_box_shadow":{"horizontal":0,"vertical":0,"blur":"10","spread":0,"inset":"","color":"rgba(0,0,0,0.29)"},"_background_background":"classic","_background_color":"#ffffff","heading_typography_font_size":{"unit":"px","size":"22"},"pricing_element_padding":{"unit":"px","top":"30","right":"40","bottom":"40","left":"40","isLinked":false},"heading_typography_font_size_tablet":{"unit":"px","size":"18"},"heading_typography_font_size_mobile":{"unit":"px","size":"25"},"price_typography_font_size_tablet":{"unit":"px","size":"53"},"price_typography_font_size_mobile":{"unit":"px","size":"80"},"features_list_padding_tablet":{"unit":"px","top":"0","right":"0","bottom":"0","left":"0","isLinked":true},"features_list_padding_mobile":{"unit":"px","top":"0","right":"20","bottom":"0","left":"20","isLinked":false},"features_list_typography_font_size_tablet":{"unit":"px","size":"12"},"features_list_typography_font_size_mobile":{"unit":"px","size":"13"},"features_list_typography_line_height_tablet":{"unit":"em","size":"1.1"},"features_list_typography_line_height_mobile":{"unit":"em","size":"1.3"}},"elements":[],"isInner":false,"widgetType":"price-table","elType":"widget"}],"isInner":true,"elType":"column"},{"id":"2535aa97","settings":{"_column_size":33,"_inline_size":null,"custom_css":"selector{z-index:2;}","margin_mobile":{"unit":"px","top":"0","right":"0","bottom":"0","left":"0","isLinked":true},"padding_mobile":{"unit":"px","top":"60","right":"0","bottom":"40","left":"0","isLinked":false},"z_index":1},"elements":[{"id":"3059bb65","settings":{"heading":"Premium ","sub_heading":"","price":"15","period":"\/ Yearly","features_list":[{"item_text":"Lorem ipsum dolor","item_icon":"fa fa-check-circle","_id":"akng6dz","item_icon_color":"#f04670"},{"item_text":"Consectetur adipiscing elit","item_icon":"fa fa-check-circle","_id":"6xaauq6","item_icon_color":"#f04670"},{"item_text":"Sit amet, consectetur adipiscing","item_icon":"fa fa-check-circle","_id":"9jsavwz","item_icon_color":"#f04670"},{"item_text":"Consequat lacus condimentum","item_icon":"fa fa-check-circle","_id":"dl4kj8j","item_icon_color":"#f04670"},{"item_text":"Etiam aliquet ex elit","item_icon":"fa fa-check-circle","_id":"r0jqfbl","item_icon_color":"#f04670"}],"button_text":"Buy now","footer_additional_info":"","ribbon_title":"Popular","header_bg_color":"#f04670","header_padding":{"unit":"px","top":"20","right":"0","bottom":"20","left":"0","isLinked":false},"heading_color":"#ffffff","heading_typography_typography":"custom","heading_typography_font_family":"Oswald","heading_typography_font_weight":"400","heading_typography_text_transform":"uppercase","heading_typography_letter_spacing":{"unit":"px","size":"1.5"},"price_color":"#000000","price_typography_typography":"custom","price_typography_font_size":{"unit":"px","size":"80"},"price_typography_font_family":"Oswald","currency_size":{"unit":"px","size":33},"fractional-part_size":{"unit":"px","size":0},"fractional_part_vertical_position":"bottom","period_color":"#000000","period_typography_typography":"custom","period_typography_font_size":{"unit":"px","size":"20"},"period_typography_font_family":"Oswald","period_typography_line_height":{"unit":"em","size":0.6},"period_position":"beside","features_list_padding":{"unit":"px","top":"10","right":"40","bottom":"10","left":"40","isLinked":false},"features_list_color":"#3a3a3a","features_list_typography_typography":"custom","features_list_typography_font_size":{"unit":"px","size":"16"},"features_list_typography_font_family":"Roboto","features_list_typography_line_height":{"unit":"em","size":2},"features_list_alignment":"left","list_divider":"","divider_color":"#dddddd","divider_weight":{"unit":"px","size":"1"},"footer_padding":{"unit":"px","top":"40","right":"40","bottom":"40","left":"40","isLinked":true},"button_text_color":"#f04670","button_typography_typography":"custom","button_typography_font_size":{"unit":"px","size":"18"},"button_typography_font_family":"Roboto","button_typography_letter_spacing":{"unit":"px","size":"1"},"button_background_color":"rgba(0,0,0,0)","button_border_border":"solid","button_border_width":{"unit":"px","top":"3","right":"3","bottom":"3","left":"3","isLinked":true},"button_border_color":"#f04670","button_border_radius":{"unit":"px","top":"50","right":"50","bottom":"50","left":"50","isLinked":true},"button_text_padding":{"unit":"px","top":"15","right":"45","bottom":"15","left":"45","isLinked":false},"button_hover_color":"#ffffff","button_background_hover_color":"#f04670","button_hover_border_color":"#f04670","ribbon_bg_color":"#d8d8d8","ribbon_distance":{"unit":"px","size":38},"ribbon_typography_typography":"custom","ribbon_typography_font_size":{"unit":"px","size":13},"ribbon_typography_font_family":"Oswald","ribbon_typography_line_height":{"unit":"em","size":3},"ribbon_typography_letter_spacing":{"unit":"px","size":"1"},"box_shadow_box_shadow_type":"yes","box_shadow_box_shadow":{"horizontal":0,"vertical":0,"blur":"10","spread":0,"inset":"","color":"rgba(0,0,0,0.29)"},"_background_background":"classic","_background_color":"#ffffff","ribbon_text_color":"#000000","_margin":{"unit":"%","top":"-7","right":"0","bottom":"0","left":"0","isLinked":false},"_box_shadow_box_shadow_type":"yes","_box_shadow_box_shadow":{"horizontal":0,"vertical":0,"blur":"50","spread":0,"inset":"","color":"rgba(0,0,0,0.07)"},"heading_typography_font_size_tablet":{"unit":"px","size":"18"},"heading_typography_font_size_mobile":{"unit":"px","size":"25"},"price_typography_font_size_mobile":{"unit":"px","size":"80"},"features_list_padding_tablet":{"unit":"px","top":"0","right":"0","bottom":"0","left":"0","isLinked":false},"features_list_padding_mobile":{"unit":"px","top":"0","right":"20","bottom":"0","left":"20","isLinked":false},"features_list_typography_font_size_tablet":{"unit":"px","size":"12"},"features_list_typography_font_size_mobile":{"unit":"px","size":"13"},"features_list_typography_line_height_tablet":{"unit":"em","size":1.1},"features_list_typography_line_height_mobile":{"unit":"em","size":"1.3"},"footer_padding_tablet":{"unit":"px","top":"35","right":"0","bottom":"35","left":"0","isLinked":false},"button_typography_font_size_tablet":{"unit":"px","size":"16"},"ribbon_typography_font_size_tablet":{"unit":"px","size":"10"},"ribbon_typography_line_height_tablet":{"unit":"em","size":3}},"elements":[],"isInner":false,"widgetType":"price-table","elType":"widget"}],"isInner":true,"elType":"column"},{"id":"6d936112","settings":{"_column_size":33,"_inline_size":null},"elements":[{"id":"4991a6a","settings":{"heading":"tEAM","sub_heading":"","price":"45","period":"\/ Yearly","features_list":[{"item_text":"Lorem ipsum dolor","item_icon":"fa fa-check-circle","_id":"akng6dz","item_icon_color":"#f04670"},{"item_text":"Consectetur adipiscing elit","item_icon":"fa fa-check-circle","_id":"6xaauq6","item_icon_color":"#f04670"},{"item_text":"Sit amet, consectetur adipiscing","item_icon":"fa fa-check-circle","_id":"9jsavwz","item_icon_color":"#f04670"},{"item_text":"Consequat lacus condimentum","item_icon":"fa fa-check-circle","_id":"dl4kj8j","item_icon_color":"#f04670"},{"item_text":"Etiam aliquet ex elit","item_icon":"fa fa-check-circle","_id":"r0jqfbl","item_icon_color":"#f04670"}],"button_text":"Try it!","footer_additional_info":"","show_ribbon":"","ribbon_title":"Popular","header_bg_color":"#d8d8d8","header_padding":{"unit":"px","top":"20","right":"0","bottom":"20","left":"0","isLinked":false},"heading_color":"#000000","heading_typography_typography":"custom","heading_typography_font_family":"Oswald","heading_typography_font_weight":"500","heading_typography_text_transform":"uppercase","heading_typography_letter_spacing":{"unit":"px","size":"1.5"},"price_color":"#000000","price_typography_typography":"custom","price_typography_font_size":{"unit":"px","size":"70"},"price_typography_font_family":"Oswald","currency_size":{"unit":"px","size":"27"},"fractional-part_size":{"unit":"px","size":0},"fractional_part_vertical_position":"bottom","period_color":"#000000","period_typography_typography":"custom","period_typography_font_size":{"unit":"px","size":"18"},"period_typography_font_family":"Oswald","period_typography_line_height":{"unit":"em","size":0.6},"period_position":"beside","features_list_padding":{"unit":"px","top":"10","right":"10","bottom":"10","left":"30","isLinked":false},"features_list_color":"#3a3a3a","features_list_typography_typography":"custom","features_list_typography_font_size":{"unit":"px","size":"15"},"features_list_typography_font_family":"Roboto","features_list_typography_line_height":{"unit":"em","size":"1.8"},"features_list_alignment":"left","list_divider":"","divider_color":"#dddddd","divider_weight":{"unit":"px","size":"1"},"footer_padding":{"unit":"px","top":"30","right":"40","bottom":"40","left":"40","isLinked":false},"button_text_color":"#f04670","button_typography_typography":"custom","button_typography_font_size":{"unit":"px","size":"16"},"button_typography_font_family":"Roboto","button_typography_letter_spacing":{"unit":"px","size":"1"},"button_background_color":"rgba(0,0,0,0)","button_border_border":"solid","button_border_width":{"unit":"px","top":"3","right":"3","bottom":"3","left":"3","isLinked":true},"button_border_color":"#f04670","button_border_radius":{"unit":"px","top":"50","right":"50","bottom":"50","left":"50","isLinked":true},"button_text_padding":{"unit":"px","top":"15","right":"45","bottom":"15","left":"45","isLinked":false},"button_hover_color":"#ffffff","button_background_hover_color":"#f04670","button_hover_border_color":"#f04670","ribbon_bg_color":"#000000","ribbon_distance":{"unit":"px","size":23},"ribbon_typography_typography":"custom","ribbon_typography_font_size":{"unit":"px","size":"10"},"ribbon_typography_font_family":"Oswald","ribbon_typography_line_height":{"unit":"em","size":3},"ribbon_typography_letter_spacing":{"unit":"px","size":"1"},"box_shadow_box_shadow_type":"yes","box_shadow_box_shadow":{"horizontal":0,"vertical":0,"blur":"10","spread":0,"inset":"","color":"rgba(0,0,0,0.29)"},"_background_background":"classic","_background_color":"#ffffff","heading_typography_font_size":{"unit":"px","size":"22"},"pricing_element_padding":{"unit":"px","top":"30","right":"40","bottom":"40","left":"40","isLinked":false},"heading_typography_font_size_tablet":{"unit":"px","size":"18"},"heading_typography_font_size_mobile":{"unit":"px","size":"25"},"price_typography_font_size_tablet":{"unit":"px","size":"53"},"price_typography_font_size_mobile":{"unit":"px","size":"80"},"features_list_padding_tablet":{"unit":"px","top":"0","right":"0","bottom":"0","left":"0","isLinked":true},"features_list_padding_mobile":{"unit":"px","top":"0","right":"20","bottom":"0","left":"20","isLinked":false},"features_list_typography_font_size_tablet":{"unit":"px","size":"12"},"features_list_typography_font_size_mobile":{"unit":"px","size":"13"},"features_list_typography_line_height_tablet":{"unit":"em","size":"1.1"},"features_list_typography_line_height_mobile":{"unit":"em","size":"1.3"}},"elements":[],"isInner":false,"widgetType":"price-table","elType":"widget"}],"isInner":true,"elType":"column"}],"isInner":true,"elType":"section"}],"isInner":false,"elType":"column"}],"isInner":false,"elType":"section"},{"id":"32a5f312","settings":{"structure":"40","background_background":"classic","background_color":"#f04670","shape_divider_top":"tilt","shape_divider_top_color":"#000000","shape_divider_top_flip":"yes","padding":{"unit":"px","top":"200","right":"0","bottom":"80","left":"0","isLinked":false},"padding_tablet":{"unit":"px","top":"150","right":"20","bottom":"50","left":"20","isLinked":false},"padding_mobile":{"unit":"px","top":"100","right":"100","bottom":"50","left":"30","isLinked":false}},"elements":[{"id":"6b78b9d0","settings":{"_column_size":25,"_inline_size":null,"margin":{"unit":"%","top":"0","right":"25","bottom":"0","left":"0","isLinked":false},"margin_tablet":{"unit":"px","top":"0","right":"0","bottom":"0","left":"0","isLinked":true},"padding_mobile":{"unit":"px","top":"0","right":"0","bottom":"50","left":"0","isLinked":false}},"elements":[{"id":"7a86cdc9","settings":{"icon":"fa fa-cloud","title_text":"The compony","description_text":"Lorem ipsum dolor sit amet, consectetur adipiscing elit. \n\n\n<br><br>Copyright \u00a9 Elementor LTD.","primary_color":"#ffffff","icon_size":{"unit":"px","size":"20"},"text_align":"left","title_color":"#ffffff","title_typography_typography":"custom","title_typography_font_size":{"unit":"px","size":"18"},"title_typography_font_family":"Oswald","title_typography_font_weight":"400","title_typography_text_transform":"uppercase","title_typography_letter_spacing":{"unit":"px","size":"0.7"},"description_color":"#ffffff","description_typography_typography":"custom","description_typography_font_size":{"unit":"px","size":"13"},"description_typography_font_family":"Roboto","description_typography_font_weight":"300","description_typography_line_height":{"unit":"em","size":"1.6"}},"elements":[],"isInner":false,"widgetType":"icon-box","elType":"widget"}],"isInner":false,"elType":"column"},{"id":"aed82ae","settings":{"_column_size":25,"_inline_size":null,"margin":{"unit":"%","top":"0","right":"25","bottom":"0","left":"0","isLinked":false},"margin_tablet":{"unit":"px","top":"0","right":"0","bottom":"0","left":"0","isLinked":true},"padding_mobile":{"unit":"px","top":"0","right":"0","bottom":"50","left":"0","isLinked":false}},"elements":[{"id":"a99bde0","settings":{"icon":"fa fa-camera-retro","title_text":"Press","description_text":"Lorem ipsum dolor sit amet, consectetur adipiscing elit. \n\n\n<br><br>consectetur adipiscing elit","primary_color":"#ffffff","icon_size":{"unit":"px","size":"20"},"text_align":"left","title_color":"#ffffff","title_typography_typography":"custom","title_typography_font_size":{"unit":"px","size":"18"},"title_typography_font_family":"Oswald","title_typography_font_weight":"400","title_typography_text_transform":"uppercase","title_typography_letter_spacing":{"unit":"px","size":"0.7"},"description_color":"#ffffff","description_typography_typography":"custom","description_typography_font_size":{"unit":"px","size":"13"},"description_typography_font_family":"Roboto","description_typography_font_weight":"300","description_typography_line_height":{"unit":"em","size":"1.6"}},"elements":[],"isInner":false,"widgetType":"icon-box","elType":"widget"}],"isInner":false,"elType":"column"},{"id":"2d92f77b","settings":{"_column_size":25,"_inline_size":null,"margin":{"unit":"%","top":"0","right":"25","bottom":"0","left":"0","isLinked":false},"margin_tablet":{"unit":"px","top":"0","right":"0","bottom":"0","left":"0","isLinked":true},"padding_mobile":{"unit":"px","top":"0","right":"0","bottom":"50","left":"0","isLinked":false}},"elements":[{"id":"63407ada","settings":{"icon":"fa fa-lock","title_text":"Trust & Safety","description_text":"Morbi pellentesque, urna et volutpat iaculis, nunc risus pulvinar lacus, a pharetra urna lorem eu tellus.","primary_color":"#ffffff","icon_size":{"unit":"px","size":"20"},"text_align":"left","title_color":"#ffffff","title_typography_typography":"custom","title_typography_font_size":{"unit":"px","size":"18"},"title_typography_font_family":"Oswald","title_typography_font_weight":"400","title_typography_text_transform":"uppercase","title_typography_letter_spacing":{"unit":"px","size":"0.7"},"description_color":"#ffffff","description_typography_typography":"custom","description_typography_font_size":{"unit":"px","size":"13"},"description_typography_font_family":"Roboto","description_typography_font_weight":"300","description_typography_line_height":{"unit":"em","size":"1.6"}},"elements":[],"isInner":false,"widgetType":"icon-box","elType":"widget"}],"isInner":false,"elType":"column"},{"id":"7138e9af","settings":{"_column_size":25,"_inline_size":null,"margin":{"unit":"%","top":"0","right":"25","bottom":"0","left":"0","isLinked":false},"margin_tablet":{"unit":"px","top":"0","right":"0","bottom":"0","left":"0","isLinked":true},"padding_mobile":{"unit":"px","top":"0","right":"0","bottom":"0","left":"0","isLinked":false}},"elements":[{"id":"33a42584","settings":{"icon":"fa fa-comments-o","title_text":"Need Help?","description_text":"Lorem ipsum dolor sit amet, consectetur adipiscing elit. \n\n<br><br>suppot@gmail.com\n\n","primary_color":"#ffffff","icon_size":{"unit":"px","size":"20"},"text_align":"left","title_color":"#ffffff","title_typography_typography":"custom","title_typography_font_size":{"unit":"px","size":"18"},"title_typography_font_family":"Oswald","title_typography_font_weight":"400","title_typography_text_transform":"uppercase","title_typography_letter_spacing":{"unit":"px","size":"0.7"},"description_color":"#ffffff","description_typography_typography":"custom","description_typography_font_size":{"unit":"px","size":"13"},"description_typography_font_family":"Roboto","description_typography_font_weight":"300","description_typography_line_height":{"unit":"em","size":"1.6"}},"elements":[],"isInner":false,"widgetType":"icon-box","elType":"widget"}],"isInner":false,"elType":"column"}],"isInner":false,"elType":"section"}]}