{"version":"0.4","title":"Loginpage2-page","type":"page","content":[{"id":"54caa28c","settings":{"background_background":"classic","background_color":"#ffffff","margin":{"unit":"px","top":"","right":0,"bottom":"","left":0,"isLinked":true},"content_width":{"unit":"px","size":"1000"},"gap":"no","height":"min-height","custom_height":{"unit":"vh","size":100},"content_position":"middle","background_image":{"id":1132,"url":"http:\/\/localhost\/test\/wp-content\/uploads\/2018\/09\/jj-ying-236821.jpg"},"background_position":"center center","background_size":"cover","padding_tablet":{"unit":"px","top":"20","right":"20","bottom":"20","left":"20","isLinked":true}},"elements":[{"id":"356b255b","settings":{"_column_size":100,"_inline_size":null,"background_background":"none","background_color":"#ffffff"},"elements":[{"id":"72d97cd1","settings":{"height_inner":"min-height","custom_height_inner":{"unit":"px","size":"600"},"content_position":"middle","structure":"20","box_shadow_box_shadow_type":"yes","box_shadow_box_shadow":{"horizontal":0,"vertical":0,"blur":"40","spread":0,"inset":"","color":"rgba(0,0,0,0.24)"}},"elements":[{"id":"3fb25885","settings":{"_column_size":50,"_inline_size":"60.702","background_background":"gradient","background_color":"#6ccdd9","background_color_b":"#41aab9","background_gradient_angle":{"unit":"deg","size":290},"background_position":"center center","background_size":"cover","background_overlay_background":"none","background_overlay_color":"#6ccdd9","padding":{"unit":"px","top":"75","right":"75","bottom":"75","left":"75","isLinked":true},"padding_mobile":{"unit":"px","top":"50","right":"30","bottom":"50","left":"30","isLinked":false}},"elements":[{"id":"2300ab8b","settings":{"view":"stacked","icon":"fa fa-500px","align":"left","primary_color":"#ffffff","secondary_color":"#6ccdd9","size":{"unit":"px","size":33},"border_radius":{"unit":"px","top":"6","right":"6","bottom":"6","left":"6","isLinked":true},"_padding":{"unit":"px","top":"0","right":"0","bottom":"25","left":"0","isLinked":false}},"elements":[],"isInner":false,"widgetType":"icon","elType":"widget"},{"id":"695ff4b7","settings":{"title":"Welcome.","title_color":"#ffffff","typography_typography":"custom","typography_font_size":{"unit":"px","size":67},"typography_font_weight":"100","typography_font_size_mobile":{"unit":"px","size":51}},"elements":[],"isInner":false,"widgetType":"heading","elType":"widget"},{"id":"3eb257da","settings":{"editor":"<p>I am text block. Click edit button to change this text. Lorem ipsum dolor sit amet, consectetur adipiscing elit. Ut elit tellus, luctus nec ullamcorper mattis, pulvinar dapibus leo.<\/p>","text_color":"#ffffff","typography_typography":"custom","typography_font_weight":"300","typography_line_height":{"unit":"em","size":1.9},"typography_font_size_mobile":{"unit":"px","size":"15"}},"elements":[],"isInner":false,"widgetType":"text-editor","elType":"widget"},{"id":"49e6cdc","settings":{"space":{"unit":"px","size":"100"},"space_mobile":{"unit":"px","size":10}},"elements":[],"isInner":false,"widgetType":"spacer","elType":"widget"},{"id":"75c78341","settings":{"social_icon_list":[{"social":"fa fa-facebook","_id":"stnn2w9","link":{"url":"","is_external":"true","nofollow":""}},{"social":"fa fa-twitter","_id":"2awvxmj","link":{"url":"","is_external":"true","nofollow":""}},{"social":"fa fa-google-plus","_id":"0wvnp8b","link":{"url":"","is_external":"true","nofollow":""}}],"align":"left","icon_color":"custom","icon_primary_color":"rgba(0,0,0,0)","icon_secondary_color":"#ffffff","icon_padding":{"unit":"em","size":"0"},"icon_spacing":{"unit":"px","size":29},"hover_secondary_color":"rgba(255,255,255,0.83)","hover_animation":"shrink"},"elements":[],"isInner":false,"widgetType":"social-icons","elType":"widget"}],"isInner":true,"elType":"column"},{"id":"122ceb82","settings":{"_column_size":50,"_inline_size":"39.298","background_background":"classic","background_color":"#ffffff","padding":{"unit":"px","top":"50","right":"50","bottom":"50","left":"50","isLinked":true},"padding_tablet":{"unit":"px","top":"30","right":"30","bottom":"30","left":"30","isLinked":true}},"elements":[{"id":"f49321f","settings":{"button_text":"Log In","user_label":" Username or Email Address","user_placeholder":" Username or Email Address","password_label":"Password","password_placeholder":"Password","button_size":"md","align":"stretch","row_gap":{"unit":"px","size":12},"label_typography_typography":"custom","label_typography_font_size":{"unit":"px","size":"18"},"label_typography_font_weight":"300","label_typography_line_height":{"unit":"em","size":2.3},"field_background_color":"#e8e8e8","field_border_color":"rgba(145,156,167,0.27)","field_border_width":{"unit":"px","top":"0","right":"0","bottom":"0","left":"0","isLinked":true},"field_border_radius":{"unit":"px","top":"0","right":"0","bottom":"0","left":"0","isLinked":true},"button_typography_typography":"custom","button_typography_text_transform":"uppercase","button_typography_letter_spacing":{"unit":"px","size":2.8},"button_background_color":"#6ccdd9","button_border_radius":{"unit":"px","top":"0","right":"0","bottom":"0","left":"0","isLinked":true},"button_background_hover_color":"#f12184"},"elements":[],"isInner":false,"widgetType":"login","elType":"widget"}],"isInner":true,"elType":"column"}],"isInner":true,"elType":"section"}],"isInner":false,"elType":"column"}],"isInner":false,"elType":"section"}]}