{"version":"0.4","title":"Portfolio-Graphic-Designer-page","type":"page","content":[{"id":"6d7467eb","settings":{"height":"min-height","custom_height":{"unit":"vh","size":100},"column_position":"top","background_background":"classic","background_image":{"id":"71","url":"http:\/\/localhost\/test\/wp-content\/uploads\/2018\/09\/Untitled-1-1.png"},"background_size":"cover","custom_height_mobile":{"unit":"vh","size":90},"background_position":"center center","layout":"full_width","shape_divider_bottom_width":{"unit":"%","size":229},"shape_divider_bottom_height":{"unit":"px","size":291},"padding":{"unit":"%","top":"0","right":"0","bottom":"0","left":"5","isLinked":false}},"elements":[{"id":"54a29dd","settings":{"_column_size":100,"_inline_size":null,"margin":{"unit":"%","top":"0","right":"60","bottom":"0","left":"0","isLinked":false},"padding":{"unit":"px","top":"150","right":"0","bottom":"0","left":"0","isLinked":false},"margin_tablet":{"unit":"%","top":"0","right":"45","bottom":"0","left":"0","isLinked":false},"margin_mobile":{"unit":"%","top":"0","right":"37","bottom":"0","left":"0","isLinked":false},"padding_tablet":{"unit":"px","top":"50","right":"50","bottom":"50","left":"0","isLinked":false},"padding_mobile":{"unit":"px","top":"30","right":"30","bottom":"30","left":"0","isLinked":false}},"elements":[{"id":"ea085c9","settings":{"title":"Hey,","align":"left","title_color":"#2c8dac","typography_typography":"custom","typography_font_size":{"unit":"px","size":100},"typography_font_family":"Roboto","typography_font_weight":"700","typography_text_transform":"uppercase","typography_letter_spacing":{"unit":"px","size":1.5},"_margin":{"unit":"%","top":"0","right":"0","bottom":"0","left":"0","isLinked":false},"_padding":{"unit":"px","top":"0","right":"0","bottom":"0","left":"0","isLinked":true},"_background_background":"classic","typography_font_size_tablet":{"unit":"px","size":45},"typography_font_size_mobile":{"unit":"px","size":40}},"elements":[],"isInner":false,"widgetType":"heading","elType":"widget"},{"id":"6482608e","settings":{"headline_style":"rotate","before_text":"","highlighted_text":"Amazing","rotating_text":"I\u2019m  Danny Nygaard. ","alignment":"left","title_color":"#252525","title_typography_typography":"custom","title_typography_font_size":{"unit":"px","size":60},"title_typography_font_size_tablet":{"unit":"px","size":45},"title_typography_font_size_mobile":{"unit":"px","size":20},"title_typography_font_family":"Roboto","title_typography_text_transform":"uppercase","words_color":"#252525","_margin_mobile":{"unit":"px","top":"-14","right":"0","bottom":"0","left":"0","isLinked":false}},"elements":[],"isInner":false,"widgetType":"animated-headline","elType":"widget"},{"id":"5e592834","settings":{"title":"UX\/UI Designer & web developer","align":"left","title_color":"#252525","typography_typography":"custom","typography_font_size":{"unit":"px","size":17},"typography_font_family":"Roboto","typography_font_weight":"100","typography_text_transform":"uppercase","typography_letter_spacing":{"unit":"px","size":4},"_margin":{"unit":"%","top":"","right":"","bottom":"","left":"","isLinked":true},"_background_background":"classic","typography_font_size_tablet":{"unit":"px","size":12},"typography_line_height_mobile":{"unit":"px","size":20},"typography_letter_spacing_tablet":{"unit":"px","size":3},"typography_font_size_mobile":{"unit":"px","size":10},"typography_letter_spacing_mobile":{"unit":"px","size":1.6},"_margin_mobile":{"unit":"px","top":"-16","right":"0","bottom":"0","left":"0","isLinked":false},"header_size":"h3"},"elements":[],"isInner":false,"widgetType":"heading","elType":"widget"}],"isInner":false,"elType":"column"}],"isInner":false,"elType":"section"},{"id":"4b667add","settings":{"layout":"full_width","gap":"no","content_position":"middle","structure":"20","margin":{"unit":"px","top":"0","right":0,"bottom":"0","left":0,"isLinked":false},"padding":{"unit":"%","top":"0","right":"0","bottom":"0","left":"5","isLinked":false},"z_index":1,"background_background":"classic"},"elements":[{"id":"63aaa5be","settings":{"_column_size":50,"_inline_size":10,"_inline_size_tablet":15,"_inline_size_mobile":15},"elements":[{"id":"3d59702d","settings":{"title":"01","align":"center","title_color":"#2c8dac","typography_typography":"custom","typography_font_size":{"unit":"px","size":40},"typography_font_family":"Roboto","typography_font_weight":"900","typography_text_transform":"uppercase","typography_letter_spacing":{"unit":"px","size":0.5},"_margin":{"unit":"%","top":"0","right":"0","bottom":"0","left":"0","isLinked":true},"_padding":{"unit":"px","top":"10","right":"10","bottom":"10","left":"10","isLinked":true},"_background_background":"classic","_background_color":"#252525","typography_font_size_mobile":{"unit":"px","size":23}},"elements":[],"isInner":false,"widgetType":"heading","elType":"widget"}],"isInner":false,"elType":"column"},{"id":"2bb4aaf2","settings":{"_column_size":50,"_inline_size":90,"_inline_size_tablet":85,"_inline_size_mobile":85},"elements":[{"id":"6a448857","settings":{"title":"about","align":"left","title_color":"#252525","typography_typography":"custom","typography_font_size":{"unit":"px","size":20},"typography_font_family":"Roboto","typography_font_weight":"700","typography_text_transform":"uppercase","typography_line_height":{"unit":"em","size":1.1},"typography_letter_spacing":{"unit":"px","size":0.5},"_margin":{"unit":"%","top":"","right":"","bottom":"","left":"","isLinked":true},"_background_background":"classic","typography_font_size_mobile":{"unit":"px","size":18},"_padding":{"unit":"px","top":"0","right":"0","bottom":"0","left":"20","isLinked":false},"_padding_mobile":{"unit":"px","top":"0","right":"0","bottom":"0","left":"10","isLinked":false},"header_size":"h3"},"elements":[],"isInner":false,"widgetType":"heading","elType":"widget"}],"isInner":false,"elType":"column"}],"isInner":false,"elType":"section"},{"id":"4da8355f","settings":{"background_background":"classic","background_color":"#479eba","background_overlay_background":"classic","background_overlay_image":{"id":"72","url":"http:\/\/localhost\/test\/wp-content\/uploads\/2018\/09\/65.png"},"background_overlay_position":"center center","background_overlay_repeat":"no-repeat","background_overlay_size":"auto","content_width":{"unit":"px","size":850},"margin":{"unit":"px","top":"-200","right":0,"bottom":"0","left":0,"isLinked":false},"margin_tablet":{"unit":"px","top":"-150","right":0,"bottom":"0","left":0,"isLinked":false},"margin_mobile":{"unit":"px","top":"-110","right":0,"bottom":"0","left":0,"isLinked":false},"padding":{"unit":"px","top":"250","right":"0","bottom":"250","left":"0","isLinked":false},"padding_tablet":{"unit":"px","top":"150","right":"0","bottom":"100","left":"0","isLinked":false},"padding_mobile":{"unit":"px","top":"150","right":"0","bottom":"30","left":"0","isLinked":false},"z_index":0},"elements":[{"id":"b6ea976","settings":{"_column_size":100,"_inline_size":null,"padding_tablet":{"unit":"px","top":"50","right":"50","bottom":"50","left":"50","isLinked":true},"padding_mobile":{"unit":"px","top":"0","right":"30","bottom":"30","left":"30","isLinked":false}},"elements":[{"id":"1efea19e","settings":{"editor":"<p>Lorem ipsum dolor sit amet, consectetur adipiscing elit. Vestibulum ultricies sollicitudin ante nec mattis. Mauris eget ornare nibh. Nam venenatis porta diam scelerisque suscipit. Donec in vehicula ligula. Etiam efficitur quam ex, at consectetur magna porttitor at. Nullam convallis, eros a vulputate tincidunt, mauris lorem tincidunt sem, sed cursus neque sem a est. Nam malesuada ipsum orci, et congue ligula fringilla vitae. Praesent vitae molestie elit. Phasellus non felis sit amet massa fermentum aliquam. Fusce dui est, dapibus quis eros at, eleifend vehicula lectus. Mauris congue risus in lectus suscipit efficitur.<\/p>","align":"center","text_color":"#ffffff","typography_typography":"custom","typography_font_size":{"unit":"px","size":18},"typography_font_size_mobile":{"unit":"px","size":15},"typography_font_family":"Roboto","typography_font_weight":"300","typography_line_height":{"unit":"em","size":1.8}},"elements":[],"isInner":false,"widgetType":"text-editor","elType":"widget"},{"id":"166aa714","settings":{"text":"Download my CV","align":"center","typography_typography":"custom","typography_font_family":"Roboto","typography_font_weight":"700","typography_text_transform":"uppercase","typography_letter_spacing":{"unit":"px","size":3},"button_text_color":"#ffffff","background_color":"rgba(0,0,0,0)","hover_color":"#252525","button_hover_border_color":"#252525","border_border":"solid","border_radius":{"unit":"px","top":"0","right":"0","bottom":"0","left":"0","isLinked":true},"_padding":{"unit":"px","top":"20","right":"0","bottom":"0","left":"0","isLinked":false}},"elements":[],"isInner":false,"widgetType":"button","elType":"widget"}],"isInner":false,"elType":"column"}],"isInner":false,"elType":"section"},{"id":"6a58d1b5","settings":{"layout":"full_width","gap":"no","content_position":"middle","structure":"20","margin":{"unit":"px","top":"100","right":0,"bottom":"50","left":0,"isLinked":false},"margin_mobile":{"unit":"px","top":"50","right":0,"bottom":"50","left":0,"isLinked":false},"padding":{"unit":"%","top":"0","right":"0","bottom":"0","left":"5","isLinked":false},"padding_mobile":{"unit":"%","top":"0","right":"0","bottom":"0","left":"5","isLinked":false},"z_index":1,"background_background":"classic"},"elements":[{"id":"1c8a93f0","settings":{"_column_size":50,"_inline_size":10.041,"_inline_size_tablet":15,"_inline_size_mobile":15},"elements":[{"id":"2f2ca9b8","settings":{"title":"02","align":"center","title_color":"#2c8dac","typography_typography":"custom","typography_font_size":{"unit":"px","size":40},"typography_font_family":"Roboto","typography_font_weight":"900","typography_text_transform":"uppercase","typography_letter_spacing":{"unit":"px","size":0.5},"_margin":{"unit":"%","top":"0","right":"0","bottom":"0","left":"0","isLinked":true},"_padding":{"unit":"px","top":"10","right":"10","bottom":"10","left":"10","isLinked":true},"_background_background":"classic","_background_color":"#252525","typography_font_size_mobile":{"unit":"px","size":23}},"elements":[],"isInner":false,"widgetType":"heading","elType":"widget"}],"isInner":false,"elType":"column"},{"id":"287f7310","settings":{"_column_size":50,"_inline_size":89.959,"_inline_size_tablet":85,"_inline_size_mobile":85,"padding":{"unit":"px","top":"0","right":"0","bottom":"0","left":"20","isLinked":false},"padding_mobile":{"unit":"px","top":"0","right":"0","bottom":"0","left":"0","isLinked":true}},"elements":[{"id":"398c41de","settings":{"title":"Portfolio","align":"left","title_color":"#252525","typography_typography":"custom","typography_font_size":{"unit":"px","size":20},"typography_font_family":"Roboto","typography_font_weight":"700","typography_text_transform":"uppercase","typography_line_height":{"unit":"em","size":1.1},"typography_letter_spacing":{"unit":"px","size":0.5},"_margin":{"unit":"%","top":"","right":"","bottom":"","left":"","isLinked":true},"_background_background":"classic","typography_font_size_mobile":{"unit":"px","size":18},"_padding_mobile":{"unit":"px","top":"0","right":"0","bottom":"0","left":"10","isLinked":false},"header_size":"h3"},"elements":[],"isInner":false,"widgetType":"heading","elType":"widget"}],"isInner":false,"elType":"column"}],"isInner":false,"elType":"section"},{"id":"5c275fd9","settings":{"margin":{"unit":"px","top":"10","right":0,"bottom":"10","left":0,"isLinked":true},"padding":{"unit":"%","top":"0","right":"5","bottom":"0","left":"5","isLinked":false},"content_width":{"unit":"px","size":950}},"elements":[{"id":"27ba3943","settings":{"_column_size":100,"_inline_size":null,"_inline_size_mobile":100,"background_background":"classic","background_position":"top center","background_size":"cover","margin":{"unit":"px","top":"0","right":"5","bottom":"0","left":"5","isLinked":false},"margin_mobile":{"unit":"px","top":"0","right":"0","bottom":"20","left":"0","isLinked":false}},"elements":[{"id":"689f56ae","settings":{"skin":"slideshow","slides":[{"image":{"id":"73","url":"http:\/\/localhost\/test\/wp-content\/uploads\/2018\/09\/4-2.jpg"},"_id":"xvt46ss","type":"image","image_link_to_type":"file","image_link_to":{"url":"","is_external":"","nofollow":""},"video":{"url":"","is_external":"","nofollow":""}},{"image":{"id":"74","url":"http:\/\/localhost\/test\/wp-content\/uploads\/2018\/09\/3-2.jpg"},"_id":"sx6iafh","type":"image","image_link_to_type":"file","image_link_to":{"url":"","is_external":"","nofollow":""},"video":{"url":"","is_external":"","nofollow":""}},{"image":{"id":"75","url":"http:\/\/localhost\/test\/wp-content\/uploads\/2018\/09\/1-3.jpg"},"_id":"adhcqc9","type":"image","image_link_to_type":"file","image_link_to":{"url":"","is_external":"","nofollow":""},"video":{"url":"","is_external":"","nofollow":""}},{"image":{"id":"76","url":"http:\/\/localhost\/test\/wp-content\/uploads\/2018\/09\/2-2.jpg"},"_id":"qcnm7cn","type":"image","image_link_to_type":"file","image_link_to":{"url":"","is_external":"","nofollow":""},"video":{"url":"","is_external":"","nofollow":""}},{"image":{"id":"77","url":"http:\/\/localhost\/test\/wp-content\/uploads\/2018\/09\/7.jpg"},"_id":"w7zcee6","type":"image","image_link_to_type":"file","image_link_to":{"url":"","is_external":"","nofollow":""},"video":{"url":"","is_external":"","nofollow":""}},{"type":"image","image":{"id":"78","url":"http:\/\/localhost\/test\/wp-content\/uploads\/2018\/09\/6.jpg"},"image_link_to_type":"file","image_link_to":{"url":"","is_external":"","nofollow":""},"video":{"url":"","is_external":"","nofollow":""},"_id":"sz92vkx"}],"slideshow_height":{"unit":"px","size":600},"slideshow_slides_per_view":"4","slideshow_height_mobile":{"unit":"px","size":285}},"elements":[],"isInner":false,"widgetType":"media-carousel","elType":"widget"}],"isInner":false,"elType":"column"}],"isInner":false,"elType":"section"},{"id":"4081098b","settings":{"layout":"full_width","gap":"no","content_position":"middle","structure":"20","margin":{"unit":"px","top":"100","right":0,"bottom":"0","left":0,"isLinked":false},"margin_mobile":{"unit":"px","top":"50","right":0,"bottom":"30","left":0,"isLinked":false},"padding":{"unit":"%","top":"5","right":"0","bottom":"5","left":"5","isLinked":false},"z_index":1,"background_background":"classic","background_color":"#595959","margin_tablet":{"unit":"px","top":"100","right":0,"bottom":"0","left":0,"isLinked":false},"padding_tablet":{"unit":"%","top":"12","right":"0","bottom":"7","left":"5","isLinked":false}},"elements":[{"id":"567ceda1","settings":{"_column_size":50,"_inline_size":10.041,"_inline_size_tablet":15,"_inline_size_mobile":15},"elements":[{"id":"60627299","settings":{"title":"03","align":"center","title_color":"#2c8dac","typography_typography":"custom","typography_font_size":{"unit":"px","size":40},"typography_font_family":"Roboto","typography_font_weight":"900","typography_text_transform":"uppercase","typography_letter_spacing":{"unit":"px","size":0.5},"_margin":{"unit":"%","top":"0","right":"0","bottom":"0","left":"0","isLinked":true},"_padding":{"unit":"px","top":"10","right":"10","bottom":"10","left":"10","isLinked":true},"_background_background":"classic","_background_color":"#252525","typography_font_size_mobile":{"unit":"px","size":23}},"elements":[],"isInner":false,"widgetType":"heading","elType":"widget"}],"isInner":false,"elType":"column"},{"id":"5eb00d83","settings":{"_column_size":50,"_inline_size":89.959,"_inline_size_tablet":85,"_inline_size_mobile":85},"elements":[{"id":"974701","settings":{"title":"Skills","align":"left","title_color":"#252525","typography_typography":"custom","typography_font_size":{"unit":"px","size":20},"typography_font_family":"Roboto","typography_font_weight":"700","typography_text_transform":"uppercase","typography_line_height":{"unit":"em","size":1.1},"typography_letter_spacing":{"unit":"px","size":0.5},"_margin":{"unit":"%","top":"","right":"","bottom":"","left":"","isLinked":true},"_background_background":"classic","typography_font_size_mobile":{"unit":"px","size":18},"_padding":{"unit":"px","top":"0","right":"0","bottom":"0","left":"20","isLinked":false},"_padding_mobile":{"unit":"px","top":"0","right":"0","bottom":"0","left":"10","isLinked":false},"header_size":"h3"},"elements":[],"isInner":false,"widgetType":"heading","elType":"widget"}],"isInner":false,"elType":"column"}],"isInner":false,"elType":"section"},{"id":"6ead647a","settings":{"content_width":{"unit":"px","size":950},"structure":"20","margin_tablet":{"unit":"px","top":"0","right":0,"bottom":"0","left":0,"isLinked":false},"padding":{"unit":"px","top":"0","right":"0","bottom":"150","left":"0","isLinked":false},"padding_tablet":{"unit":"px","top":"0","right":"50","bottom":"100","left":"50","isLinked":false},"padding_mobile":{"unit":"px","top":"20","right":"20","bottom":"100","left":"20","isLinked":false},"gap":"no","background_background":"classic","background_color":"#595959","margin_mobile":{"unit":"px","top":"-30","right":0,"bottom":"10","left":0,"isLinked":false}},"elements":[{"id":"30458490","settings":{"_column_size":50,"_inline_size":null,"padding":{"unit":"px","top":"0","right":"30","bottom":"0","left":"0","isLinked":false},"padding_mobile":{"unit":"px","top":"0","right":"0","bottom":"0","left":"0","isLinked":true}},"elements":[{"id":"1478f133","settings":{"title":"Sketch","percent":{"unit":"%","size":100},"inner_text":"","bar_color":"#479eba","bar_bg_color":"#ffffff","bar_inline_color":"#ffffff","title_color":"#ffffff","typography_typography":"custom","typography_font_size":{"unit":"px","size":13},"typography_font_family":"Roboto","typography_text_transform":"uppercase","typography_line_height":{"unit":"em","size":2.7},"typography_letter_spacing":{"unit":"px","size":2.5}},"elements":[],"isInner":false,"widgetType":"progress","elType":"widget"},{"id":"7e524ca4","settings":{"title":"Photoshop","percent":{"unit":"%","size":90},"inner_text":"","bar_color":"#479eba","bar_bg_color":"#ffffff","bar_inline_color":"#ffffff","title_color":"#ffffff","typography_typography":"custom","typography_font_size":{"unit":"px","size":13},"typography_font_family":"Roboto","typography_text_transform":"uppercase","typography_line_height":{"unit":"em","size":2.7},"typography_letter_spacing":{"unit":"px","size":2.5}},"elements":[],"isInner":false,"widgetType":"progress","elType":"widget"},{"id":"77671b7d","settings":{"title":"illustrator","percent":{"unit":"%","size":95},"inner_text":"","bar_color":"#479eba","bar_bg_color":"#ffffff","bar_inline_color":"#ffffff","title_color":"#ffffff","typography_typography":"custom","typography_font_size":{"unit":"px","size":13},"typography_font_family":"Roboto","typography_text_transform":"uppercase","typography_line_height":{"unit":"em","size":2.7},"typography_letter_spacing":{"unit":"px","size":2.5}},"elements":[],"isInner":false,"widgetType":"progress","elType":"widget"}],"isInner":false,"elType":"column"},{"id":"1294e7c7","settings":{"_column_size":50,"_inline_size":null,"padding":{"unit":"px","top":"0","right":"0","bottom":"0","left":"30","isLinked":false},"padding_mobile":{"unit":"px","top":"20","right":"0","bottom":"0","left":"0","isLinked":false}},"elements":[{"id":"4c76e7a2","settings":{"title":"wordpress","percent":{"unit":"%","size":95},"inner_text":"","bar_color":"#479eba","bar_bg_color":"#ffffff","bar_inline_color":"#ffffff","title_color":"#ffffff","typography_typography":"custom","typography_font_size":{"unit":"px","size":13},"typography_font_family":"Roboto","typography_text_transform":"uppercase","typography_line_height":{"unit":"em","size":2.7},"typography_letter_spacing":{"unit":"px","size":2.5}},"elements":[],"isInner":false,"widgetType":"progress","elType":"widget"},{"id":"7acc3336","settings":{"title":"HTML5 & css","percent":{"unit":"%","size":80},"inner_text":"","bar_color":"#479eba","bar_bg_color":"#ffffff","bar_inline_color":"#ffffff","title_color":"#ffffff","typography_typography":"custom","typography_font_size":{"unit":"px","size":13},"typography_font_family":"Roboto","typography_text_transform":"uppercase","typography_line_height":{"unit":"em","size":2.7},"typography_letter_spacing":{"unit":"px","size":2.5}},"elements":[],"isInner":false,"widgetType":"progress","elType":"widget"},{"id":"76148269","settings":{"title":"JAVASCRIPT","percent":{"unit":"%","size":70},"inner_text":"","bar_color":"#479eba","bar_bg_color":"#ffffff","bar_inline_color":"#ffffff","title_color":"#ffffff","typography_typography":"custom","typography_font_size":{"unit":"px","size":13},"typography_font_family":"Roboto","typography_text_transform":"uppercase","typography_line_height":{"unit":"em","size":2.7},"typography_letter_spacing":{"unit":"px","size":2.5}},"elements":[],"isInner":false,"widgetType":"progress","elType":"widget"}],"isInner":false,"elType":"column"}],"isInner":false,"elType":"section"},{"id":"6425e95","settings":{"layout":"full_width","gap":"no","content_position":"middle","structure":"20","margin":{"unit":"px","top":"100","right":0,"bottom":"50","left":0,"isLinked":false},"margin_mobile":{"unit":"px","top":"0","right":0,"bottom":"0","left":0,"isLinked":false},"padding":{"unit":"%","top":"0","right":"0","bottom":"0","left":"5","isLinked":false},"padding_mobile":{"unit":"%","top":"0","right":"0","bottom":"0","left":"5","isLinked":false},"z_index":1,"margin_tablet":{"unit":"px","top":"60","right":0,"bottom":"100","left":0,"isLinked":false},"padding_tablet":{"unit":"%","top":"","right":"","bottom":"","left":"","isLinked":true}},"elements":[{"id":"56567fe1","settings":{"_column_size":50,"_inline_size":10.041,"_inline_size_tablet":15,"_inline_size_mobile":15},"elements":[{"id":"7681b7cb","settings":{"title":"04","align":"center","title_color":"#2c8dac","typography_typography":"custom","typography_font_size":{"unit":"px","size":40},"typography_font_family":"Roboto","typography_font_weight":"900","typography_text_transform":"uppercase","typography_letter_spacing":{"unit":"px","size":0.5},"_margin":{"unit":"%","top":"0","right":"0","bottom":"0","left":"0","isLinked":true},"_padding":{"unit":"px","top":"10","right":"10","bottom":"10","left":"10","isLinked":true},"_background_background":"classic","_background_color":"#252525","typography_font_size_mobile":{"unit":"px","size":23}},"elements":[],"isInner":false,"widgetType":"heading","elType":"widget"}],"isInner":false,"elType":"column"},{"id":"1fde9ab2","settings":{"_column_size":50,"_inline_size":89.959,"_inline_size_tablet":85,"_inline_size_mobile":85},"elements":[{"id":"4c455078","settings":{"title":"Contact","align":"left","title_color":"#252525","typography_typography":"custom","typography_font_size":{"unit":"px","size":20},"typography_font_family":"Roboto","typography_font_weight":"700","typography_text_transform":"uppercase","typography_line_height":{"unit":"em","size":1.1},"typography_letter_spacing":{"unit":"px","size":0.5},"_margin":{"unit":"%","top":"","right":"","bottom":"","left":"","isLinked":true},"_background_background":"classic","typography_font_size_mobile":{"unit":"px","size":18},"_padding":{"unit":"px","top":"0","right":"0","bottom":"0","left":"20","isLinked":false},"_padding_mobile":{"unit":"px","top":"0","right":"0","bottom":"0","left":"10","isLinked":false},"header_size":"h3"},"elements":[],"isInner":false,"widgetType":"heading","elType":"widget"}],"isInner":false,"elType":"column"}],"isInner":false,"elType":"section"},{"id":"7a26d37","settings":{"background_background":"classic","background_image":{"id":"79","url":"http:\/\/localhost\/test\/wp-content\/uploads\/2018\/09\/1212.png"},"background_size":"cover","margin":{"unit":"px","top":"-210","right":0,"bottom":"0","left":0,"isLinked":false},"margin_tablet":{"unit":"px","top":"-220","right":0,"bottom":"0","left":0,"isLinked":false},"margin_mobile":{"unit":"px","top":"-90","right":0,"bottom":"0","left":0,"isLinked":false},"padding_mobile":{"unit":"px","top":"150","right":"0","bottom":"0","left":"0","isLinked":false}},"elements":[{"id":"53019e07","settings":{"_column_size":100,"_inline_size":null,"background_background":"classic","background_color":"#479eba","margin":{"unit":"px","top":"200","right":"100","bottom":"200","left":"100","isLinked":false},"margin_tablet":{"unit":"px","top":"200","right":"70","bottom":"70","left":"70","isLinked":false},"margin_mobile":{"unit":"px","top":"-15","right":"20","bottom":"20","left":"20","isLinked":false},"padding":{"unit":"px","top":"100","right":"100","bottom":"100","left":"100","isLinked":true},"padding_tablet":{"unit":"px","top":"50","right":"50","bottom":"50","left":"50","isLinked":true},"padding_mobile":{"unit":"px","top":"20","right":"20","bottom":"20","left":"20","isLinked":true}},"elements":[{"id":"52bbe836","settings":{"gap":"no","structure":"20"},"elements":[{"id":"68e1e788","settings":{"_column_size":50,"_inline_size":39.744,"padding":{"unit":"px","top":"0","right":"30","bottom":"0","left":"0","isLinked":false},"padding_tablet":{"unit":"px","top":"0","right":"15","bottom":"0","left":"0","isLinked":false},"padding_mobile":{"unit":"px","top":"0","right":"0","bottom":"0","left":"0","isLinked":true}},"elements":[{"id":"17b0de76","settings":{"title":"Let's be friends...","align":"left","title_color":"#252525","typography_typography":"custom","typography_font_size":{"unit":"px","size":20},"typography_font_family":"Roboto","typography_font_weight":"700","typography_text_transform":"uppercase","typography_line_height":{"unit":"em","size":1.1},"typography_letter_spacing":{"unit":"px","size":0.5},"_margin":{"unit":"%","top":"","right":"","bottom":"","left":"","isLinked":true},"_background_background":"classic","typography_font_size_tablet":{"unit":"px","size":16},"header_size":"h4"},"elements":[],"isInner":false,"widgetType":"heading","elType":"widget"},{"id":"58513fca","settings":{"editor":"<p>Lorem ipsum dolor sit amet, consectetur adipiscing elit. Vestibulum ultricies sollicitudin ante nec mattis. Mauris eget ornare nibh. Nam venenatis porta diam.\u00a0<\/p>","text_color":"rgba(37,37,37,0.89)","typography_typography":"custom","typography_font_size":{"unit":"px","size":16},"typography_font_size_tablet":{"unit":"px","size":14},"typography_font_family":"Roboto","typography_font_weight":"300"},"elements":[],"isInner":false,"widgetType":"text-editor","elType":"widget"},{"id":"81ac1b5","settings":{"editor":"<p><strong>Email:<\/strong> dannyn@fakedesign.co<\/p><p><strong>Tel:<\/strong> 1 868 70 56 99<\/p>","text_color":"#252525","typography_typography":"custom","typography_font_size":{"unit":"px","size":16},"typography_font_size_tablet":{"unit":"px","size":14},"typography_font_family":"Roboto","typography_font_weight":"400","typography_line_height":{"unit":"em","size":1},"_padding":{"unit":"px","top":"10","right":"0","bottom":"0","left":"0","isLinked":false}},"elements":[],"isInner":false,"widgetType":"text-editor","elType":"widget"}],"isInner":true,"elType":"column"},{"id":"34e836b7","settings":{"_column_size":50,"_inline_size":60.256,"padding":{"unit":"px","top":"0","right":"0","bottom":"0","left":"20","isLinked":false},"padding_mobile":{"unit":"px","top":"30","right":"0","bottom":"30","left":"0","isLinked":false}},"elements":[{"id":"2cd1d52c","settings":{"form_name":"New Form","form_fields":[{"_id":"name","field_type":"text","field_label":"Name","placeholder":"Name","width":"50","required":"","field_options":"","inline_list":"","width_tablet":"","width_mobile":"","rows":4,"recaptcha_size":"normal","recaptcha_style":"light","css_classes":"","field_value":"","file_sizes":"","file_types":"","allow_multiple_upload":"","max_files":"","acceptance_text":"","checked_by_default":"","field_min":"","field_max":"","min_date":"","max_date":"","use_native_date":"","use_native_time":"","allow_multiple":"","select_size":"","field_html":""},{"field_type":"tel","field_label":"Phone","placeholder":"Phone","required":"","field_options":"","inline_list":"","width":"50","width_tablet":"","width_mobile":"","rows":4,"recaptcha_size":"normal","recaptcha_style":"light","css_classes":"","_id":"field_1","field_value":"","file_sizes":"","file_types":"","allow_multiple_upload":"","max_files":"","acceptance_text":"","checked_by_default":"","field_min":"","field_max":"","min_date":"","max_date":"","use_native_date":"","use_native_time":"","allow_multiple":"","select_size":"","field_html":""},{"_id":"email","field_type":"email","required":"true","field_label":"Email","placeholder":"Email","width":"100","field_options":"","inline_list":"","width_tablet":"","width_mobile":"","rows":4,"recaptcha_size":"normal","recaptcha_style":"light","css_classes":"","field_value":"","file_sizes":"","file_types":"","allow_multiple_upload":"","max_files":"","acceptance_text":"","checked_by_default":"","field_min":"","field_max":"","min_date":"","max_date":"","use_native_date":"","use_native_time":"","allow_multiple":"","select_size":"","field_html":""},{"_id":"field_2","field_type":"text","field_label":"Subject","placeholder":"Subject","width":"100","required":"","field_options":"","inline_list":"","width_tablet":"","width_mobile":"","rows":4,"recaptcha_size":"normal","recaptcha_style":"light","css_classes":"","field_value":"","file_sizes":"","file_types":"","allow_multiple_upload":"","max_files":"","acceptance_text":"","checked_by_default":"","field_min":"","field_max":"","min_date":"","max_date":"","use_native_date":"","use_native_time":"","allow_multiple":"","select_size":"","field_html":""},{"_id":"message","field_type":"textarea","field_label":"Message","placeholder":"Message","width":"100","required":"","field_options":"","inline_list":"","width_tablet":"","width_mobile":"","rows":4,"recaptcha_size":"normal","recaptcha_style":"light","css_classes":"","field_value":"","file_sizes":"","file_types":"","allow_multiple_upload":"","max_files":"","acceptance_text":"","checked_by_default":"","field_min":"","field_max":"","min_date":"","max_date":"","use_native_date":"","use_native_time":"","allow_multiple":"","select_size":"","field_html":""}],"show_labels":"","button_text":"Send","button_align":"center","email_content":"[all-fields]","email_content_2":"[all-fields]","success_message":"The form was sent successfully!","error_message":"There's something wrong... Please fill in the required fields.","required_field_message":"Required","invalid_message":"There's something wrong... The form is invalid.","field_text_color":"#000000","field_typography_typography":"custom","field_typography_font_size":{"unit":"px","size":13},"field_typography_font_size_tablet":{"unit":"px","size":12},"field_typography_font_family":"Roboto","field_border_width":{"unit":"px","top":"0","right":"0","bottom":"0","left":"0","isLinked":true},"field_border_radius":{"unit":"px","top":"0","right":"0","bottom":"0","left":"0","isLinked":true},"button_text_color":"#ffffff","button_typography_typography":"custom","button_typography_font_size_tablet":{"unit":"px","size":13},"button_typography_font_family":"Roboto","button_typography_text_transform":"uppercase","button_typography_letter_spacing":{"unit":"px","size":3},"button_background_color":"rgba(0,0,0,0)","button_border_border":"solid","button_border_width":{"unit":"px","top":"3","right":"3","bottom":"3","left":"3","isLinked":true},"button_border_color":"#ffffff","button_border_radius":{"unit":"px","top":"0","right":"0","bottom":"0","left":"0","isLinked":true},"button_hover_color":"#252525","button_background_hover_color":"rgba(0,0,0,0)","button_hover_border_color":"#252525","subscriber_already_exists_message":"Subscriber already exist."},"elements":[],"isInner":false,"widgetType":"form","elType":"widget"}],"isInner":true,"elType":"column"}],"isInner":true,"elType":"section"}],"isInner":false,"elType":"column"}],"isInner":false,"elType":"section"}]}