{"version":"0.4","title":"Portfolio-Fashion-Photographer-page","type":"page","content":[{"id":"16849b6c","settings":{"layout":"full_width","gap":"no","height":"min-height","custom_height":{"unit":"vh","size":100},"column_position":"stretch","content_position":"middle","structure":"20","custom_height_tablet":{"unit":"vh","size":70},"custom_height_mobile":{"unit":"vh","size":100}},"elements":[{"id":"c50b35c","settings":{"_column_size":50,"_inline_size":50,"background_background":"classic","background_image":{"id":580,"url":"http:\/\/localhost\/test\/wp-content\/uploads\/2018\/09\/232.png"},"background_size":"cover","_inline_size_tablet":45,"background_position":"center center","padding_mobile":{"unit":"px","top":"110","right":"0","bottom":"110","left":"0","isLinked":false}},"elements":[{"id":"22d1b131","settings":[],"elements":[],"isInner":false,"widgetType":"spacer","elType":"widget"}],"isInner":false,"elType":"column"},{"id":"7613ba8d","settings":{"_column_size":50,"_inline_size":50,"background_background":"classic","background_color":"#494bdc","padding":{"unit":"%","top":"0","right":"17","bottom":"0","left":"17","isLinked":false},"_inline_size_tablet":55,"padding_tablet":{"unit":"%","top":"0","right":"12","bottom":"0","left":"12","isLinked":false},"padding_mobile":{"unit":"px","top":"50","right":"20","bottom":"50","left":"20","isLinked":false}},"elements":[{"id":"491f9dca","settings":{"marker":"underline","before_text":"","highlighted_text":"Hello,","rotating_text":"Better\nBigger\nFaster","alignment":"left","marker_color":"#000000","rounded_edges":"yes","title_color":"#ffffff","title_typography_typography":"custom","title_typography_font_size":{"unit":"px","size":60},"title_typography_font_family":"Oswald","title_typography_font_weight":"500","words_typography_typography":"custom","words_typography_font_family":"Oswald","words_typography_font_weight":"500","stroke_width":{"unit":"px","size":14},"title_typography_text_transform":"uppercase","_padding":{"unit":"px","top":"0","right":"0","bottom":"30","left":"0","isLinked":false},"alignment_mobile":"center","title_typography_font_size_tablet":{"unit":"px","size":50},"_padding_tablet":{"unit":"px","top":"0","right":"0","bottom":"10","left":"0","isLinked":false},"words_color":"#ffffff"},"elements":[],"isInner":false,"widgetType":"animated-headline","elType":"widget"},{"id":"7c3cd9ba","settings":{"title":"I\u2019m Pavel Juliano and I\u2019m \na Fashion Photographer.","title_color":"#ffffff","typography_typography":"custom","typography_font_size":{"unit":"px","size":68},"typography_font_family":"Vidaloka","typography_font_weight":"100","typography_line_height":{"unit":"em","size":1.3},"align_mobile":"center","typography_font_size_tablet":{"unit":"px","size":49},"typography_font_size_mobile":{"unit":"px","size":31},"typography_letter_spacing":{"unit":"px","size":-4.1},"header_size":"h1","typography_letter_spacing_tablet":{"unit":"px","size":-1.4}},"elements":[],"isInner":false,"widgetType":"heading","elType":"widget"},{"id":"28416343","settings":{"social_icon_list":[{"social":"fa fa-behance","link":{"url":"","is_external":"true","nofollow":""},"_id":"7gz511c"},{"social":"fa fa-dribbble","link":{"url":"","is_external":"true","nofollow":""},"_id":"qs34ejp"},{"social":"fa fa-facebook","_id":"dqxq0ke","link":{"url":"","is_external":"true","nofollow":""}},{"social":"fa fa-instagram","link":{"url":"","is_external":"true","nofollow":""},"_id":"75lm9nf"},{"social":"fa fa-twitter","_id":"xq927bv","link":{"url":"","is_external":"true","nofollow":""}},{"social":"fa fa-google-plus","_id":"km067kx","link":{"url":"","is_external":"true","nofollow":""}}],"icon_color":"custom","icon_primary_color":"#000000","icon_size_tablet":{"unit":"px","size":18},"icon_size_mobile":{"unit":"px","size":15},"shape":"circle","align":"left","icon_secondary_color":"#ffffff","icon_size":{"unit":"px","size":25},"icon_padding":{"unit":"em","size":0.6},"icon_spacing":{"unit":"px","size":15},"_padding":{"unit":"px","top":"100","right":"0","bottom":"0","left":"0","isLinked":false},"align_tablet":"left","align_mobile":"center","icon_spacing_tablet":{"unit":"px","size":10},"icon_spacing_mobile":{"unit":"px","size":11},"_padding_tablet":{"unit":"px","top":"50","right":"0","bottom":"0","left":"0","isLinked":false},"_padding_mobile":{"unit":"px","top":"20","right":"0","bottom":"0","left":"0","isLinked":false}},"elements":[],"isInner":false,"widgetType":"social-icons","elType":"widget"}],"isInner":false,"elType":"column"}],"isInner":false,"elType":"section"},{"id":"1f76dc19","settings":{"structure":"30","padding":{"unit":"px","top":"150","right":"0","bottom":"150","left":"0","isLinked":false},"padding_tablet":{"unit":"px","top":"70","right":"30","bottom":"70","left":"30","isLinked":false},"padding_mobile":{"unit":"px","top":"50","right":"20","bottom":"50","left":"20","isLinked":false}},"elements":[{"id":"785e5171","settings":{"_column_size":33,"_inline_size":null,"_inline_size_mobile":33.3,"padding_mobile":{"unit":"px","top":"0","right":"6","bottom":"0","left":"0","isLinked":false}},"elements":[{"id":"266957a4","settings":{"image":{"id":581,"url":"http:\/\/localhost\/test\/wp-content\/uploads\/2018\/09\/Untitled-1.png"},"_animation":"fadeInLeft","link_to":"file","open_lightbox":"yes"},"elements":[],"isInner":false,"widgetType":"image","elType":"widget"},{"id":"13cdb204","settings":{"image":{"id":582,"url":"http:\/\/localhost\/test\/wp-content\/uploads\/2018\/09\/46.png"},"_animation":"fadeInRight","link_to":"file","open_lightbox":"yes","_margin_mobile":{"unit":"px","top":"-10","right":"0","bottom":"0","left":"0","isLinked":false}},"elements":[],"isInner":false,"widgetType":"image","elType":"widget"},{"id":"6b4e226e","settings":{"image":{"id":583,"url":"http:\/\/localhost\/test\/wp-content\/uploads\/2018\/09\/6-2.png"},"_animation":"fadeInLeft","link_to":"file","open_lightbox":"yes","_margin_mobile":{"unit":"px","top":"-10","right":"0","bottom":"0","left":"0","isLinked":false}},"elements":[],"isInner":false,"widgetType":"image","elType":"widget"}],"isInner":false,"elType":"column"},{"id":"69541e72","settings":{"_column_size":33,"_inline_size":null,"_inline_size_mobile":33.3,"padding_mobile":{"unit":"px","top":"0","right":"3","bottom":"0","left":"3","isLinked":false}},"elements":[{"id":"92fb752","settings":{"image":{"id":584,"url":"http:\/\/localhost\/test\/wp-content\/uploads\/2018\/09\/Untitl65ed-1.png"},"_animation":"fadeInDown","link_to":"file","open_lightbox":"yes"},"elements":[],"isInner":false,"widgetType":"image","elType":"widget"},{"id":"104d080","settings":{"image":{"id":585,"url":"http:\/\/localhost\/test\/wp-content\/uploads\/2018\/09\/5.png"},"_animation":"fadeInUp","link_to":"file","open_lightbox":"yes","_margin_mobile":{"unit":"px","top":"-10","right":"0","bottom":"0","left":"0","isLinked":false}},"elements":[],"isInner":false,"widgetType":"image","elType":"widget"},{"id":"5eff10b5","settings":{"image":{"id":586,"url":"http:\/\/localhost\/test\/wp-content\/uploads\/2018\/09\/3-3.png"},"_animation":"fadeInDown","link_to":"file","open_lightbox":"yes","_margin_mobile":{"unit":"px","top":"-10","right":"0","bottom":"0","left":"0","isLinked":false}},"elements":[],"isInner":false,"widgetType":"image","elType":"widget"},{"id":"3eb59e00","settings":{"image":{"id":587,"url":"http:\/\/localhost\/test\/wp-content\/uploads\/2018\/09\/58.png"},"_animation":"fadeInUp","link_to":"file","open_lightbox":"yes","_margin_mobile":{"unit":"px","top":"-10","right":"0","bottom":"0","left":"0","isLinked":false}},"elements":[],"isInner":false,"widgetType":"image","elType":"widget"}],"isInner":false,"elType":"column"},{"id":"12929895","settings":{"_column_size":33,"_inline_size":null,"_inline_size_mobile":33.3,"padding_mobile":{"unit":"px","top":"0","right":"0","bottom":"0","left":"6","isLinked":false}},"elements":[{"id":"38d3662b","settings":{"image":{"id":588,"url":"http:\/\/localhost\/test\/wp-content\/uploads\/2018\/09\/Untitled56-1.png"},"_animation":"fadeInRight","link_to":"file","open_lightbox":"yes"},"elements":[],"isInner":false,"widgetType":"image","elType":"widget"},{"id":"5f416188","settings":{"image":{"id":589,"url":"http:\/\/localhost\/test\/wp-content\/uploads\/2018\/09\/3.5.png"},"_animation":"fadeInLeft","link_to":"file","open_lightbox":"yes","_margin_mobile":{"unit":"px","top":"-10","right":"0","bottom":"0","left":"0","isLinked":false}},"elements":[],"isInner":false,"widgetType":"image","elType":"widget"},{"id":"30a78109","settings":{"image":{"id":590,"url":"http:\/\/localhost\/test\/wp-content\/uploads\/2018\/09\/35-1.png"},"_animation":"fadeInRight","link_to":"file","open_lightbox":"yes","_margin_mobile":{"unit":"px","top":"-10","right":"0","bottom":"0","left":"0","isLinked":false}},"elements":[],"isInner":false,"widgetType":"image","elType":"widget"}],"isInner":false,"elType":"column"}],"isInner":false,"elType":"section"},{"id":"6df63804","settings":{"background_background":"classic","background_image":{"id":593,"url":"http:\/\/localhost\/test\/wp-content\/uploads\/2018\/09\/25.png"},"background_overlay_background":"classic","background_overlay_color":"#000000","shape_divider_bottom_color":"#5d64d4","shape_divider_bottom_height":{"unit":"px","size":322},"padding":{"unit":"px","top":"100","right":"0","bottom":"70","left":"0","isLinked":false},"background_size":"cover","padding_tablet":{"unit":"px","top":"50","right":"0","bottom":"0","left":"0","isLinked":false}},"elements":[{"id":"32d7400c","settings":{"_column_size":100},"elements":[{"id":"452c69a4","settings":{"slides":[{"content":"\"Lorem ipsum dolor sit amet, consectetur adipiscing elit. Ut elit tellus, luctus nec ullamcorper mattis, pulvinar dapibus leo.\"","name":"Edna Sandoval","title":"","image":{"id":591,"url":"http:\/\/localhost\/test\/wp-content\/uploads\/2018\/09\/team_3.jpg"},"_id":"cer66e0"},{"content":"\"Lorem ipsum dolor sit amet, consectetur adipiscing elit. Ut elit tellus, luctus nec ullamcorper mattis, pulvinar dapibus leo.\"","name":"Andrea Phillips","title":"","image":{"id":592,"url":"http:\/\/localhost\/test\/wp-content\/uploads\/2018\/09\/team.jpg"},"_id":"8v6prp8"},{"content":"\"Lorem ipsum dolor sit amet, consectetur adipiscing elit. Ut elit tellus, luctus nec ullamcorper mattis, pulvinar dapibus leo.\"","name":"J\u00e9r\u00e9my M\u00e9nez","title":"","image":{"id":"130","url":"http:\/\/localhost\/test\/wp-content\/uploads\/2018\/09\/86.png"},"_id":"x18kqpx"}],"skin":"bubble","slides_per_view":"1","content_color":"#000000","content_typography_typography":"custom","content_typography_font_family":"Vidaloka","content_typography_font_weight":"100","name_color":"#ffffff","name_typography_typography":"custom","name_typography_font_size":{"unit":"px","size":25},"name_typography_font_family":"Oswald","name_typography_font_weight":"300","image_size":{"unit":"px","size":60},"image_border":"yes","image_border_color":"rgba(255,255,255,0.71)","image_border_width":{"unit":"px","size":3},"background_color":"#ffffff","text_padding":{"unit":"px","top":"40","right":"40","bottom":"40","left":"40","isLinked":true},"border_radius":{"unit":"px","top":"30","right":"30","bottom":"30","left":"30","isLinked":true},"layout":"image_stacked","width":{"unit":"%","size":100},"content_typography_font_size":{"unit":"px","size":28},"content_typography_font_size_tablet":{"unit":"px","size":22},"content_typography_font_size_mobile":{"unit":"px","size":18},"name_typography_font_size_mobile":{"unit":"px","size":18},"pagination_color":"#494bdc","text_padding_mobile":{"unit":"px","top":"30","right":"20","bottom":"20","left":"20","isLinked":false}},"elements":[],"isInner":false,"widgetType":"testimonial-carousel","elType":"widget"}],"isInner":false,"elType":"column"}],"isInner":false,"elType":"section"},{"id":"6319a3c3","settings":{"background_background":"classic","background_image":{"id":594,"url":"http:\/\/localhost\/test\/wp-content\/uploads\/2018\/09\/fgfg.png"},"background_size":"cover","padding":{"unit":"px","top":"180","right":"0","bottom":"180","left":"0","isLinked":false},"gap":"no","background_overlay_background":"classic","background_overlay_color":"#494bdc","background_overlay_opacity":{"unit":"px","size":0.85},"padding_tablet":{"unit":"px","top":"100","right":"50","bottom":"100","left":"50","isLinked":false},"padding_mobile":{"unit":"px","top":"70","right":"30","bottom":"30","left":"30","isLinked":false}},"elements":[{"id":"a6c544d","settings":{"_column_size":100,"_inline_size":null},"elements":[{"id":"308761cc","settings":{"title":"\u201cA picture is a secret about a secret, \nthe more it tells you the less you know.\u201d ","align":"center","title_color":"#ffffff","typography_typography":"custom","typography_font_size":{"unit":"px","size":65},"typography_font_family":"Vidaloka","typography_font_weight":"100","typography_font_size_tablet":{"unit":"px","size":50},"typography_font_size_mobile":{"unit":"px","size":37},"typography_letter_spacing":{"unit":"px","size":-2.5},"header_size":"h3","typography_line_height_tablet":{"unit":"px","size":61},"typography_line_height_mobile":{"unit":"px","size":44},"typography_letter_spacing_mobile":{"unit":"px","size":-1.6}},"elements":[],"isInner":false,"widgetType":"heading","elType":"widget"},{"id":"4c535df0","settings":{"title":"-Diane Arbus-","align":"center","title_color":"#ffffff","typography_typography":"custom","typography_font_size":{"unit":"px","size":25},"typography_font_family":"Oswald","typography_font_weight":"100","_padding":{"unit":"px","top":"0","right":"0","bottom":"0","left":"0","isLinked":true},"typography_font_size_tablet":{"unit":"px","size":25},"typography_font_size_mobile":{"unit":"px","size":18},"_padding_tablet":{"unit":"px","top":"0","right":"0","bottom":"50","left":"0","isLinked":false},"_padding_mobile":{"unit":"px","top":"0","right":"0","bottom":"50","left":"0","isLinked":false}},"elements":[],"isInner":false,"widgetType":"heading","elType":"widget"}],"isInner":false,"elType":"column"}],"isInner":false,"elType":"section"},{"id":"35308484","settings":{"gap":"no","structure":"21","background_background":"classic","background_color":"#000000","padding":{"unit":"px","top":"150","right":"0","bottom":"150","left":"0","isLinked":false},"padding_tablet":{"unit":"px","top":"100","right":"50","bottom":"100","left":"50","isLinked":false},"padding_mobile":{"unit":"px","top":"70","right":"30","bottom":"70","left":"30","isLinked":false}},"elements":[{"id":"790d241f","settings":{"_column_size":33,"_inline_size":null},"elements":[{"id":"32f1db41","settings":{"title":"contact","align":"center","title_color":"#ffffff","typography_typography":"custom","typography_font_size":{"unit":"px","size":55},"typography_font_family":"Oswald","typography_font_weight":"400","align_tablet":"left","align_mobile":"center","typography_font_size_tablet":{"unit":"px","size":40},"typography_text_transform":"uppercase","_padding":{"unit":"px","top":"0","right":"0","bottom":"20","left":"0","isLinked":false}},"elements":[],"isInner":false,"widgetType":"heading","elType":"widget"}],"isInner":false,"elType":"column"},{"id":"2efe27d7","settings":{"_column_size":66,"_inline_size":null},"elements":[{"id":"5a3761d3","settings":{"form_name":"New Form","form_fields":[{"_id":"name","field_type":"text","field_label":"Name","placeholder":"Name","width":"50","required":"","field_options":"","inline_list":"","width_tablet":"","width_mobile":"","rows":4,"recaptcha_size":"normal","recaptcha_style":"light","css_classes":"","field_value":"","file_sizes":"","file_types":"","allow_multiple_upload":"","max_files":"","acceptance_text":"","checked_by_default":"","field_min":"","field_max":"","min_date":"","max_date":"","use_native_date":"","use_native_time":"","allow_multiple":"","select_size":"","field_html":""},{"_id":"email","field_type":"email","required":"true","field_label":"Email","placeholder":"Email","width":"50","field_options":"","inline_list":"","width_tablet":"","width_mobile":"","rows":4,"recaptcha_size":"normal","recaptcha_style":"light","css_classes":"","field_value":"","file_sizes":"","file_types":"","allow_multiple_upload":"","max_files":"","acceptance_text":"","checked_by_default":"","field_min":"","field_max":"","min_date":"","max_date":"","use_native_date":"","use_native_time":"","allow_multiple":"","select_size":"","field_html":""},{"field_type":"tel","field_label":"Phone","placeholder":"Phone","required":"","field_options":"","inline_list":"","width":"50","width_tablet":"","width_mobile":"","rows":4,"recaptcha_size":"normal","recaptcha_style":"light","css_classes":"","_id":"field_3","field_value":"","file_sizes":"","file_types":"","allow_multiple_upload":"","max_files":"","acceptance_text":"","checked_by_default":"","field_min":"","field_max":"","min_date":"","max_date":"","use_native_date":"","use_native_time":"","allow_multiple":"","select_size":"","field_html":""},{"field_type":"text","field_label":"Subject","placeholder":"Subject","required":"","field_options":"","inline_list":"","width":"50","width_tablet":"","width_mobile":"","rows":4,"recaptcha_size":"normal","recaptcha_style":"light","css_classes":"","_id":"field_1","field_value":"","file_sizes":"","file_types":"","allow_multiple_upload":"","max_files":"","acceptance_text":"","checked_by_default":"","field_min":"","field_max":"","min_date":"","max_date":"","use_native_date":"","use_native_time":"","allow_multiple":"","select_size":"","field_html":""},{"_id":"field_2","field_type":"textarea","field_label":"Message","placeholder":"Message","width":"100","required":"","field_options":"","inline_list":"","width_tablet":"","width_mobile":"","rows":4,"recaptcha_size":"normal","recaptcha_style":"light","css_classes":"","field_value":"","file_sizes":"","file_types":"","allow_multiple_upload":"","max_files":"","acceptance_text":"","checked_by_default":"","field_min":"","field_max":"","min_date":"","max_date":"","use_native_date":"","use_native_time":"","allow_multiple":"","select_size":"","field_html":""}],"show_labels":"","button_text":"Send","button_width":"","button_align":"end","button_align_mobile":"stretch","email_content":"[all-fields]","email_content_2":"[all-fields]","success_message":"The form was sent successfully!","error_message":"There's something wrong... Please fill in the required fields.","required_field_message":"Required","invalid_message":"There's something wrong... The form is invalid.","column_gap":{"unit":"px","size":20},"row_gap":{"unit":"px","size":40},"field_text_color":"#ffffff","field_typography_typography":"custom","field_typography_font_size":{"unit":"px","size":20},"field_typography_font_size_tablet":{"unit":"px","size":17},"field_typography_font_family":"Oswald","field_typography_font_weight":"100","field_background_color":"rgba(255,255,255,0)","field_border_color":"#ffffff","field_border_width":{"unit":"px","top":"0","right":"0","bottom":"1","left":"0","isLinked":false},"field_border_radius":{"unit":"px","top":"0","right":"0","bottom":"0","left":"0","isLinked":true},"button_typography_typography":"custom","button_typography_font_size":{"unit":"px","size":20},"button_typography_font_size_tablet":{"unit":"px","size":17},"button_typography_font_family":"Oswald","button_typography_font_weight":"300","button_typography_text_transform":"uppercase","button_typography_letter_spacing":{"unit":"px","size":2},"button_background_color":"#494bdc","button_border_radius":{"unit":"px","top":"50","right":"50","bottom":"50","left":"50","isLinked":true},"button_text_padding":{"unit":"px","top":"20","right":"50","bottom":"20","left":"50","isLinked":false},"_padding_mobile":{"unit":"px","top":"50","right":"0","bottom":"0","left":"0","isLinked":false},"subscriber_already_exists_message":"Subscriber already exist.","button_border_border":"solid","button_border_width":{"unit":"px","top":"2","right":"2","bottom":"2","left":"2","isLinked":true},"button_border_color":"#494bdc","button_hover_border_color":"#ffffff"},"elements":[],"isInner":false,"widgetType":"form","elType":"widget"}],"isInner":false,"elType":"column"}],"isInner":false,"elType":"section"}]}