{"version":"0.4","title":"Pricing-App-page","type":"page","content":[{"id":"39432798","settings":{"section_layout":"","layout":"full_width","content_width":{"unit":"px","size":"1300"},"custom_height":{"unit":"vh","size":100},"content_position":"middle","section_background":"","background_background":"classic","background_image":{"id":1137,"url":"http:\/\/localhost\/test\/wp-content\/uploads\/2018\/09\/3..-1.png"},"background_position":"center center","background_size":"cover","background_overlay_section":"","section_border":"","box_shadow_box_shadow":{"horizontal":0,"vertical":0,"blur":10,"spread":0,"inset":"","color":"rgba(0,0,0,0.5)"},"section_typo":"","section_advanced":"","margin_mobile":{"unit":"px","top":"","right":0,"bottom":"","left":0,"isLinked":true},"padding":{"unit":"px","top":"120","right":"0","bottom":"120","left":"0","isLinked":false},"padding_tablet":{"unit":"px","top":"100","right":"0","bottom":"100","left":"0","isLinked":false},"padding_mobile":{"unit":"px","top":"80","right":"0","bottom":"80","left":"0","isLinked":false},"_section_responsive":"","heading_visibility":"","responsive_description":"","section_custom_css":"","custom_css_description":"","section_custom_css_pro":"","custom_css_pro":""},"elements":[{"id":"5be5d572","settings":{"_column_size":100,"_inline_size":null,"section_style":"","box_shadow_box_shadow":{"horizontal":0,"vertical":0,"blur":10,"spread":0,"inset":"","color":"rgba(0,0,0,0.5)"},"section_background_overlay":"","section_typo":"","section_advanced":"","margin":{"unit":"%","top":"0","right":"5","bottom":"0","left":"50","isLinked":false},"margin_tablet":{"unit":"%","top":"0","right":"7","bottom":"0","left":"40","isLinked":false},"margin_mobile":{"unit":"px","top":"0","right":"0","bottom":"0","left":"0","isLinked":true},"padding_mobile":{"unit":"px","top":"0","right":"20","bottom":"0","left":"20","isLinked":false},"section_responsive":"","screen_xs":"default","screen_xs_width":"100","section_custom_css":"","custom_css_description":"","section_custom_css_pro":"","custom_css_pro":""},"elements":[{"id":"438e8e23","settings":{"section_title":"","title":"Find the plan that works for you!","link":{"is_external":"","url":""},"header_size":"h1","align_mobile":"center","section_title_style":"","title_color":"#ffffff","typography_typography":"custom","typography_font_size":{"unit":"px","size":"59"},"typography_font_size_tablet":{"unit":"px","size":"40"},"typography_font_size_mobile":{"unit":"px","size":"30"},"typography_font_family":"Helvetica","typography_line_height_tablet":{"unit":"em","size":"1.2"},"_section_style":"","_section_background":"","_box_shadow_box_shadow":{"horizontal":0,"vertical":0,"blur":10,"spread":0,"inset":"","color":"rgba(0,0,0,0.5)"},"_section_responsive":"","responsive_description":"","section_custom_css":"","custom_css_description":"","section_custom_css_pro":"","custom_css_pro":""},"elements":[],"isInner":false,"widgetType":"heading","elType":"widget"},{"id":"7753cfe6","settings":{"section_divider":"","weight":{"unit":"px","size":"5"},"color":"#fb42b0","width":{"unit":"%","size":"10"},"align":"left","align_mobile":"center","_section_style":"","_padding":{"unit":"px","top":"20","right":"0","bottom":"20","left":"0","isLinked":false},"_padding_tablet":{"unit":"px","top":"0","right":"0","bottom":"0","left":"0","isLinked":false},"_section_background":"","_box_shadow_box_shadow":{"horizontal":0,"vertical":0,"blur":10,"spread":0,"inset":"","color":"rgba(0,0,0,0.5)"},"_section_responsive":"","responsive_description":"","section_custom_css":"","custom_css_description":"","section_custom_css_pro":"","custom_css_pro":""},"elements":[],"isInner":false,"widgetType":"divider","elType":"widget"},{"id":"331cb031","settings":{"section_title":"","title":"Lorem ipsum dolor sit amet, consectetur adipiscing elit. Quisque quis interdum dolor, quis vestibulum magna.","link":{"is_external":"","url":""},"header_size":"h3","align":"left","align_mobile":"center","section_title_style":"","title_color":"#ffffff","typography_typography":"custom","typography_font_size":{"unit":"px","size":"19"},"typography_font_size_tablet":{"unit":"px","size":"18"},"typography_font_size_mobile":{"unit":"px","size":"14"},"typography_font_family":"Helvetica","typography_font_weight":"500","typography_line_height":{"unit":"em","size":"1.6"},"typography_letter_spacing":{"unit":"px","size":"0.3"},"_section_style":"","_padding":{"unit":"px","top":"0","right":"0","bottom":"30","left":"0","isLinked":false},"_padding_tablet":{"unit":"px","top":"0","right":"0","bottom":"20","left":"0","isLinked":false},"_section_background":"","_box_shadow_box_shadow":{"horizontal":0,"vertical":0,"blur":10,"spread":0,"inset":"","color":"rgba(0,0,0,0.5)"},"_section_responsive":"","responsive_description":"","section_custom_css":"","custom_css_description":"","section_custom_css_pro":"","custom_css_pro":""},"elements":[],"isInner":false,"widgetType":"heading","elType":"widget"},{"id":"7dc68a78","settings":{"section_button":"","text":"View demo","link":{"is_external":"","url":"#"},"align_mobile":"center","size":"lg","section_style":"","typography_typography":"custom","typography_font_size_tablet":{"unit":"px","size":"15"},"typography_font_family":"Helvetica","typography_font_weight":"600","typography_text_transform":"capitalize","typography_letter_spacing":{"unit":"px","size":2.9},"background_color":"#fb42b0","border_radius":{"unit":"px","top":"50","right":"50","bottom":"50","left":"50","isLinked":true},"section_hover":"","hover_color":"#fb42b0","button_background_hover_color":"#ffffff","_section_style":"","_section_background":"","_box_shadow_box_shadow":{"horizontal":0,"vertical":0,"blur":10,"spread":0,"inset":"","color":"rgba(0,0,0,0.5)"},"_section_responsive":"","responsive_description":"","section_custom_css":"","custom_css_description":"","section_custom_css_pro":"","custom_css_pro":""},"elements":[],"isInner":false,"widgetType":"button","elType":"widget"}],"isInner":false,"elType":"column"}],"isInner":false,"elType":"section"},{"id":"3199670a","settings":{"section_layout":"","gap":"no","section_background":"","background_overlay_section":"","section_border":"","box_shadow_box_shadow":{"horizontal":0,"vertical":0,"blur":10,"spread":0,"inset":"","color":"rgba(0,0,0,0.5)"},"section_typo":"","section_advanced":"","padding":{"unit":"px","top":"120","right":"0","bottom":"150","left":"0","isLinked":false},"padding_tablet":{"unit":"px","top":"80","right":"20","bottom":"80","left":"20","isLinked":false},"_section_responsive":"","heading_visibility":"","responsive_description":"","section_custom_css":"","custom_css_description":"","section_custom_css_pro":"","custom_css_pro":""},"elements":[{"id":"290d0476","settings":{"_column_size":100,"_inline_size":null,"section_style":"","box_shadow_box_shadow":{"horizontal":0,"vertical":0,"blur":10,"spread":0,"inset":"","color":"rgba(0,0,0,0.5)"},"section_background_overlay":"","section_typo":"","section_advanced":"","section_responsive":"","screen_xs":"default","screen_xs_width":"100","section_custom_css":"","custom_css_description":"","section_custom_css_pro":"","custom_css_pro":""},"elements":[{"id":"25236724","settings":{"section_title":"","title":"Pricing","link":{"is_external":"","url":""},"align":"center","section_title_style":"","title_color":"#363636","typography_typography":"custom","typography_font_size":{"unit":"px","size":"65"},"typography_font_size_tablet":{"unit":"px","size":"40"},"typography_font_size_mobile":{"unit":"px","size":"30"},"typography_font_family":"Helvetica","_section_style":"","_padding":{"unit":"px","top":"0","right":"0","bottom":"10","left":"0","isLinked":false},"_section_background":"","_box_shadow_box_shadow":{"horizontal":0,"vertical":0,"blur":10,"spread":0,"inset":"","color":"rgba(0,0,0,0.5)"},"_section_responsive":"","responsive_description":"","section_custom_css":"","custom_css_description":"","section_custom_css_pro":"","custom_css_pro":""},"elements":[],"isInner":false,"widgetType":"heading","elType":"widget"},{"id":"518a5d8","settings":{"section_title":"","title":"Lorem ipsum dolor sit amet, consectetur adipiscing elit. Quisque quis interdum dolor, quis vestibulum magna.","link":{"is_external":"","url":""},"header_size":"h3","align":"center","section_title_style":"","title_color":"#8e8e8e","typography_typography":"custom","typography_font_size":{"unit":"px","size":"19"},"typography_font_size_tablet":{"unit":"px","size":"16"},"typography_font_size_mobile":{"unit":"px","size":"14"},"typography_font_family":"Helvetica","typography_font_weight":"500","typography_line_height":{"unit":"em","size":"1.6"},"_section_style":"","_padding":{"unit":"%","top":"0","right":"21","bottom":"0","left":"21","isLinked":false},"_padding_tablet":{"unit":"px","top":"0","right":"80","bottom":"10","left":"80","isLinked":false},"_padding_mobile":{"unit":"px","top":"0","right":"0","bottom":"0","left":"0","isLinked":true},"_section_background":"","_box_shadow_box_shadow":{"horizontal":0,"vertical":0,"blur":10,"spread":0,"inset":"","color":"rgba(0,0,0,0.5)"},"_section_responsive":"","responsive_description":"","section_custom_css":"","custom_css_description":"","section_custom_css_pro":"","custom_css_pro":""},"elements":[],"isInner":false,"widgetType":"heading","elType":"widget"},{"id":"41da55ca","settings":{"section_layout":"","gap":"no","content_position":"middle","structure":"30","section_background":"","background_overlay_section":"","section_border":"","box_shadow_box_shadow":{"horizontal":0,"vertical":0,"blur":10,"spread":0,"inset":"","color":"rgba(0,0,0,0.5)"},"section_typo":"","section_advanced":"","padding":{"unit":"px","top":"40","right":"0","bottom":"0","left":"0","isLinked":false},"_section_responsive":"","heading_visibility":"","responsive_description":"","section_custom_css":"","custom_css_description":"","section_custom_css_pro":"","custom_css_pro":""},"elements":[{"id":"3cefb8dd","settings":{"_column_size":33,"_inline_size":null,"section_style":"","box_shadow_box_shadow":{"horizontal":0,"vertical":0,"blur":10,"spread":0,"inset":"","color":"rgba(0,0,0,0.5)"},"section_background_overlay":"","section_typo":"","section_advanced":"","margin_mobile":{"unit":"px","top":"0","right":"0","bottom":"0","left":"0","isLinked":true},"padding_mobile":{"unit":"px","top":"0","right":"0","bottom":"0","left":"0","isLinked":true},"section_responsive":"","screen_xs":"default","screen_xs_width":"100","section_custom_css":"","custom_css_description":"","section_custom_css_pro":"","custom_css_pro":""},"elements":[{"id":"1c4ef405","settings":{"section_header":"","heading":"Trial Plan","sub_heading":"","section_pricing":"","price":"0","original_price":"29","period":"\/ Per month","section_features":"","features_list":[{"item_text":"Lorem ipsum dolor sit amet, quis dolor, quis vestibulum magna. Etiam pretium nec ipsum non pellentesqe puru. ","item_icon":"","_id":"r4x7mvr","item_icon_color":""}],"section_footer":"","button_text":"Get it now!","link":{"is_external":"","url":"#"},"footer_additional_info":"*Lorem ipsum dolor sit amet consectetur ","section_ribbon":"","ribbon_title":"","section_header_style":"","header_bg_color":"#41a1fd","header_gap":{"unit":"px","size":"22"},"header_gap_tablet":{"unit":"px","size":"22"},"header_gap_mobile":{"unit":"px","size":"22"},"heading_heading_style":"","heading_typography_typography":"custom","heading_typography_font_size":{"unit":"px","size":"30"},"heading_typography_font_size_tablet":{"unit":"px","size":"20"},"heading_typography_font_family":"Helvetica","heading_sub_heading_style":"","section_pricing_element_style":"","pricing_element_bg_color":"#ffffff","pricing_element_gap":{"unit":"px","size":"40"},"pricing_element_gap_tablet":{"unit":"px","size":"40"},"pricing_element_gap_mobile":{"unit":"px","size":"40"},"heading_currency_style":"","currency_color":"#fb42b0","currency_typography_typography":"custom","currency_typography_font_size":{"unit":"px","size":"40"},"currency_typography_font_size_tablet":{"unit":"px","size":""},"currency_typography_font_size_mobile":{"unit":"px","size":""},"currency_typography_font_family":"Helvetica","currency_typography_font_weight":"","currency_typography_text_transform":"","currency_typography_font_style":"","currency_typography_line_height":{"unit":"em","size":""},"currency_typography_line_height_tablet":{"unit":"em","size":""},"currency_typography_line_height_mobile":{"unit":"em","size":""},"currency_typography_letter_spacing":{"unit":"px","size":""},"currency_typography_letter_spacing_tablet":{"unit":"px","size":""},"currency_typography_letter_spacing_mobile":{"unit":"px","size":""},"heading_price_style":"","price_color":"#fb42b0","price_typography_typography":"custom","price_typography_font_size":{"unit":"px","size":"100"},"price_typography_font_size_tablet":{"unit":"px","size":"60"},"price_typography_font_family":"Helvetica","heading_original_price_style":"","fractional_part_style":"","fractional_part_color":"","fractional_part_typography_typography":"","fractional_part_typography_font_size":{"unit":"px","size":""},"fractional_part_typography_font_size_tablet":{"unit":"px","size":""},"fractional_part_typography_font_size_mobile":{"unit":"px","size":""},"fractional_part_typography_font_family":"","fractional_part_typography_font_weight":"","fractional_part_typography_text_transform":"","fractional_part_typography_font_style":"","fractional_part_typography_line_height":{"unit":"em","size":""},"fractional_part_typography_line_height_tablet":{"unit":"em","size":""},"fractional_part_typography_line_height_mobile":{"unit":"em","size":""},"fractional_part_typography_letter_spacing":{"unit":"px","size":""},"fractional_part_typography_letter_spacing_tablet":{"unit":"px","size":""},"fractional_part_typography_letter_spacing_mobile":{"unit":"px","size":""},"period_style":"","period_color":"#fb42b0","period_typography_typography":"custom","period_typography_font_size":{"unit":"px","size":"18"},"period_typography_font_size_tablet":{"unit":"px","size":"14"},"period_typography_font_family":"Helvetica","period_typography_font_weight":"500","section_features_list_style":"","features_list_bg_color":"#ffffff","features_list_gap":{"unit":"px","size":""},"features_list_gap_tablet":{"unit":"px","size":""},"features_list_gap_mobile":{"unit":"px","size":""},"features_list_color":"#898989","features_list_typography_typography":"custom","features_list_typography_font_size":{"unit":"px","size":"15"},"features_list_typography_font_size_tablet":{"unit":"px","size":"13"},"features_list_typography_font_family":"Helvetica","features_list_typography_line_height":{"unit":"em","size":2},"item_width":{"unit":"%","size":68},"divider_color":"","divider_width":{"unit":"%","size":75},"section_footer_style":"","footer_bg_color":"#ffffff","footer_gap":{"unit":"px","size":43},"footer_gap_tablet":{"unit":"px","size":"30"},"footer_gap_mobile":{"unit":"px","size":"30"},"heading_footer_button":"","tabs_button_style":"","tab_button_normal":"","button_text_color":"#fb42b0","button_typography_typography":"custom","button_typography_font_size":{"unit":"px","size":"20"},"button_typography_font_size_tablet":{"unit":"px","size":"14"},"button_typography_font_family":"Helvetica","button_typography_font_weight":"bold","button_typography_text_transform":"capitalize","button_typography_letter_spacing":{"unit":"px","size":2},"button_background_color":"rgba(251,66,176,0)","button_border_border":"solid","button_border_radius":{"unit":"px","top":"50","right":"50","bottom":"50","left":"50","isLinked":true},"button_text_padding":{"unit":"px","top":"15","right":"35","bottom":"15","left":"35","isLinked":false},"tab_button_hover":"","button_hover_color":"#41a1fd","button_hover_border_color":"#41a1fd","heading_additional_info":"","additional_info_color":"#898989","additional_info_typography_typography":"custom","additional_info_typography_font_size_tablet":{"unit":"px","size":"11"},"additional_info_typography_font_family":"Helvetica","additional_info_typography_font_weight":"500","additional_info_typography_line_height":{"unit":"em","size":"3"},"additional_info_margin":{"unit":"px","top":"10","right":"0","bottom":"0","left":"0","isLinked":false},"section_ribbon_style":"","ribbon_distance":{"unit":"px","size":35},"ribbon_distance_tablet":{"unit":"px","size":35},"ribbon_distance_mobile":{"unit":"px","size":35},"box_shadow_box_shadow":{"horizontal":0,"vertical":0,"blur":10,"spread":0,"inset":"","color":"rgba(0,0,0,0.5)"},"_section_style":"","_section_background":"","_border_radius":{"unit":"px","top":"5","right":"5","bottom":"5","left":"5","isLinked":true},"_box_shadow_box_shadow_type":"outset","_box_shadow_box_shadow":{"horizontal":0,"vertical":0,"blur":42,"spread":0,"inset":"","color":"rgba(0,0,0,0.16)"},"_section_responsive":"","responsive_description":"","section_custom_css":"","custom_css_description":"","section_custom_css_pro":"","custom_css_pro":"","pricing_element_padding_tablet":{"unit":"px","top":"20","right":"0","bottom":"20","left":"0","isLinked":false},"original_price_vertical_position":"","item_width_tablet":{"unit":"px","size":"90"},"heading_period_style":""},"elements":[],"isInner":false,"widgetType":"price-table","elType":"widget"}],"isInner":true,"elType":"column"},{"id":"1e54376c","settings":{"_column_size":33,"_inline_size":null,"section_style":"","box_shadow_box_shadow":{"horizontal":0,"vertical":0,"blur":10,"spread":0,"inset":"","color":"rgba(0,0,0,0.5)"},"section_background_overlay":"","section_typo":"","section_advanced":"","margin_tablet":{"unit":"px","top":"0","right":"0","bottom":"0","left":"0","isLinked":true},"margin_mobile":{"unit":"px","top":"0","right":"0","bottom":"0","left":"0","isLinked":true},"padding_mobile":{"unit":"px","top":"30","right":"0","bottom":"30","left":"0","isLinked":false},"section_responsive":"","screen_xs":"default","screen_xs_width":"100","section_custom_css":"","custom_css":"selector {\n z-index: 2;\n}","custom_css_description":"","section_custom_css_pro":"","custom_css_pro":"","z_index":1},"elements":[{"id":"5d06e869","settings":{"section_header":"","heading":"Standard Plan","sub_heading":"","section_pricing":"","price":"5.90","original_price":"29","period":"\/ Per month","section_features":"","features_list":[{"item_text":"Lorem ipsum dolor sit amet","item_icon":"","_id":"jukx7sl","item_icon_color":""},{"item_text":"Nulla consequat varius arcu","item_icon":"","_id":"x4drf6f","item_icon_color":""},{"item_text":"Duis a nisl non enim efficitur","item_icon":"","_id":"xr3b5ia","item_icon_color":""},{"item_text":"Etiam pretium nec ipsum ","item_icon":"","_id":"4xc59ex","item_icon_color":""},{"item_text":"Suspendisse vestibulum ipsum ","item_icon":"","_id":"yil2wmj","item_icon_color":""}],"section_footer":"","button_text":"Get it now!","link":{"is_external":"","url":"#"},"footer_additional_info":"*Lorem ipsum dolor sit amet consectetur ","section_ribbon":"","ribbon_title":"","section_header_style":"","header_bg_color":"#41a1fd","header_gap":{"unit":"px","size":"22"},"header_gap_tablet":{"unit":"px","size":"22"},"header_gap_mobile":{"unit":"px","size":"22"},"heading_heading_style":"","heading_color":"#ffffff","heading_typography_typography":"custom","heading_typography_font_size":{"unit":"px","size":"30"},"heading_typography_font_size_tablet":{"unit":"px","size":"20"},"heading_typography_font_family":"Helvetica","heading_sub_heading_style":"","section_pricing_element_style":"","pricing_element_bg_color":"#ffffff","pricing_element_gap":{"unit":"px","size":"40"},"pricing_element_gap_tablet":{"unit":"px","size":"40"},"pricing_element_gap_mobile":{"unit":"px","size":"40"},"heading_currency_style":"","currency_color":"#fb42b0","currency_typography_typography":"custom","currency_typography_font_size":{"unit":"px","size":"40"},"currency_typography_font_size_tablet":{"unit":"px","size":""},"currency_typography_font_size_mobile":{"unit":"px","size":""},"currency_typography_font_family":"Helvetica","currency_typography_font_weight":"","currency_typography_text_transform":"","currency_typography_font_style":"","currency_typography_line_height":{"unit":"em","size":""},"currency_typography_line_height_tablet":{"unit":"em","size":""},"currency_typography_line_height_mobile":{"unit":"em","size":""},"currency_typography_letter_spacing":{"unit":"px","size":""},"currency_typography_letter_spacing_tablet":{"unit":"px","size":""},"currency_typography_letter_spacing_mobile":{"unit":"px","size":""},"heading_price_style":"","price_color":"#fb42b0","price_typography_typography":"custom","price_typography_font_size":{"unit":"px","size":"100"},"price_typography_font_size_tablet":{"unit":"px","size":"60"},"price_typography_font_family":"Helvetica","heading_original_price_style":"","fractional_part_style":"","fractional_part_color":"#fb42b0","fractional_part_typography_typography":"custom","fractional_part_typography_font_size":{"unit":"px","size":"40"},"fractional_part_typography_font_size_tablet":{"unit":"px","size":""},"fractional_part_typography_font_size_mobile":{"unit":"px","size":""},"fractional_part_typography_font_family":"Helvetica","fractional_part_typography_font_weight":"","fractional_part_typography_text_transform":"","fractional_part_typography_font_style":"","fractional_part_typography_line_height":{"unit":"em","size":""},"fractional_part_typography_line_height_tablet":{"unit":"em","size":""},"fractional_part_typography_line_height_mobile":{"unit":"em","size":""},"fractional_part_typography_letter_spacing":{"unit":"px","size":""},"fractional_part_typography_letter_spacing_tablet":{"unit":"px","size":""},"fractional_part_typography_letter_spacing_mobile":{"unit":"px","size":""},"period_style":"","period_color":"#fb42b0","period_typography_typography":"custom","period_typography_font_size":{"unit":"px","size":"18"},"period_typography_font_size_tablet":{"unit":"px","size":"14"},"period_typography_font_family":"Helvetica","period_typography_font_weight":"500","section_features_list_style":"","features_list_bg_color":"#ffffff","features_list_gap":{"unit":"px","size":""},"features_list_gap_tablet":{"unit":"px","size":""},"features_list_gap_mobile":{"unit":"px","size":""},"features_list_color":"#898989","features_list_typography_typography":"custom","features_list_typography_font_size":{"unit":"px","size":"15"},"features_list_typography_font_size_tablet":{"unit":"px","size":"13"},"features_list_typography_font_family":"Helvetica","features_list_typography_line_height":{"unit":"em","size":2.2},"item_width":{"unit":"%","size":68},"list_divider":"","divider_color":"rgba(0,0,0,0)","divider_width":{"unit":"%","size":75},"section_footer_style":"","footer_bg_color":"#ffffff","footer_gap":{"unit":"px","size":43},"footer_gap_tablet":{"unit":"px","size":"30"},"footer_gap_mobile":{"unit":"px","size":"30"},"heading_footer_button":"","tabs_button_style":"","tab_button_normal":"","button_text_color":"#ffffff","button_typography_typography":"custom","button_typography_font_size":{"unit":"px","size":"20"},"button_typography_font_size_tablet":{"unit":"px","size":"14"},"button_typography_font_family":"Helvetica","button_typography_font_weight":"bold","button_typography_text_transform":"capitalize","button_typography_letter_spacing":{"unit":"px","size":2},"button_background_color":"#fb42b0","button_border_border":"solid","button_border_color":"#fb42b0","button_border_radius":{"unit":"px","top":"50","right":"50","bottom":"50","left":"50","isLinked":true},"button_text_padding":{"unit":"px","top":"15","right":"35","bottom":"15","left":"35","isLinked":false},"tab_button_hover":"","button_background_hover_color":"#41a1fd","button_hover_border_color":"#41a1fd","heading_additional_info":"","additional_info_color":"#898989","additional_info_typography_typography":"custom","additional_info_typography_font_size_tablet":{"unit":"px","size":"11"},"additional_info_typography_font_family":"Helvetica","additional_info_typography_font_weight":"500","additional_info_typography_line_height":{"unit":"em","size":"3"},"additional_info_margin":{"unit":"px","top":"10","right":"0","bottom":"0","left":"0","isLinked":false},"section_ribbon_style":"","ribbon_distance":{"unit":"px","size":35},"ribbon_distance_tablet":{"unit":"px","size":35},"ribbon_distance_mobile":{"unit":"px","size":35},"box_shadow_box_shadow":{"horizontal":0,"vertical":0,"blur":10,"spread":0,"inset":"","color":"rgba(0,0,0,0.5)"},"_section_style":"","_section_background":"","_border_radius":{"unit":"px","top":"5","right":"5","bottom":"5","left":"5","isLinked":true},"_box_shadow_box_shadow_type":"outset","_box_shadow_box_shadow":{"horizontal":0,"vertical":0,"blur":29,"spread":0,"inset":"","color":"rgba(2,2,2,0.22)"},"_section_responsive":"","responsive_description":"","section_custom_css":"","custom_css_description":"","section_custom_css_pro":"","custom_css_pro":"","pricing_element_padding_tablet":{"unit":"px","top":"20","right":"0","bottom":"20","left":"0","isLinked":false},"original_price_vertical_position":"","item_width_tablet":{"unit":"px","size":"90"},"heading_period_style":""},"elements":[],"isInner":false,"widgetType":"price-table","elType":"widget"}],"isInner":true,"elType":"column"},{"id":"e855875","settings":{"_column_size":33,"_inline_size":null,"section_style":"","box_shadow_box_shadow":{"horizontal":0,"vertical":0,"blur":10,"spread":0,"inset":"","color":"rgba(0,0,0,0.5)"},"section_background_overlay":"","section_typo":"","section_advanced":"","margin_tablet":{"unit":"px","top":"0","right":"0","bottom":"0","left":"0","isLinked":true},"margin_mobile":{"unit":"px","top":"0","right":"0","bottom":"0","left":"0","isLinked":true},"section_responsive":"","screen_xs":"default","screen_xs_width":"100","section_custom_css":"","custom_css_description":"","section_custom_css_pro":"","custom_css_pro":""},"elements":[{"id":"33b6851f","settings":{"section_header":"","heading":"Unlimited Plan","sub_heading":"","section_pricing":"","price":"9.90","original_price":"29","period":"\/ Per month","section_features":"","features_list":[{"item_text":"Lorem ipsum dolor sit amet, quis dolor, quis vestibulum magna. Etiam pretium nec ipsum non pellentesqe puru. ","item_icon":"","_id":"r4x7mvr","item_icon_color":""}],"section_footer":"","button_text":"Get it now!","link":{"is_external":"","url":"#"},"footer_additional_info":"*Lorem ipsum dolor sit amet consectetur ","section_ribbon":"","ribbon_title":"","section_header_style":"","header_bg_color":"#41a1fd","header_gap":{"unit":"px","size":"22"},"header_gap_tablet":{"unit":"px","size":"22"},"header_gap_mobile":{"unit":"px","size":"22"},"heading_heading_style":"","heading_typography_typography":"custom","heading_typography_font_size":{"unit":"px","size":"30"},"heading_typography_font_size_tablet":{"unit":"px","size":"20"},"heading_typography_font_family":"Helvetica","heading_sub_heading_style":"","section_pricing_element_style":"","pricing_element_bg_color":"#ffffff","pricing_element_gap":{"unit":"px","size":"40"},"pricing_element_gap_tablet":{"unit":"px","size":"40"},"pricing_element_gap_mobile":{"unit":"px","size":"40"},"heading_currency_style":"","currency_color":"#fb42b0","currency_typography_typography":"custom","currency_typography_font_size":{"unit":"px","size":"40"},"currency_typography_font_size_tablet":{"unit":"px","size":""},"currency_typography_font_size_mobile":{"unit":"px","size":""},"currency_typography_font_family":"Helvetica","currency_typography_font_weight":"","currency_typography_text_transform":"","currency_typography_font_style":"","currency_typography_line_height":{"unit":"em","size":""},"currency_typography_line_height_tablet":{"unit":"em","size":""},"currency_typography_line_height_mobile":{"unit":"em","size":""},"currency_typography_letter_spacing":{"unit":"px","size":""},"currency_typography_letter_spacing_tablet":{"unit":"px","size":""},"currency_typography_letter_spacing_mobile":{"unit":"px","size":""},"heading_price_style":"","price_color":"#fb42b0","price_typography_typography":"custom","price_typography_font_size":{"unit":"px","size":"100"},"price_typography_font_size_tablet":{"unit":"px","size":"60"},"price_typography_font_family":"Helvetica","heading_original_price_style":"","fractional_part_style":"","fractional_part_color":"#fb42b0","fractional_part_typography_typography":"custom","fractional_part_typography_font_size":{"unit":"px","size":"40"},"fractional_part_typography_font_size_tablet":{"unit":"px","size":""},"fractional_part_typography_font_size_mobile":{"unit":"px","size":""},"fractional_part_typography_font_family":"Helvetica","fractional_part_typography_font_weight":"","fractional_part_typography_text_transform":"","fractional_part_typography_font_style":"","fractional_part_typography_line_height":{"unit":"em","size":""},"fractional_part_typography_line_height_tablet":{"unit":"em","size":""},"fractional_part_typography_line_height_mobile":{"unit":"em","size":""},"fractional_part_typography_letter_spacing":{"unit":"px","size":""},"fractional_part_typography_letter_spacing_tablet":{"unit":"px","size":""},"fractional_part_typography_letter_spacing_mobile":{"unit":"px","size":""},"period_style":"","period_color":"#fb42b0","period_typography_typography":"custom","period_typography_font_size":{"unit":"px","size":"18"},"period_typography_font_size_tablet":{"unit":"px","size":"14"},"period_typography_font_family":"Helvetica","period_typography_font_weight":"500","section_features_list_style":"","features_list_bg_color":"#ffffff","features_list_gap":{"unit":"px","size":""},"features_list_gap_tablet":{"unit":"px","size":""},"features_list_gap_mobile":{"unit":"px","size":""},"features_list_color":"#898989","features_list_typography_typography":"custom","features_list_typography_font_size":{"unit":"px","size":"15"},"features_list_typography_font_size_tablet":{"unit":"px","size":"13"},"features_list_typography_font_family":"Helvetica","features_list_typography_line_height":{"unit":"em","size":"2"},"item_width":{"unit":"%","size":68},"divider_color":"","divider_width":{"unit":"%","size":75},"section_footer_style":"","footer_bg_color":"#ffffff","footer_gap":{"unit":"px","size":43},"footer_gap_tablet":{"unit":"px","size":"30"},"footer_gap_mobile":{"unit":"px","size":"30"},"heading_footer_button":"","tabs_button_style":"","tab_button_normal":"","button_text_color":"#fb42b0","button_typography_typography":"custom","button_typography_font_size":{"unit":"px","size":"20"},"button_typography_font_size_tablet":{"unit":"px","size":"14"},"button_typography_font_family":"Helvetica","button_typography_font_weight":"bold","button_typography_text_transform":"capitalize","button_typography_letter_spacing":{"unit":"px","size":2},"button_background_color":"rgba(251,66,176,0)","button_border_border":"solid","button_border_radius":{"unit":"px","top":"50","right":"50","bottom":"50","left":"50","isLinked":true},"button_text_padding":{"unit":"px","top":"15","right":"35","bottom":"15","left":"35","isLinked":false},"tab_button_hover":"","button_hover_color":"#41a1fd","button_hover_border_color":"#41a1fd","heading_additional_info":"","additional_info_color":"#898989","additional_info_typography_typography":"custom","additional_info_typography_font_size_tablet":{"unit":"px","size":"11"},"additional_info_typography_font_family":"Helvetica","additional_info_typography_font_weight":"500","additional_info_typography_line_height":{"unit":"em","size":"3"},"additional_info_margin":{"unit":"px","top":"10","right":"0","bottom":"0","left":"0","isLinked":false},"section_ribbon_style":"","ribbon_distance":{"unit":"px","size":35},"ribbon_distance_tablet":{"unit":"px","size":35},"ribbon_distance_mobile":{"unit":"px","size":35},"box_shadow_box_shadow":{"horizontal":0,"vertical":0,"blur":10,"spread":0,"inset":"","color":"rgba(0,0,0,0.5)"},"_section_style":"","_section_background":"","_border_radius":{"unit":"px","top":"5","right":"5","bottom":"5","left":"5","isLinked":true},"_box_shadow_box_shadow_type":"outset","_box_shadow_box_shadow":{"horizontal":0,"vertical":0,"blur":26,"spread":0,"inset":"","color":"rgba(0,0,0,0.2)"},"_section_responsive":"","responsive_description":"","section_custom_css":"","custom_css_description":"","section_custom_css_pro":"","custom_css_pro":"","pricing_element_padding_tablet":{"unit":"px","top":"20","right":"0","bottom":"20","left":"0","isLinked":false},"original_price_vertical_position":"","item_width_tablet":{"unit":"px","size":"90"},"heading_period_style":""},"elements":[],"isInner":false,"widgetType":"price-table","elType":"widget"}],"isInner":true,"elType":"column"}],"isInner":true,"elType":"section"}],"isInner":false,"elType":"column"}],"isInner":false,"elType":"section"},{"id":"38bfe60e","settings":{"section_layout":"","section_background":"","background_background":"classic","background_color":"#f2f4f6","background_overlay_section":"","section_border":"","box_shadow_box_shadow":{"horizontal":0,"vertical":0,"blur":10,"spread":0,"inset":"","color":"rgba(0,0,0,0.5)"},"section_typo":"","section_advanced":"","padding":{"unit":"px","top":"120","right":"0","bottom":"120","left":"0","isLinked":false},"padding_tablet":{"unit":"px","top":"80","right":"30","bottom":"80","left":"30","isLinked":false},"padding_mobile":{"unit":"px","top":"50","right":"0","bottom":"50","left":"0","isLinked":false},"_section_responsive":"","heading_visibility":"","responsive_description":"","section_custom_css":"","custom_css_description":""},"elements":[{"id":"5c9d0a04","settings":{"_column_size":100,"_inline_size":null,"section_style":"","box_shadow_box_shadow":{"horizontal":0,"vertical":0,"blur":10,"spread":0,"inset":"","color":"rgba(0,0,0,0.5)"},"section_background_overlay":"","section_typo":"","section_advanced":"","padding_mobile":{"unit":"px","top":"0","right":"0","bottom":"0","left":"0","isLinked":true},"section_responsive":"","screen_xs":"default","screen_xs_width":"100","section_custom_css":"","custom_css_description":""},"elements":[{"id":"488a0382","settings":{"section_title":"","title":"FAQ","link":{"is_external":"","url":""},"header_size":"h3","align":"center","section_title_style":"","title_color":"#363636","typography_typography":"custom","typography_font_size":{"unit":"px","size":"65"},"typography_font_size_tablet":{"unit":"px","size":"40"},"typography_font_size_mobile":{"unit":"px","size":"30"},"typography_font_family":"Helvetica","_section_style":"","_padding":{"unit":"px","top":"0","right":"0","bottom":"80","left":"0","isLinked":false},"_padding_tablet":{"unit":"px","top":"0","right":"0","bottom":"50","left":"0","isLinked":false},"_padding_mobile":{"unit":"px","top":"0","right":"0","bottom":"30","left":"0","isLinked":false},"_section_background":"","_box_shadow_box_shadow":{"horizontal":0,"vertical":0,"blur":10,"spread":0,"inset":"","color":"rgba(0,0,0,0.5)"},"_section_responsive":"","responsive_description":"","section_custom_css":"","custom_css_description":"","section_custom_css_pro":"","custom_css_pro":""},"elements":[],"isInner":false,"widgetType":"heading","elType":"widget"},{"id":"63142a9","settings":{"section_layout":"","structure":"20","section_background":"","background_overlay_section":"","section_border":"","box_shadow_box_shadow":{"horizontal":0,"vertical":0,"blur":10,"spread":0,"inset":"","color":"rgba(0,0,0,0.5)"},"section_typo":"","section_advanced":"","padding_mobile":{"unit":"px","top":"0","right":"20","bottom":"0","left":"20","isLinked":false},"_section_responsive":"","heading_visibility":"","responsive_description":"","section_custom_css":"","custom_css_description":""},"elements":[{"id":"11ed9d6f","settings":{"_column_size":50,"_inline_size":null,"section_style":"","box_shadow_box_shadow":{"horizontal":0,"vertical":0,"blur":10,"spread":0,"inset":"","color":"rgba(0,0,0,0.5)"},"section_background_overlay":"","section_typo":"","section_advanced":"","margin_mobile":{"unit":"px","top":"0","right":"0","bottom":"0","left":"0","isLinked":true},"padding":{"unit":"px","top":"0","right":"20","bottom":"0","left":"0","isLinked":false},"padding_mobile":{"unit":"px","top":"0","right":"0","bottom":"0","left":"0","isLinked":true},"section_responsive":"","screen_xs":"default","screen_xs_width":"100","section_custom_css":"","custom_css_description":""},"elements":[{"id":"1eeb278","settings":{"section_title":"","title":"Lorem ipsum dolor sit amet?","link":{"is_external":"","url":""},"header_size":"h3","align_mobile":"center","section_title_style":"","title_color":"#555555","typography_typography":"custom","typography_font_size_tablet":{"unit":"px","size":"20"},"typography_font_size_mobile":{"unit":"px","size":"18"},"typography_font_family":"Helvetica","_section_style":"","_section_background":"","_box_shadow_box_shadow":{"horizontal":0,"vertical":0,"blur":10,"spread":0,"inset":"","color":"rgba(0,0,0,0.5)"},"_section_responsive":"","responsive_description":"","section_custom_css":"","custom_css_description":""},"elements":[],"isInner":false,"widgetType":"heading","elType":"widget"},{"id":"37e7705c","settings":{"section_editor":"","editor":"<p>Lorem ipsum dolor sit amet, consectetur adipiscing elit. Quisque quis interdum dolor, quis vestibulum magna. Etiam pretium nec ipsum non pellentesque. Donec eu purus ligula.<\/p>","section_style":"","align_mobile":"center","text_color":"#898989","typography_typography":"custom","typography_font_size":{"unit":"px","size":"16"},"typography_font_size_tablet":{"unit":"px","size":"14"},"typography_font_family":"Helvetica","_section_style":"","_section_background":"","_box_shadow_box_shadow":{"horizontal":0,"vertical":0,"blur":10,"spread":0,"inset":"","color":"rgba(0,0,0,0.5)"},"_section_responsive":"","responsive_description":"","section_custom_css":"","custom_css_description":""},"elements":[],"isInner":false,"widgetType":"text-editor","elType":"widget"},{"id":"7c1f18e","settings":{"section_title":"","title":"Quisque quis interdum dolor?","link":{"is_external":"","url":""},"header_size":"h3","align_mobile":"center","section_title_style":"","title_color":"#555555","typography_typography":"custom","typography_font_size_tablet":{"unit":"px","size":"20"},"typography_font_size_mobile":{"unit":"px","size":"18"},"typography_font_family":"Helvetica","_section_style":"","_padding":{"unit":"px","top":"20","right":"0","bottom":"0","left":"0","isLinked":false},"_padding_tablet":{"unit":"px","top":"20","right":"0","bottom":"0","left":"0","isLinked":false},"_padding_mobile":{"unit":"px","top":"10","right":"0","bottom":"0","left":"0","isLinked":false},"_section_background":"","_box_shadow_box_shadow":{"horizontal":0,"vertical":0,"blur":10,"spread":0,"inset":"","color":"rgba(0,0,0,0.5)"},"_section_responsive":"","responsive_description":"","section_custom_css":"","custom_css_description":""},"elements":[],"isInner":false,"widgetType":"heading","elType":"widget"},{"id":"5be7ef54","settings":{"section_editor":"","editor":"<p>Lorem ipsum dolor sit amet, consectetur adipiscing elit. Quisque quis interdum dolor, quis vestibulum magna. Etiam pretium nec ipsum non pellentesque. Donec eu purus ligula.<\/p>","section_style":"","align_mobile":"center","text_color":"#898989","typography_typography":"custom","typography_font_size":{"unit":"px","size":"16"},"typography_font_size_tablet":{"unit":"px","size":"14"},"typography_font_family":"Helvetica","_section_style":"","_padding":{"unit":"px","top":"0","right":"0","bottom":"20","left":"0","isLinked":false},"_padding_tablet":{"unit":"px","top":"0","right":"0","bottom":"20","left":"0","isLinked":false},"_padding_mobile":{"unit":"px","top":"0","right":"0","bottom":"0","left":"0","isLinked":false},"_section_background":"","_box_shadow_box_shadow":{"horizontal":0,"vertical":0,"blur":10,"spread":0,"inset":"","color":"rgba(0,0,0,0.5)"},"_section_responsive":"","responsive_description":"","section_custom_css":"","custom_css_description":""},"elements":[],"isInner":false,"widgetType":"text-editor","elType":"widget"},{"id":"82d50a5","settings":{"section_title":"","title":"\nEtiam pellentesque commodo?","link":{"is_external":"","url":""},"header_size":"h3","align_mobile":"center","section_title_style":"","title_color":"#555555","typography_typography":"custom","typography_font_size_tablet":{"unit":"px","size":"20"},"typography_font_size_mobile":{"unit":"px","size":"18"},"typography_font_family":"Helvetica","typography_line_height_mobile":{"unit":"em","size":1.4},"_section_style":"","_section_background":"","_box_shadow_box_shadow":{"horizontal":0,"vertical":0,"blur":10,"spread":0,"inset":"","color":"rgba(0,0,0,0.5)"},"_section_responsive":"","responsive_description":"","section_custom_css":"","custom_css_description":""},"elements":[],"isInner":false,"widgetType":"heading","elType":"widget"},{"id":"712cab76","settings":{"section_editor":"","editor":"<p>Lorem ipsum dolor sit amet, consectetur adipiscing elit. Quisque quis interdum dolor, quis vestibulum magna. Etiam pretium nec ipsum non pellentesque. Donec eu purus ligula.<\/p>","section_style":"","align_mobile":"center","text_color":"#898989","typography_typography":"custom","typography_font_size":{"unit":"px","size":"16"},"typography_font_size_tablet":{"unit":"px","size":"14"},"typography_font_family":"Helvetica","_section_style":"","_padding_mobile":{"unit":"px","top":"0","right":"0","bottom":"10","left":"0","isLinked":false},"_section_background":"","_box_shadow_box_shadow":{"horizontal":0,"vertical":0,"blur":10,"spread":0,"inset":"","color":"rgba(0,0,0,0.5)"},"_section_responsive":"","responsive_description":"","section_custom_css":"","custom_css_description":""},"elements":[],"isInner":false,"widgetType":"text-editor","elType":"widget"}],"isInner":true,"elType":"column"},{"id":"2c6edeb2","settings":{"_column_size":50,"_inline_size":null,"section_style":"","box_shadow_box_shadow":{"horizontal":0,"vertical":0,"blur":10,"spread":0,"inset":"","color":"rgba(0,0,0,0.5)"},"section_background_overlay":"","section_typo":"","section_advanced":"","padding":{"unit":"px","top":"0","right":"0","bottom":"0","left":"20","isLinked":false},"padding_mobile":{"unit":"px","top":"0","right":"0","bottom":"0","left":"0","isLinked":true},"section_responsive":"","screen_xs":"default","screen_xs_width":"100","section_custom_css":"","custom_css_description":""},"elements":[{"id":"f450757","settings":{"section_title":"","title":"Etiam pellentesque commodo?","link":{"is_external":"","url":""},"header_size":"h3","align_mobile":"center","section_title_style":"","title_color":"#555555","typography_typography":"custom","typography_font_size_tablet":{"unit":"px","size":"20"},"typography_font_size_mobile":{"unit":"px","size":"18"},"typography_font_family":"Helvetica","typography_line_height_mobile":{"unit":"em","size":"1.3"},"_section_style":"","_padding_mobile":{"unit":"px","top":"10","right":"0","bottom":"0","left":"0","isLinked":false},"_section_background":"","_box_shadow_box_shadow":{"horizontal":0,"vertical":0,"blur":10,"spread":0,"inset":"","color":"rgba(0,0,0,0.5)"},"_section_responsive":"","responsive_description":"","section_custom_css":"","custom_css_description":""},"elements":[],"isInner":false,"widgetType":"heading","elType":"widget"},{"id":"327af7a","settings":{"section_editor":"","editor":"<p>Lorem ipsum dolor sit amet, consectetur adipiscing elit. Quisque quis interdum dolor, quis vestibulum magna. Etiam pretium nec ipsum non pellentesque. Donec eu purus ligula.<\/p>","section_style":"","align_mobile":"center","text_color":"#898989","typography_typography":"custom","typography_font_size":{"unit":"px","size":"16"},"typography_font_size_tablet":{"unit":"px","size":"14"},"typography_font_family":"Helvetica","_section_style":"","_section_background":"","_box_shadow_box_shadow":{"horizontal":0,"vertical":0,"blur":10,"spread":0,"inset":"","color":"rgba(0,0,0,0.5)"},"_section_responsive":"","responsive_description":"","section_custom_css":"","custom_css_description":""},"elements":[],"isInner":false,"widgetType":"text-editor","elType":"widget"},{"id":"2528ccdb","settings":{"section_title":"","title":"Lorem ipsum dolor sit amet?","link":{"is_external":"","url":""},"header_size":"h3","align_mobile":"center","section_title_style":"","title_color":"#555555","typography_typography":"custom","typography_font_size_tablet":{"unit":"px","size":"20"},"typography_font_size_mobile":{"unit":"px","size":"18"},"typography_font_family":"Helvetica","_section_style":"","_padding":{"unit":"px","top":"20","right":"0","bottom":"0","left":"0","isLinked":false},"_section_background":"","_box_shadow_box_shadow":{"horizontal":0,"vertical":0,"blur":10,"spread":0,"inset":"","color":"rgba(0,0,0,0.5)"},"_section_responsive":"","responsive_description":"","section_custom_css":"","custom_css_description":""},"elements":[],"isInner":false,"widgetType":"heading","elType":"widget"},{"id":"713b08dc","settings":{"section_editor":"","editor":"<p>Lorem ipsum dolor sit amet, consectetur adipiscing elit. Quisque quis interdum dolor, quis vestibulum magna. Etiam pretium nec ipsum non pellentesque. Donec eu purus ligula.<\/p>","section_style":"","align_mobile":"center","text_color":"#898989","typography_typography":"custom","typography_font_size":{"unit":"px","size":"16"},"typography_font_size_tablet":{"unit":"px","size":"14"},"typography_font_family":"Helvetica","_section_style":"","_padding":{"unit":"px","top":"0","right":"0","bottom":"20","left":"0","isLinked":false},"_padding_mobile":{"unit":"px","top":"0","right":"0","bottom":"10","left":"0","isLinked":false},"_section_background":"","_box_shadow_box_shadow":{"horizontal":0,"vertical":0,"blur":10,"spread":0,"inset":"","color":"rgba(0,0,0,0.5)"},"_section_responsive":"","responsive_description":"","section_custom_css":"","custom_css_description":""},"elements":[],"isInner":false,"widgetType":"text-editor","elType":"widget"},{"id":"5e58aa14","settings":{"section_title":"","title":"Quisque quis interdum dolor?","link":{"is_external":"","url":""},"header_size":"h3","align_mobile":"center","section_title_style":"","title_color":"#555555","typography_typography":"custom","typography_font_size_tablet":{"unit":"px","size":"20"},"typography_font_size_mobile":{"unit":"px","size":"18"},"typography_font_family":"Helvetica","_section_style":"","_section_background":"","_box_shadow_box_shadow":{"horizontal":0,"vertical":0,"blur":10,"spread":0,"inset":"","color":"rgba(0,0,0,0.5)"},"_section_responsive":"","responsive_description":"","section_custom_css":"","custom_css_description":""},"elements":[],"isInner":false,"widgetType":"heading","elType":"widget"},{"id":"77dbad7d","settings":{"section_editor":"","editor":"<p>Lorem ipsum dolor sit amet, consectetur adipiscing elit. Quisque quis interdum dolor, quis vestibulum magna. Etiam pretium nec ipsum non pellentesque. Donec eu purus ligula.<\/p>","section_style":"","align_mobile":"center","text_color":"#898989","typography_typography":"custom","typography_font_size":{"unit":"px","size":"16"},"typography_font_size_tablet":{"unit":"px","size":"14"},"typography_font_family":"Helvetica","_section_style":"","_section_background":"","_box_shadow_box_shadow":{"horizontal":0,"vertical":0,"blur":10,"spread":0,"inset":"","color":"rgba(0,0,0,0.5)"},"_section_responsive":"","responsive_description":"","section_custom_css":"","custom_css_description":""},"elements":[],"isInner":false,"widgetType":"text-editor","elType":"widget"}],"isInner":true,"elType":"column"}],"isInner":true,"elType":"section"}],"isInner":false,"elType":"column"}],"isInner":false,"elType":"section"},{"id":"14c6830e","settings":{"section_layout":"","section_background":"","background_background":"classic","background_color":"#41a1fd","background_overlay_section":"","section_border":"","box_shadow_box_shadow":{"horizontal":0,"vertical":0,"blur":10,"spread":0,"inset":"","color":"rgba(0,0,0,0.5)"},"section_typo":"","section_advanced":"","padding":{"unit":"px","top":"120","right":"0","bottom":"120","left":"0","isLinked":false},"padding_tablet":{"unit":"px","top":"80","right":"30","bottom":"80","left":"30","isLinked":false},"padding_mobile":{"unit":"px","top":"30","right":"20","bottom":"30","left":"20","isLinked":false},"_section_responsive":"","heading_visibility":"","responsive_description":"","section_custom_css":"","custom_css_description":""},"elements":[{"id":"7b753482","settings":{"_column_size":100,"_inline_size":null,"section_style":"","box_shadow_box_shadow":{"horizontal":0,"vertical":0,"blur":10,"spread":0,"inset":"","color":"rgba(0,0,0,0.5)"},"section_background_overlay":"","section_typo":"","section_advanced":"","section_responsive":"","screen_xs":"default","screen_xs_width":"100","section_custom_css":"","custom_css_description":""},"elements":[{"id":"323d9fef","settings":{"section_title":"","title":"Some happy users","link":{"is_external":"","url":""},"header_size":"h3","align":"center","section_title_style":"","title_color":"#363636","typography_typography":"custom","typography_font_size":{"unit":"px","size":"65"},"typography_font_size_tablet":{"unit":"px","size":"40"},"typography_font_size_mobile":{"unit":"px","size":"30"},"typography_font_family":"Helvetica","typography_line_height_mobile":{"unit":"em","size":1.3},"_section_style":"","_padding":{"unit":"px","top":"0","right":"0","bottom":"80","left":"0","isLinked":false},"_padding_tablet":{"unit":"px","top":"0","right":"0","bottom":"50","left":"0","isLinked":false},"_padding_mobile":{"unit":"px","top":"0","right":"0","bottom":"30","left":"0","isLinked":false},"_section_background":"","_box_shadow_box_shadow":{"horizontal":0,"vertical":0,"blur":10,"spread":0,"inset":"","color":"rgba(0,0,0,0.5)"},"_section_responsive":"","responsive_description":"","section_custom_css":"","custom_css_description":"","section_custom_css_pro":"","custom_css_pro":""},"elements":[],"isInner":false,"widgetType":"heading","elType":"widget"},{"id":"cc461be","settings":{"section_layout":"","structure":"20","section_background":"","background_overlay_section":"","section_border":"","box_shadow_box_shadow":{"horizontal":0,"vertical":0,"blur":10,"spread":0,"inset":"","color":"rgba(0,0,0,0.5)"},"section_typo":"","section_advanced":"","_section_responsive":"","heading_visibility":"","responsive_description":"","section_custom_css":"","custom_css_description":""},"elements":[{"id":"6995e87f","settings":{"_column_size":50,"_inline_size":null,"section_style":"","box_shadow_box_shadow":{"horizontal":0,"vertical":0,"blur":10,"spread":0,"inset":"","color":"rgba(0,0,0,0.5)"},"section_background_overlay":"","section_typo":"","section_advanced":"","padding":{"unit":"px","top":"0","right":"30","bottom":"0","left":"0","isLinked":false},"padding_mobile":{"unit":"px","top":"0","right":"0","bottom":"0","left":"0","isLinked":true},"section_responsive":"","screen_xs":"default","screen_xs_width":"100","section_custom_css":"","custom_css_description":""},"elements":[{"id":"c1ea0ab","settings":{"section_testimonial":"","testimonial_content":"Lorem ipsum dolor sit amet, consectetur adipiscing elit. Quisque quis interdum dolor, quis vestibulum magna. Etiam pretium nec ipsum non pellentesque. Donec eu purus ligula. ","testimonial_image":{"id":1138,"url":"http:\/\/localhost\/test\/wp-content\/uploads\/2018\/09\/2-2-1.png"},"testimonial_name":"Johanan Herson","testimonial_job":"Product menager","testimonial_alignment":"left","section_style_testimonial_content":"","content_content_color":"#e3ecef","content_typography_typography":"custom","content_typography_font_size":{"unit":"px","size":"16"},"content_typography_font_size_tablet":{"unit":"px","size":"14"},"content_typography_font_family":"Helvetica","section_style_testimonial_image":"","image_size":{"unit":"px","size":"80"},"section_style_testimonial_name":"","name_text_color":"#363636","name_typography_typography":"custom","name_typography_font_size":{"unit":"px","size":"25"},"name_typography_font_size_tablet":{"unit":"px","size":"20"},"name_typography_font_family":"Helvetica","name_typography_font_weight":"bold","name_typography_line_height":{"unit":"em","size":1.7},"section_style_testimonial_job":"","job_text_color":"#555555","job_typography_typography":"custom","job_typography_font_size":{"unit":"px","size":"16"},"job_typography_font_size_tablet":{"unit":"px","size":"14"},"job_typography_font_family":"Helvetica","job_typography_font_style":"italic","job_typography_line_height":{"unit":"em","size":1.4},"_section_style":"","_section_background":"","_box_shadow_box_shadow":{"horizontal":0,"vertical":0,"blur":10,"spread":0,"inset":"","color":"rgba(0,0,0,0.5)"},"_section_responsive":"","responsive_description":"","section_custom_css":"","custom_css_description":""},"elements":[],"isInner":false,"widgetType":"testimonial","elType":"widget"}],"isInner":true,"elType":"column"},{"id":"50ebb699","settings":{"_column_size":50,"_inline_size":null,"section_style":"","box_shadow_box_shadow":{"horizontal":0,"vertical":0,"blur":10,"spread":0,"inset":"","color":"rgba(0,0,0,0.5)"},"section_background_overlay":"","section_typo":"","section_advanced":"","padding":{"unit":"px","top":"0","right":"0","bottom":"0","left":"30","isLinked":false},"padding_mobile":{"unit":"px","top":"50","right":"0","bottom":"0","left":"0","isLinked":false},"section_responsive":"","screen_xs":"default","screen_xs_width":"100","section_custom_css":"","custom_css_description":""},"elements":[{"id":"5b0432a0","settings":{"section_testimonial":"","testimonial_content":"Lorem ipsum dolor sit amet, consectetur adipiscing elit. Quisque quis interdum dolor, quis vestibulum magna. Etiam pretium nec ipsum non pellentesque. Donec eu purus ligula. ","testimonial_image":{"id":1139,"url":"http:\/\/localhost\/test\/wp-content\/uploads\/2018\/09\/3-2-5.png"},"testimonial_name":"Louis Motorrad","testimonial_job":"UX Designer","testimonial_alignment":"left","section_style_testimonial_content":"","content_content_color":"#e3ecef","content_typography_typography":"custom","content_typography_font_size":{"unit":"px","size":"16"},"content_typography_font_size_tablet":{"unit":"px","size":"14"},"content_typography_font_family":"Helvetica","section_style_testimonial_image":"","image_size":{"unit":"px","size":"80"},"section_style_testimonial_name":"","name_text_color":"#363636","name_typography_typography":"custom","name_typography_font_size":{"unit":"px","size":"25"},"name_typography_font_size_tablet":{"unit":"px","size":"20"},"name_typography_font_family":"Helvetica","name_typography_font_weight":"bold","name_typography_line_height":{"unit":"em","size":1.7},"section_style_testimonial_job":"","job_text_color":"#555555","job_typography_typography":"custom","job_typography_font_size":{"unit":"px","size":"16"},"job_typography_font_size_tablet":{"unit":"px","size":"14"},"job_typography_font_family":"Helvetica","job_typography_font_style":"italic","job_typography_line_height":{"unit":"em","size":1.4},"_section_style":"","_section_background":"","_box_shadow_box_shadow":{"horizontal":0,"vertical":0,"blur":10,"spread":0,"inset":"","color":"rgba(0,0,0,0.5)"},"_section_responsive":"","responsive_description":"","section_custom_css":"","custom_css_description":""},"elements":[],"isInner":false,"widgetType":"testimonial","elType":"widget"}],"isInner":true,"elType":"column"}],"isInner":true,"elType":"section"}],"isInner":false,"elType":"column"}],"isInner":false,"elType":"section"}]}