{"version":"0.4","title":"Product-Speakers-page","type":"page","content":[{"id":"5cc5ed0f","settings":{"section_layout":"","height":"min-height","custom_height":{"unit":"vh","size":100},"column_position":"top","section_background":"","background_background":"classic","background_image":{"id":1090,"url":"http:\/\/localhost\/test\/wp-content\/uploads\/2018\/09\/11-2.png"},"background_position":"bottom center","background_size":"cover","background_overlay_section":"","section_border":"","box_shadow_box_shadow":{"horizontal":0,"vertical":0,"blur":10,"spread":0,"inset":"","color":"rgba(0,0,0,0.5)"},"section_typo":"","section_advanced":"","_section_responsive":"","heading_visibility":"","responsive_description":"","section_custom_css":"","custom_css_description":"","section_custom_css_pro":"","custom_css_pro":""},"elements":[{"id":"3e1babaf","settings":{"_column_size":100,"_inline_size":null,"section_style":"","box_shadow_box_shadow":{"horizontal":0,"vertical":0,"blur":10,"spread":0,"inset":"","color":"rgba(0,0,0,0.5)"},"section_background_overlay":"","section_typo":"","section_advanced":"","section_responsive":"","screen_sm":"default","screen_sm_width":"100","screen_xs":"default","screen_xs_width":"100","section_custom_css":"","custom_css_description":"","section_custom_css_pro":"","custom_css_pro":""},"elements":[{"id":"7f92f8d5","settings":{"section_title":"","title":"blancoplay Sx5","link":{"is_external":"","url":""},"header_size":"h1","align":"center","section_title_style":"","title_color":"#363636","typography_typography":"custom","typography_font_size":{"unit":"px","size":"70"},"typography_font_size_tablet":{"unit":"px","size":"60"},"typography_font_size_mobile":{"unit":"px","size":"35"},"typography_font_family":"Poppins","typography_font_weight":"100","typography_text_transform":"uppercase","_section_style":"","_padding":{"unit":"px","top":"160","right":"0","bottom":"0","left":"0","isLinked":false},"_padding_tablet":{"unit":"px","top":"100","right":"0","bottom":"0","left":"0","isLinked":false},"_padding_mobile":{"unit":"px","top":"50","right":"0","bottom":"0","left":"0","isLinked":false},"_section_background":"","_box_shadow_box_shadow":{"horizontal":0,"vertical":0,"blur":10,"spread":0,"inset":"","color":"rgba(0,0,0,0.5)"},"_section_responsive":"","responsive_description":"","section_custom_css":"","custom_css_description":"","section_custom_css_pro":"","custom_css_pro":""},"elements":[],"isInner":false,"widgetType":"heading","elType":"widget"},{"id":"4913c19d","settings":{"section_title":"","title":"Premium speakers, refined and crafted by <br>professionals that love their job!","link":{"is_external":"","url":""},"align":"center","section_title_style":"","title_color":"#555555","typography_typography":"custom","typography_font_size":{"unit":"px","size":"22"},"typography_font_size_tablet":{"unit":"px","size":"22"},"typography_font_size_mobile":{"unit":"px","size":"15"},"typography_font_family":"Poppins","typography_font_weight":"100","typography_line_height":{"unit":"em","size":"1.4"},"_section_style":"","_padding":{"unit":"px","top":"15","right":"0","bottom":"15","left":"0","isLinked":false},"_padding_mobile":{"unit":"px","top":"0","right":"0","bottom":"0","left":"0","isLinked":true},"_section_background":"","_box_shadow_box_shadow":{"horizontal":0,"vertical":0,"blur":10,"spread":0,"inset":"","color":"rgba(0,0,0,0.5)"},"_section_responsive":"","responsive_description":"","section_custom_css":"","custom_css_description":"","section_custom_css_pro":"","custom_css_pro":""},"elements":[],"isInner":false,"widgetType":"heading","elType":"widget"},{"id":"23b715fd","settings":{"section_title":"","title":"Now for only $89","link":{"is_external":"","url":""},"header_size":"p","align":"center","section_title_style":"","title_color":"#3d3d3d","typography_typography":"custom","typography_font_size":{"unit":"px","size":"25"},"typography_font_size_tablet":{"unit":"px","size":"22"},"typography_font_size_mobile":{"unit":"px","size":"15"},"typography_font_family":"Poppins","typography_font_weight":"600","typography_line_height":{"unit":"em","size":"1.4"},"_section_style":"","_padding":{"unit":"px","top":"15","right":"0","bottom":"15","left":"0","isLinked":false},"_padding_mobile":{"unit":"px","top":"0","right":"0","bottom":"0","left":"0","isLinked":true},"_section_background":"","_box_shadow_box_shadow":{"horizontal":0,"vertical":0,"blur":10,"spread":0,"inset":"","color":"rgba(0,0,0,0.5)"},"_section_responsive":"","responsive_description":"","section_custom_css":"","custom_css_description":"","section_custom_css_pro":"","custom_css_pro":""},"elements":[],"isInner":false,"widgetType":"heading","elType":"widget"}],"isInner":false,"elType":"column"}],"isInner":false,"elType":"section"},{"id":"43a6c0b7","settings":{"section_layout":"","content_width":{"unit":"px","size":860},"custom_height":{"unit":"vh","size":100},"section_background":"","background_background":"classic","background_image":{"id":1092,"url":"http:\/\/localhost\/test\/wp-content\/uploads\/2018\/09\/5-2-4.png"},"background_position":"top center","background_size":"cover","background_overlay_section":"","background_overlay_background":"classic","background_overlay_color":"#000000","background_overlay_opacity":{"unit":"px","size":"0.85"},"section_border":"","box_shadow_box_shadow":{"horizontal":0,"vertical":0,"blur":10,"spread":0,"inset":"","color":"rgba(0,0,0,0.5)"},"section_typo":"","section_advanced":"","padding":{"unit":"px","top":"160","right":"0","bottom":"160","left":"0","isLinked":false},"padding_tablet":{"unit":"px","top":"80","right":"0","bottom":"80","left":"0","isLinked":false},"padding_mobile":{"unit":"px","top":"30","right":"0","bottom":"30","left":"0","isLinked":false},"_section_responsive":"","heading_visibility":"","responsive_description":"","section_custom_css":"","custom_css_description":"","section_custom_css_pro":"","custom_css_pro":""},"elements":[{"id":"5f64e637","settings":{"_column_size":100,"_inline_size":null,"section_style":"","box_shadow_box_shadow":{"horizontal":0,"vertical":0,"blur":10,"spread":0,"inset":"","color":"rgba(0,0,0,0.5)"},"section_background_overlay":"","section_typo":"","section_advanced":"","padding_tablet":{"unit":"px","top":"0","right":"70","bottom":"0","left":"70","isLinked":false},"padding_mobile":{"unit":"px","top":"0","right":"20","bottom":"0","left":"20","isLinked":false},"section_responsive":"","screen_sm":"default","screen_sm_width":"100","screen_xs":"default","screen_xs_width":"100","section_custom_css":"","custom_css_description":"","section_custom_css_pro":"","custom_css_pro":""},"elements":[{"id":"5517e5e","settings":{"section_video":"","link":"https:\/\/www.youtube.com\/watch?v=RRr_GyD1fqY","vimeo_link":"https:\/\/vimeo.com\/170933924","hosted_link":"","heading_youtube":"","yt_autoplay":"no","yt_rel":"no","yt_controls":"yes","yt_showinfo":"yes","vimeo_autoplay":"no","vimeo_loop":"no","vimeo_color":"","section_image_overlay":"","show_image_overlay":"yes","image_overlay":{"id":1091,"url":"http:\/\/localhost\/test\/wp-content\/uploads\/2018\/09\/14-3.png"},"_section_style":"","_section_background":"","_box_shadow_box_shadow":{"horizontal":0,"vertical":0,"blur":10,"spread":0,"inset":"","color":"rgba(0,0,0,0.5)"},"_section_responsive":"","responsive_description":"","section_custom_css":"","custom_css_description":"","section_custom_css_pro":"","custom_css_pro":"","youtube_url":"https:\/\/www.youtube.com\/watch?v=9uOETcuFjbE","vimeo_url":"https:\/\/vimeo.com\/235215203","dailymotion_url":"https:\/\/www.dailymotion.com\/video\/x6tqhqb"},"elements":[],"isInner":false,"widgetType":"video","elType":"widget"}],"isInner":false,"elType":"column"}],"isInner":false,"elType":"section"},{"id":"7df77f6","settings":{"section_layout":"","layout":"full_width","height":"min-height","custom_height":{"unit":"vh","size":100},"column_position":"stretch","content_position":"middle","structure":"20","section_background":"","background_overlay_section":"","section_border":"","box_shadow_box_shadow":{"horizontal":0,"vertical":0,"blur":10,"spread":0,"inset":"","color":"rgba(0,0,0,0.5)"},"section_typo":"","section_advanced":"","_section_responsive":"","reverse_order_mobile":"reverse-mobile","heading_visibility":"","responsive_description":"","section_custom_css":"","custom_css_description":"","section_custom_css_pro":"","custom_css_pro":""},"elements":[{"id":"2abc15ba","settings":{"_column_size":50,"_inline_size":null,"section_style":"","background_background":"classic","background_image":{"id":1093,"url":"http:\/\/localhost\/test\/wp-content\/uploads\/2018\/09\/7-1-2.png"},"background_position":"center center","background_size":"cover","box_shadow_box_shadow":{"horizontal":0,"vertical":0,"blur":10,"spread":0,"inset":"","color":"rgba(0,0,0,0.5)"},"section_background_overlay":"","section_typo":"","section_advanced":"","padding_mobile":{"unit":"px","top":"250","right":"0","bottom":"250","left":"0","isLinked":false},"section_responsive":"","screen_sm":"default","screen_sm_width":"100","screen_xs":"default","screen_xs_width":"100","section_custom_css":"","custom_css_description":"","section_custom_css_pro":"","custom_css_pro":""},"elements":[{"id":"10f55c55","settings":{"section_spacer":"","space_tablet":{"unit":"px","size":50},"space_mobile":{"unit":"px","size":50},"_section_style":"","_section_background":"","_box_shadow_box_shadow":{"horizontal":0,"vertical":0,"blur":10,"spread":0,"inset":"","color":"rgba(0,0,0,0.5)"},"_section_responsive":"","responsive_description":"","section_custom_css":"","custom_css_description":"","section_custom_css_pro":"","custom_css_pro":""},"elements":[],"isInner":false,"widgetType":"spacer","elType":"widget"}],"isInner":false,"elType":"column"},{"id":"5f5f94fd","settings":{"_column_size":50,"_inline_size":null,"section_style":"","background_background":"classic","background_color":"#c7b299","box_shadow_box_shadow":{"horizontal":0,"vertical":0,"blur":10,"spread":0,"inset":"","color":"rgba(0,0,0,0.5)"},"section_background_overlay":"","section_typo":"","section_advanced":"","padding":{"unit":"%","top":"0","right":"16","bottom":"0","left":"16","isLinked":false},"padding_mobile":{"unit":"px","top":"50","right":"30","bottom":"50","left":"30","isLinked":false},"section_responsive":"","screen_sm":"default","screen_sm_width":"100","screen_xs":"default","screen_xs_width":"100","section_custom_css":"","custom_css_description":"","section_custom_css_pro":"","custom_css_pro":""},"elements":[{"id":"2860993f","settings":{"section_image":"","image":{"id":1094,"url":"http:\/\/localhost\/test\/wp-content\/uploads\/2018\/09\/15-2-1.png"},"image_size":"full","align":"center","align_tablet":"center","align_mobile":"center","link":{"is_external":"","url":""},"section_style_image":"","space":{"unit":"%","size":100},"opacity":{"unit":"px","size":1},"image_box_shadow_box_shadow":{"horizontal":0,"vertical":0,"blur":10,"spread":0,"inset":"","color":"rgba(0,0,0,0.5)"},"section_style_caption":"","_section_style":"","_section_background":"","_box_shadow_box_shadow":{"horizontal":0,"vertical":0,"blur":10,"spread":0,"inset":"","color":"rgba(0,0,0,0.5)"},"_section_responsive":"","responsive_description":"","section_custom_css":"","custom_css_description":"","section_custom_css_pro":"","custom_css_pro":""},"elements":[],"isInner":false,"widgetType":"image","elType":"widget"},{"id":"61df1b7c","settings":{"section_title":"","title":"Crafted to perfection","link":{"is_external":"","url":""},"header_size":"h3","align":"center","section_title_style":"","title_color":"#ffffff","typography_typography":"custom","typography_font_size":{"unit":"px","size":"35"},"typography_font_size_tablet":{"unit":"px","size":"30"},"typography_font_size_mobile":{"unit":"px","size":"25"},"typography_font_family":"Poppins","typography_font_weight":"100","typography_text_transform":"uppercase","typography_line_height":{"unit":"em","size":1.1},"typography_line_height_tablet":{"unit":"em","size":1.3},"_section_style":"","_padding":{"unit":"px","top":"50","right":"0","bottom":"35","left":"0","isLinked":false},"_padding_mobile":{"unit":"px","top":"10","right":"0","bottom":"10","left":"0","isLinked":false},"_section_background":"","_box_shadow_box_shadow":{"horizontal":0,"vertical":0,"blur":10,"spread":0,"inset":"","color":"rgba(0,0,0,0.5)"},"_section_responsive":"","responsive_description":"","section_custom_css":"","custom_css_description":"","section_custom_css_pro":"","custom_css_pro":""},"elements":[],"isInner":false,"widgetType":"heading","elType":"widget"},{"id":"5a67e489","settings":{"section_editor":"","editor":"<p>Lorem ipsum dolor sit amet, consectetur adipiscing elit. Quisque quis interdum dolor, quis vestibulum magna. Etiam pretium nec ipsum non pellentesque. Donec eu purus ligula. Praesent id euismod mi, nec facilisis leo. Donec nisl velit, vestibulum at interdum sed, tincidunt ut tortor. Quisque auctor, lectus lobortis ultrices blandit, sapien diam volutpat enim, non varius risus turpis et ex. Donec eu ligula felis.<\/p>","section_style":"","align":"center","text_color":"#ffffff","typography_typography":"custom","typography_font_size":{"unit":"px","size":"16"},"typography_font_size_tablet":{"unit":"px","size":"14"},"typography_font_weight":"100","typography_line_height":{"unit":"em","size":"1.9"},"_section_style":"","_padding_mobile":{"unit":"px","top":"0","right":"0","bottom":"0","left":"0","isLinked":true},"_section_background":"","_box_shadow_box_shadow":{"horizontal":0,"vertical":0,"blur":10,"spread":0,"inset":"","color":"rgba(0,0,0,0.5)"},"_section_responsive":"","responsive_description":"","section_custom_css":"","custom_css_description":"","section_custom_css_pro":"","custom_css_pro":""},"elements":[],"isInner":false,"widgetType":"text-editor","elType":"widget"}],"isInner":false,"elType":"column"}],"isInner":false,"elType":"section"},{"id":"49f1f184","settings":{"section_layout":"","section_background":"","background_background":"classic","background_color":"#fcfcfc","background_overlay_section":"","section_border":"","box_shadow_box_shadow":{"horizontal":0,"vertical":0,"blur":10,"spread":0,"inset":"","color":"rgba(0,0,0,0.5)"},"section_typo":"","section_advanced":"","padding":{"unit":"px","top":"150","right":"0","bottom":"150","left":"0","isLinked":false},"padding_tablet":{"unit":"px","top":"70","right":"20","bottom":"70","left":"20","isLinked":false},"_section_responsive":"","heading_visibility":"","responsive_description":"","section_custom_css":"","custom_css_description":"","section_custom_css_pro":"","custom_css_pro":""},"elements":[{"id":"416293ed","settings":{"_column_size":100,"_inline_size":null,"section_style":"","box_shadow_box_shadow":{"horizontal":0,"vertical":0,"blur":10,"spread":0,"inset":"","color":"rgba(0,0,0,0.5)"},"section_background_overlay":"","section_typo":"","section_advanced":"","section_responsive":"","screen_sm":"default","screen_sm_width":"100","screen_xs":"default","screen_xs_width":"100","section_custom_css":"","custom_css_description":"","section_custom_css_pro":"","custom_css_pro":""},"elements":[{"id":"34289174","settings":{"section_title":"","title":"Get ready","link":{"is_external":"","url":""},"header_size":"h3","align":"left","section_title_style":"","title_color":"#555555","typography_typography":"custom","typography_font_size":{"unit":"px","size":"25"},"typography_font_size_tablet":{"unit":"px","size":"20"},"typography_font_family":"Poppins","typography_font_weight":"100","typography_text_transform":"uppercase","typography_line_height":{"unit":"em","size":1.1},"_section_style":"","_padding":{"unit":"px","top":"0","right":"0","bottom":"10","left":"0","isLinked":false},"_section_background":"","_box_shadow_box_shadow":{"horizontal":0,"vertical":0,"blur":10,"spread":0,"inset":"","color":"rgba(0,0,0,0.5)"},"_section_responsive":"","responsive_description":"","section_custom_css":"","custom_css_description":"","section_custom_css_pro":"","custom_css_pro":""},"elements":[],"isInner":false,"widgetType":"heading","elType":"widget"},{"id":"29e41905","settings":{"section_title":"","title":"To be amazed","link":{"is_external":"","url":""},"header_size":"h3","align":"left","section_title_style":"","title_color":"#555555","typography_typography":"custom","typography_font_size":{"unit":"px","size":"50"},"typography_font_size_tablet":{"unit":"px","size":"35"},"typography_font_family":"Poppins","typography_font_weight":"900","typography_text_transform":"uppercase","typography_line_height":{"unit":"em","size":1.1},"_section_style":"","_padding":{"unit":"px","top":"0","right":"0","bottom":"70","left":"0","isLinked":false},"_padding_tablet":{"unit":"px","top":"0","right":"0","bottom":"40","left":"0","isLinked":false},"_section_background":"","_box_shadow_box_shadow":{"horizontal":0,"vertical":0,"blur":10,"spread":0,"inset":"","color":"rgba(0,0,0,0.5)"},"_section_responsive":"","responsive_description":"","section_custom_css":"","custom_css_description":"","section_custom_css_pro":"","custom_css_pro":""},"elements":[],"isInner":false,"widgetType":"heading","elType":"widget"},{"id":"233a9a9","settings":{"section_layout":"","structure":"40","section_background":"","background_overlay_section":"","section_border":"","box_shadow_box_shadow":{"horizontal":0,"vertical":0,"blur":10,"spread":0,"inset":"","color":"rgba(0,0,0,0.5)"},"section_typo":"","section_advanced":"","_section_responsive":"","heading_visibility":"","responsive_description":"","section_custom_css":"","custom_css_description":"","section_custom_css_pro":"","custom_css_pro":""},"elements":[{"id":"561d8852","settings":{"_column_size":25,"_inline_size":null,"section_style":"","box_shadow_box_shadow":{"horizontal":0,"vertical":0,"blur":10,"spread":0,"inset":"","color":"rgba(0,0,0,0.5)"},"section_background_overlay":"","section_typo":"","section_advanced":"","padding_mobile":{"unit":"px","top":"0","right":"50","bottom":"50","left":"0","isLinked":false},"section_responsive":"","screen_sm":"default","screen_sm_width":"100","screen_xs":"default","screen_xs_width":"100","section_custom_css":"","custom_css_description":"","section_custom_css_pro":"","custom_css_pro":""},"elements":[{"id":"32061ae0","settings":{"section_icon":"","icon":"fa fa-soundcloud","title_text":"Soundcloud","description_text":"Lorem ipsum dolor sit amet, consectetur adipiscing elit. ","link":{"is_external":"","url":""},"section_style_icon":"","primary_color":"#555555","icon_space":{"unit":"px","size":"25"},"icon_size":{"unit":"px","size":"35"},"section_hover":"","section_style_content":"","text_align":"left","heading_title":"","title_bottom_space":{"unit":"px","size":21},"title_bottom_space_tablet":{"unit":"px","size":"17"},"title_color":"#555555","title_typography_typography":"custom","title_typography_font_size":{"unit":"px","size":"22"},"title_typography_font_size_tablet":{"unit":"px","size":"17"},"title_typography_font_family":"Poppins","title_typography_text_transform":"uppercase","title_typography_line_height":{"unit":"em","size":0.6},"heading_description":"","description_typography_typography":"custom","description_typography_font_size":{"unit":"px","size":"16"},"description_typography_font_size_tablet":{"unit":"px","size":"14"},"description_typography_font_weight":"300","_section_style":"","_section_background":"","_box_shadow_box_shadow":{"horizontal":0,"vertical":0,"blur":10,"spread":0,"inset":"","color":"rgba(0,0,0,0.5)"},"_section_responsive":"","responsive_description":"","section_custom_css":"","custom_css_description":"","section_custom_css_pro":"","custom_css_pro":""},"elements":[],"isInner":false,"widgetType":"icon-box","elType":"widget"}],"isInner":true,"elType":"column"},{"id":"76a56d62","settings":{"_column_size":25,"_inline_size":null,"section_style":"","box_shadow_box_shadow":{"horizontal":0,"vertical":0,"blur":10,"spread":0,"inset":"","color":"rgba(0,0,0,0.5)"},"section_background_overlay":"","section_typo":"","section_advanced":"","padding_mobile":{"unit":"px","top":"0","right":"50","bottom":"50","left":"0","isLinked":false},"section_responsive":"","screen_sm":"default","screen_sm_width":"100","screen_xs":"default","screen_xs_width":"100","section_custom_css":"","custom_css_description":"","section_custom_css_pro":"","custom_css_pro":""},"elements":[{"id":"25626b11","settings":{"section_icon":"","icon":"fa fa-rss","title_text":"Bass","description_text":"Lorem ipsum dolor sit amet, consectetur adipiscing elit. ","link":{"is_external":"","url":""},"section_style_icon":"","primary_color":"#555555","icon_space":{"unit":"px","size":"25"},"icon_size":{"unit":"px","size":"35"},"section_hover":"","section_style_content":"","text_align":"left","heading_title":"","title_bottom_space":{"unit":"px","size":21},"title_bottom_space_tablet":{"unit":"px","size":"17"},"title_color":"#555555","title_typography_typography":"custom","title_typography_font_size":{"unit":"px","size":"22"},"title_typography_font_size_tablet":{"unit":"px","size":"17"},"title_typography_font_family":"Poppins","title_typography_text_transform":"uppercase","title_typography_line_height":{"unit":"em","size":0.6},"heading_description":"","description_typography_typography":"custom","description_typography_font_size":{"unit":"px","size":"16"},"description_typography_font_size_tablet":{"unit":"px","size":"14"},"description_typography_font_weight":"300","_section_style":"","_section_background":"","_box_shadow_box_shadow":{"horizontal":0,"vertical":0,"blur":10,"spread":0,"inset":"","color":"rgba(0,0,0,0.5)"},"_section_responsive":"","responsive_description":"","section_custom_css":"","custom_css_description":"","section_custom_css_pro":"","custom_css_pro":""},"elements":[],"isInner":false,"widgetType":"icon-box","elType":"widget"}],"isInner":true,"elType":"column"},{"id":"6469a86b","settings":{"_column_size":25,"_inline_size":null,"section_style":"","box_shadow_box_shadow":{"horizontal":0,"vertical":0,"blur":10,"spread":0,"inset":"","color":"rgba(0,0,0,0.5)"},"section_background_overlay":"","section_typo":"","section_advanced":"","padding_mobile":{"unit":"px","top":"0","right":"50","bottom":"50","left":"0","isLinked":false},"section_responsive":"","screen_sm":"default","screen_sm_width":"100","screen_xs":"default","screen_xs_width":"100","section_custom_css":"","custom_css_description":"","section_custom_css_pro":"","custom_css_pro":""},"elements":[{"id":"428c957f","settings":{"section_icon":"","icon":"fa fa-cube","title_text":"Modular","description_text":"Lorem ipsum dolor sit amet, consectetur adipiscing elit. ","link":{"is_external":"","url":""},"section_style_icon":"","primary_color":"#555555","icon_space":{"unit":"px","size":"25"},"icon_size":{"unit":"px","size":"35"},"section_hover":"","section_style_content":"","text_align":"left","heading_title":"","title_bottom_space":{"unit":"px","size":21},"title_bottom_space_tablet":{"unit":"px","size":"17"},"title_color":"#555555","title_typography_typography":"custom","title_typography_font_size":{"unit":"px","size":"22"},"title_typography_font_size_tablet":{"unit":"px","size":"17"},"title_typography_font_family":"Poppins","title_typography_text_transform":"uppercase","title_typography_line_height":{"unit":"em","size":0.6},"heading_description":"","description_typography_typography":"custom","description_typography_font_size":{"unit":"px","size":"16"},"description_typography_font_size_tablet":{"unit":"px","size":"14"},"description_typography_font_weight":"300","_section_style":"","_section_background":"","_box_shadow_box_shadow":{"horizontal":0,"vertical":0,"blur":10,"spread":0,"inset":"","color":"rgba(0,0,0,0.5)"},"_section_responsive":"","responsive_description":"","section_custom_css":"","custom_css_description":"","section_custom_css_pro":"","custom_css_pro":""},"elements":[],"isInner":false,"widgetType":"icon-box","elType":"widget"}],"isInner":true,"elType":"column"},{"id":"4919d3b","settings":{"_column_size":25,"_inline_size":null,"section_style":"","box_shadow_box_shadow":{"horizontal":0,"vertical":0,"blur":10,"spread":0,"inset":"","color":"rgba(0,0,0,0.5)"},"section_background_overlay":"","section_typo":"","section_advanced":"","padding_mobile":{"unit":"px","top":"0","right":"50","bottom":"0","left":"0","isLinked":false},"section_responsive":"","screen_sm":"default","screen_sm_width":"100","screen_xs":"default","screen_xs_width":"100","section_custom_css":"","custom_css_description":"","section_custom_css_pro":"","custom_css_pro":""},"elements":[{"id":"1a919b8a","settings":{"section_icon":"","icon":"fa fa-globe","title_text":"Worldwide","description_text":"Lorem ipsum dolor sit amet, consectetur adipiscing elit. ","link":{"is_external":"","url":""},"section_style_icon":"","primary_color":"#555555","icon_space":{"unit":"px","size":"25"},"icon_size":{"unit":"px","size":"35"},"section_hover":"","section_style_content":"","text_align":"left","heading_title":"","title_bottom_space":{"unit":"px","size":21},"title_bottom_space_tablet":{"unit":"px","size":"17"},"title_color":"#555555","title_typography_typography":"custom","title_typography_font_size":{"unit":"px","size":"22"},"title_typography_font_size_tablet":{"unit":"px","size":"17"},"title_typography_font_family":"Poppins","title_typography_text_transform":"uppercase","title_typography_line_height":{"unit":"em","size":0.6},"heading_description":"","description_typography_typography":"custom","description_typography_font_size":{"unit":"px","size":"16"},"description_typography_font_size_tablet":{"unit":"px","size":"14"},"description_typography_font_weight":"300","_section_style":"","_section_background":"","_box_shadow_box_shadow":{"horizontal":0,"vertical":0,"blur":10,"spread":0,"inset":"","color":"rgba(0,0,0,0.5)"},"_section_responsive":"","responsive_description":"","section_custom_css":"","custom_css_description":"","section_custom_css_pro":"","custom_css_pro":""},"elements":[],"isInner":false,"widgetType":"icon-box","elType":"widget"}],"isInner":true,"elType":"column"}],"isInner":true,"elType":"section"}],"isInner":false,"elType":"column"}],"isInner":false,"elType":"section"},{"id":"22f081","settings":{"section_layout":"","layout":"full_width","height":"min-height","custom_height":{"unit":"vh","size":100},"column_position":"stretch","content_position":"middle","structure":"20","section_background":"","background_overlay_section":"","section_border":"","box_shadow_box_shadow":{"horizontal":0,"vertical":0,"blur":10,"spread":0,"inset":"","color":"rgba(0,0,0,0.5)"},"section_typo":"","section_advanced":"","_section_responsive":"","heading_visibility":"","responsive_description":"","section_custom_css":"","custom_css_description":"","section_custom_css_pro":"","custom_css_pro":""},"elements":[{"id":"69c7edc7","settings":{"_column_size":50,"_inline_size":null,"section_style":"","background_background":"classic","background_color":"#c7b299","box_shadow_box_shadow":{"horizontal":0,"vertical":0,"blur":10,"spread":0,"inset":"","color":"rgba(0,0,0,0.5)"},"section_background_overlay":"","section_typo":"","section_advanced":"","padding":{"unit":"%","top":"0","right":"16","bottom":"0","left":"16","isLinked":false},"padding_mobile":{"unit":"px","top":"50","right":"30","bottom":"50","left":"30","isLinked":false},"section_responsive":"","screen_sm":"default","screen_sm_width":"100","screen_xs":"default","screen_xs_width":"100","section_custom_css":"","custom_css_description":"","section_custom_css_pro":"","custom_css_pro":""},"elements":[{"id":"a205c5f","settings":{"section_icon":"","icon":"fa fa-quote-right","link":{"is_external":"","url":""},"align_tablet":"center","align_mobile":"center","section_style_icon":"","primary_color":"rgba(255,255,255,0.61)","section_hover":"","_section_style":"","_padding":{"unit":"px","top":"20","right":"0","bottom":"20","left":"0","isLinked":false},"_padding_tablet":{"unit":"px","top":"0","right":"0","bottom":"0","left":"0","isLinked":true},"_section_background":"","_box_shadow_box_shadow":{"horizontal":0,"vertical":0,"blur":10,"spread":0,"inset":"","color":"rgba(0,0,0,0.5)"},"_section_responsive":"","responsive_description":"","section_custom_css":"","custom_css_description":"","section_custom_css_pro":"","custom_css_pro":""},"elements":[],"isInner":false,"widgetType":"icon","elType":"widget"},{"id":"b84a45e","settings":{"section_editor":"","editor":"<p>Lorem ipsum dolor sit amet, consectetur adipiscing elit. Quisque quis interdum dolor, quis vestibulum magna. Etiam pretium nec ipsum non pellentesque. Donec eu purus ligula. Praesent id euismod mi, nec facilisis leo.<\/p>","section_style":"","align":"center","text_color":"#ffffff","typography_typography":"custom","typography_font_size":{"unit":"px","size":"17"},"typography_font_size_tablet":{"unit":"px","size":"14"},"typography_font_weight":"100","typography_line_height":{"unit":"em","size":"1.8"},"_section_style":"","_section_background":"","_box_shadow_box_shadow":{"horizontal":0,"vertical":0,"blur":10,"spread":0,"inset":"","color":"rgba(0,0,0,0.5)"},"_section_responsive":"","responsive_description":"","section_custom_css":"","custom_css_description":"","section_custom_css_pro":"","custom_css_pro":""},"elements":[],"isInner":false,"widgetType":"text-editor","elType":"widget"}],"isInner":false,"elType":"column"},{"id":"929a9a2","settings":{"_column_size":50,"_inline_size":null,"section_style":"","background_background":"classic","background_image":{"id":1095,"url":"http:\/\/localhost\/test\/wp-content\/uploads\/2018\/09\/8-2-1.png"},"background_position":"center center","background_size":"cover","box_shadow_box_shadow":{"horizontal":0,"vertical":0,"blur":10,"spread":0,"inset":"","color":"rgba(0,0,0,0.5)"},"section_background_overlay":"","section_typo":"","section_advanced":"","padding_mobile":{"unit":"px","top":"250","right":"0","bottom":"250","left":"0","isLinked":false},"section_responsive":"","screen_sm":"default","screen_sm_width":"100","screen_xs":"default","screen_xs_width":"100","section_custom_css":"","custom_css_description":"","section_custom_css_pro":"","custom_css_pro":""},"elements":[{"id":"319a30ea","settings":{"section_spacer":"","space_tablet":{"unit":"px","size":50},"space_mobile":{"unit":"px","size":50},"_section_style":"","_section_background":"","_box_shadow_box_shadow":{"horizontal":0,"vertical":0,"blur":10,"spread":0,"inset":"","color":"rgba(0,0,0,0.5)"},"_section_responsive":"","responsive_description":"","section_custom_css":"","custom_css_description":"","section_custom_css_pro":"","custom_css_pro":""},"elements":[],"isInner":false,"widgetType":"spacer","elType":"widget"}],"isInner":false,"elType":"column"}],"isInner":false,"elType":"section"},{"id":"137a830a","settings":{"section_layout":"","layout":"full_width","height":"min-height","custom_height":{"unit":"vh","size":100},"column_position":"stretch","content_position":"middle","structure":"20","section_background":"","background_overlay_section":"","section_border":"","box_shadow_box_shadow":{"horizontal":0,"vertical":0,"blur":10,"spread":0,"inset":"","color":"rgba(0,0,0,0.5)"},"section_typo":"","section_advanced":"","_section_responsive":"","reverse_order_mobile":"reverse-mobile","heading_visibility":"","responsive_description":"","section_custom_css":"","custom_css_description":"","section_custom_css_pro":"","custom_css_pro":""},"elements":[{"id":"1ce25728","settings":{"_column_size":50,"_inline_size":null,"section_style":"","background_background":"classic","background_image":{"id":1096,"url":"http:\/\/localhost\/test\/wp-content\/uploads\/2018\/09\/9-2-1.png"},"background_position":"center center","background_size":"cover","box_shadow_box_shadow":{"horizontal":0,"vertical":0,"blur":10,"spread":0,"inset":"","color":"rgba(0,0,0,0.5)"},"section_background_overlay":"","section_typo":"","section_advanced":"","padding_mobile":{"unit":"px","top":"250","right":"0","bottom":"250","left":"0","isLinked":false},"section_responsive":"","screen_sm":"default","screen_sm_width":"100","screen_xs":"default","screen_xs_width":"100","section_custom_css":"","custom_css_description":"","section_custom_css_pro":"","custom_css_pro":""},"elements":[{"id":"7dc38378","settings":{"section_spacer":"","space_tablet":{"unit":"px","size":50},"space_mobile":{"unit":"px","size":50},"_section_style":"","_section_background":"","_box_shadow_box_shadow":{"horizontal":0,"vertical":0,"blur":10,"spread":0,"inset":"","color":"rgba(0,0,0,0.5)"},"_section_responsive":"","responsive_description":"","section_custom_css":"","custom_css_description":"","section_custom_css_pro":"","custom_css_pro":""},"elements":[],"isInner":false,"widgetType":"spacer","elType":"widget"}],"isInner":false,"elType":"column"},{"id":"6e8cdd54","settings":{"_column_size":50,"_inline_size":null,"section_style":"","background_background":"classic","background_color":"#b3c6d9","box_shadow_box_shadow":{"horizontal":0,"vertical":0,"blur":10,"spread":0,"inset":"","color":"rgba(0,0,0,0.5)"},"section_background_overlay":"","section_typo":"","section_advanced":"","padding":{"unit":"%","top":"0","right":"16","bottom":"0","left":"16","isLinked":false},"padding_mobile":{"unit":"px","top":"50","right":"30","bottom":"50","left":"30","isLinked":false},"section_responsive":"","screen_sm":"default","screen_sm_width":"100","screen_xs":"default","screen_xs_width":"100","section_custom_css":"","custom_css_description":"","section_custom_css_pro":"","custom_css_pro":""},"elements":[{"id":"21eb8fca","settings":{"section_title":"","title":"Feels like closing \nyour eyes","link":{"is_external":"","url":""},"header_size":"h3","align":"center","section_title_style":"","title_color":"#ffffff","typography_typography":"custom","typography_font_size":{"unit":"px","size":"35"},"typography_font_size_tablet":{"unit":"px","size":"30"},"typography_font_family":"Poppins","typography_font_weight":"100","typography_text_transform":"uppercase","typography_line_height":{"unit":"em","size":1.3},"_section_style":"","_padding":{"unit":"px","top":"50","right":"0","bottom":"0","left":"0","isLinked":false},"_padding_tablet":{"unit":"px","top":"0","right":"0","bottom":"0","left":"0","isLinked":true},"_section_background":"","_box_shadow_box_shadow":{"horizontal":0,"vertical":0,"blur":10,"spread":0,"inset":"","color":"rgba(0,0,0,0.5)"},"_section_responsive":"","responsive_description":"","section_custom_css":"","custom_css_description":"","section_custom_css_pro":"","custom_css_pro":""},"elements":[],"isInner":false,"widgetType":"heading","elType":"widget"},{"id":"7aafdedd","settings":{"section_icon":"","icon":"fa fa-eye","link":{"is_external":"","url":""},"align_tablet":"center","align_mobile":"center","section_style_icon":"","primary_color":"rgba(255,255,255,0.61)","section_hover":"","_section_style":"","_padding":{"unit":"px","top":"20","right":"0","bottom":"20","left":"0","isLinked":false},"_padding_tablet":{"unit":"px","top":"0","right":"0","bottom":"0","left":"0","isLinked":true},"_section_background":"","_box_shadow_box_shadow":{"horizontal":0,"vertical":0,"blur":10,"spread":0,"inset":"","color":"rgba(0,0,0,0.5)"},"_section_responsive":"","responsive_description":"","section_custom_css":"","custom_css_description":"","section_custom_css_pro":"","custom_css_pro":""},"elements":[],"isInner":false,"widgetType":"icon","elType":"widget"},{"id":"47e82eda","settings":{"section_editor":"","editor":"<p>Phasellus arcu sapien, congue id magna tempor, aliquam elementum elit. enim felis sollicitudin odio, a feugiat felis diam convallis lacus. Aenean vitae fermentum mauris, ut dapibus diam. Lorem ipsum dolor sit amet, consectetur adipiscing elit. Quisque quis interdum dolor,\u00a0<\/p>","section_style":"","align":"center","text_color":"#ffffff","typography_typography":"custom","typography_font_size":{"unit":"px","size":"17"},"typography_font_size_tablet":{"unit":"px","size":"14"},"typography_font_weight":"100","typography_line_height":{"unit":"em","size":"1.8"},"_section_style":"","_section_background":"","_box_shadow_box_shadow":{"horizontal":0,"vertical":0,"blur":10,"spread":0,"inset":"","color":"rgba(0,0,0,0.5)"},"_section_responsive":"","responsive_description":"","section_custom_css":"","custom_css_description":"","section_custom_css_pro":"","custom_css_pro":""},"elements":[],"isInner":false,"widgetType":"text-editor","elType":"widget"}],"isInner":false,"elType":"column"}],"isInner":false,"elType":"section"},{"id":"50e127e0","settings":{"section_layout":"","custom_height":{"unit":"vh","size":100},"column_position":"top","section_background":"","background_background":"classic","background_color":"#fcfcfc","background_position":"bottom center","background_size":"cover","background_overlay_section":"","section_border":"","box_shadow_box_shadow":{"horizontal":0,"vertical":0,"blur":10,"spread":0,"inset":"","color":"rgba(0,0,0,0.5)"},"section_typo":"","section_advanced":"","padding":{"unit":"px","top":"180","right":"180","bottom":"180","left":"180","isLinked":true},"padding_tablet":{"unit":"px","top":"100","right":"0","bottom":"100","left":"0","isLinked":false},"_section_responsive":"","heading_visibility":"","responsive_description":"","section_custom_css":"","custom_css_description":"","section_custom_css_pro":"","custom_css_pro":""},"elements":[{"id":"4fdaf206","settings":{"_column_size":100,"_inline_size":null,"section_style":"","box_shadow_box_shadow":{"horizontal":0,"vertical":0,"blur":10,"spread":0,"inset":"","color":"rgba(0,0,0,0.5)"},"section_background_overlay":"","section_typo":"","section_advanced":"","padding_tablet":{"unit":"px","top":"0","right":"0","bottom":"0","left":"0","isLinked":true},"padding_mobile":{"unit":"px","top":"0","right":"30","bottom":"0","left":"30","isLinked":false},"section_responsive":"","screen_sm":"default","screen_sm_width":"100","screen_xs":"default","screen_xs_width":"100","section_custom_css":"","custom_css_description":"","section_custom_css_pro":"","custom_css_pro":""},"elements":[{"id":"33491dbd","settings":{"section_title":"","title":"Special offer","link":{"is_external":"","url":""},"align":"center","section_title_style":"","title_color":"#363636","typography_typography":"custom","typography_font_size":{"unit":"px","size":"70"},"typography_font_size_tablet":{"unit":"px","size":"60"},"typography_font_size_mobile":{"unit":"px","size":"35"},"typography_font_family":"Poppins","typography_font_weight":"100","typography_text_transform":"uppercase","_section_style":"","_padding":{"unit":"px","top":"0","right":"0","bottom":"0","left":"0","isLinked":false},"_section_background":"","_box_shadow_box_shadow":{"horizontal":0,"vertical":0,"blur":10,"spread":0,"inset":"","color":"rgba(0,0,0,0.5)"},"_section_responsive":"","responsive_description":"","section_custom_css":"","custom_css_description":"","section_custom_css_pro":"","custom_css_pro":""},"elements":[],"isInner":false,"widgetType":"heading","elType":"widget"},{"id":"4180b6c5","settings":{"section_title":"","title":"Lorem ipsum dolor sit amet, consectetur adipiscing elit.<br> Quisque quis quis vestibulum magna. \n","link":{"is_external":"","url":""},"align":"center","section_title_style":"","title_color":"#555555","typography_typography":"custom","typography_font_size":{"unit":"px","size":"25"},"typography_font_size_tablet":{"unit":"px","size":"18"},"typography_font_size_mobile":{"unit":"px","size":"15"},"typography_font_family":"Poppins","typography_font_weight":"100","typography_line_height":{"unit":"em","size":1.6},"_section_style":"","_padding":{"unit":"px","top":"10","right":"0","bottom":"10","left":"0","isLinked":false},"_section_background":"","_box_shadow_box_shadow":{"horizontal":0,"vertical":0,"blur":10,"spread":0,"inset":"","color":"rgba(0,0,0,0.5)"},"_section_responsive":"","responsive_description":"","section_custom_css":"","custom_css_description":"","section_custom_css_pro":"","custom_css_pro":""},"elements":[],"isInner":false,"widgetType":"heading","elType":"widget"},{"id":"48245148","settings":{"section_editor":"","editor":"<p>\u00a0 Praesent id euismod mi, nec facilisis leo.\u00a0<\/p>","section_style":"","align":"center","text_color":"#363636","typography_typography":"custom","typography_font_size":{"unit":"px","size":"25"},"typography_font_size_tablet":{"unit":"px","size":"18"},"typography_font_size_mobile":{"unit":"px","size":"15"},"typography_font_family":"Poppins","typography_text_transform":"uppercase","_section_style":"","_padding":{"unit":"px","top":"0","right":"0","bottom":"10","left":"0","isLinked":false},"_section_background":"","_box_shadow_box_shadow":{"horizontal":0,"vertical":0,"blur":10,"spread":0,"inset":"","color":"rgba(0,0,0,0.5)"},"_section_responsive":"","responsive_description":"","section_custom_css":"","custom_css_description":"","section_custom_css_pro":"","custom_css_pro":""},"elements":[],"isInner":false,"widgetType":"text-editor","elType":"widget"}],"isInner":false,"elType":"column"}],"isInner":false,"elType":"section"}]}