{"version":"0.4","title":"Services-Delivery-Company-page","type":"page","content":[{"id":"1523e1bd","settings":{"layout":"full_width","content_width":{"unit":"px","size":1140},"gap":"no","custom_height":{"unit":"px","size":0},"structure":"20","background_overlay_title":"","padding":{"unit":"px","top":"0","right":"0","bottom":"0","left":"0","isLinked":false},"content_position":"middle"},"elements":[{"id":"410aec70","settings":{"_column_size":50,"_inline_size":null,"background_background":"classic","background_image":{"id":1048,"url":"http:\/\/localhost\/test\/wp-content\/uploads\/2018\/09\/20-2.jpg"},"background_size":"cover","padding":{"unit":"%","top":"20","right":"20","bottom":"20","left":"20","isLinked":true},"padding_mobile":{"unit":"px","top":"100","right":"55","bottom":"100","left":"55","isLinked":false},"background_overlay_background":"classic","background_overlay_color":"rgba(0,0,0,0)","background_overlay_hover_background":"classic","background_overlay_hover_color":"#000000","background_overlay_hover_opacity":{"unit":"px","size":0.4}},"elements":[{"id":"5de1fcec","settings":{"title":"Courier Services","size":"large","align":"left","title_color":"#ffffff","typography_typography":"custom","typography_font_size":{"unit":"px","size":"40"},"typography_font_family":"Roboto Condensed","typography_font_weight":"600","typography_letter_spacing":{"unit":"px","size":"1.5"},"header_size":"h3","align_mobile":"center","typography_font_size_tablet":{"unit":"px","size":"26"}},"elements":[],"isInner":false,"widgetType":"heading","elType":"widget"},{"id":"5438a98e","settings":{"editor":"<p>Vivamus elementum massa neque, sed fringilla mi malesuada aliquet. Vivamus pharetra ultricies.<\/p>","text_color":"#ffffff","typography_typography":"custom","typography_font_size":{"unit":"px","size":"19"},"typography_font_family":"Roboto Condensed","typography_letter_spacing":{"unit":"px","size":"0.8"},"_padding":{"unit":"%","top":"0","right":"0","bottom":"1","left":"0","isLinked":false},"align_mobile":"center","typography_font_size_tablet":{"unit":"px","size":"16"}},"elements":[],"isInner":false,"widgetType":"text-editor","elType":"widget"},{"id":"37e1ad9","settings":{"text":"read more","typography_typography":"custom","typography_font_size":{"unit":"px","size":15},"typography_font_family":"Roboto Condensed","typography_font_weight":"bold","typography_text_transform":"uppercase","typography_letter_spacing":{"unit":"px","size":"2"},"background_color":"#f84d43","border_radius":{"unit":"px","top":"0","right":"0","bottom":"0","left":"0","isLinked":true},"section_hover":"","align_mobile":"justify","button_background_hover_color":"#000000"},"elements":[],"isInner":false,"widgetType":"button","elType":"widget"}],"isInner":false,"elType":"column"},{"id":"3e0ac099","settings":{"_column_size":50,"_inline_size":null,"background_background":"classic","background_image":{"id":1049,"url":"http:\/\/localhost\/test\/wp-content\/uploads\/2018\/09\/21-2.jpg"},"background_size":"cover","padding":{"unit":"%","top":"25","right":"20","bottom":"25","left":"20","isLinked":false},"padding_tablet":{"unit":"%","top":"","right":"","bottom":"","left":"","isLinked":false},"padding_mobile":{"unit":"px","top":"100","right":"55","bottom":"100","left":"55","isLinked":false},"background_overlay_background":"classic","background_overlay_color":"rgba(0,0,0,0)","background_overlay_hover_background":"classic","background_overlay_hover_color":"#000000","background_overlay_hover_opacity":{"unit":"px","size":0.4}},"elements":[{"id":"401d7961","settings":{"title":"Commercial Services","size":"large","align":"left","title_color":"#ffffff","typography_typography":"custom","typography_font_size":{"unit":"px","size":"40"},"typography_font_family":"Roboto Condensed","typography_font_weight":"600","typography_letter_spacing":{"unit":"px","size":"1.5"},"header_size":"h3","align_mobile":"center","typography_font_size_tablet":{"unit":"px","size":"26"}},"elements":[],"isInner":false,"widgetType":"heading","elType":"widget"},{"id":"9ece87c","settings":{"editor":"<p>Vivamus elementum massa neque, sed fringilla mi malesuada aliquet. Vivamus pharetra ultricies.<\/p>","text_color":"#ffffff","typography_typography":"custom","typography_font_size":{"unit":"px","size":"19"},"typography_font_family":"Roboto Condensed","typography_letter_spacing":{"unit":"px","size":"0.8"},"_padding":{"unit":"%","top":"0","right":"0","bottom":"1","left":"0","isLinked":false},"align_mobile":"center","typography_font_size_tablet":{"unit":"px","size":"16"}},"elements":[],"isInner":false,"widgetType":"text-editor","elType":"widget"},{"id":"6c1d1bab","settings":{"text":"read more","typography_typography":"custom","typography_font_size":{"unit":"px","size":15},"typography_font_family":"Roboto Condensed","typography_font_weight":"bold","typography_text_transform":"uppercase","typography_letter_spacing":{"unit":"px","size":"2"},"background_color":"#f84d43","border_radius":{"unit":"px","top":"0","right":"0","bottom":"0","left":"0","isLinked":true},"section_hover":"","align_mobile":"justify","button_background_hover_color":"#000000"},"elements":[],"isInner":false,"widgetType":"button","elType":"widget"}],"isInner":false,"elType":"column"}],"isInner":false,"elType":"section"},{"id":"6a545c63","settings":{"layout":"full_width","content_width":{"unit":"px","size":1140},"gap":"no","custom_height":{"unit":"px","size":0},"structure":"20","background_overlay_title":"","padding":{"unit":"px","top":"0","right":"0","bottom":"0","left":"0","isLinked":false},"content_position":"middle"},"elements":[{"id":"11ae9c96","settings":{"_column_size":50,"_inline_size":null,"background_background":"classic","background_image":{"id":1050,"url":"http:\/\/localhost\/test\/wp-content\/uploads\/2018\/09\/22-1.jpg"},"background_size":"cover","padding":{"unit":"%","top":"25","right":"20","bottom":"25","left":"20","isLinked":false},"padding_mobile":{"unit":"px","top":"100","right":"55","bottom":"100","left":"55","isLinked":false},"background_overlay_background":"classic","background_overlay_color":"rgba(0,0,0,0)","background_overlay_hover_background":"classic","background_overlay_hover_color":"#000000","background_overlay_hover_opacity":{"unit":"px","size":0.4}},"elements":[{"id":"3db3f37c","settings":{"title":"Special Services","size":"large","align":"left","title_color":"#ffffff","typography_typography":"custom","typography_font_size":{"unit":"px","size":"40"},"typography_font_family":"Roboto Condensed","typography_font_weight":"600","typography_letter_spacing":{"unit":"px","size":"1.5"},"header_size":"h3","align_mobile":"center","typography_font_size_tablet":{"unit":"px","size":"26"}},"elements":[],"isInner":false,"widgetType":"heading","elType":"widget"},{"id":"5f515f16","settings":{"editor":"<p>Vivamus elementum massa neque, \u00a0sed fringilla mi malesuada aliquet. \u00a0Vivamus pharetra ultricies.<\/p>","text_color":"#ffffff","typography_typography":"custom","typography_font_size":{"unit":"px","size":"19"},"typography_font_family":"Roboto Condensed","typography_letter_spacing":{"unit":"px","size":"0.8"},"_padding":{"unit":"%","top":"0","right":"0","bottom":"1","left":"0","isLinked":false},"align_mobile":"center","typography_font_size_tablet":{"unit":"px","size":"16"}},"elements":[],"isInner":false,"widgetType":"text-editor","elType":"widget"},{"id":"5f279db5","settings":{"text":"read more","typography_typography":"custom","typography_font_size":{"unit":"px","size":15},"typography_font_family":"Roboto Condensed","typography_font_weight":"bold","typography_text_transform":"uppercase","typography_letter_spacing":{"unit":"px","size":"2"},"background_color":"#f84d43","border_radius":{"unit":"px","top":"0","right":"0","bottom":"0","left":"0","isLinked":true},"section_hover":"","align_mobile":"justify","button_background_hover_color":"#000000"},"elements":[],"isInner":false,"widgetType":"button","elType":"widget"}],"isInner":false,"elType":"column"},{"id":"1de70468","settings":{"_column_size":50,"_inline_size":null,"background_background":"classic","background_image":{"id":1051,"url":"http:\/\/localhost\/test\/wp-content\/uploads\/2018\/09\/5-6.png"},"background_size":"cover","padding":{"unit":"%","top":"25","right":"20","bottom":"25","left":"20","isLinked":false},"padding_mobile":{"unit":"px","top":"100","right":"55","bottom":"100","left":"55","isLinked":false},"background_overlay_background":"classic","background_overlay_color":"rgba(0,0,0,0)","background_overlay_hover_background":"classic","background_overlay_hover_color":"#000000","background_overlay_hover_opacity":{"unit":"px","size":0.4}},"elements":[{"id":"681a4e5d","settings":{"title":"Express Services","size":"large","align":"left","title_color":"#ffffff","typography_typography":"custom","typography_font_size":{"unit":"px","size":"40"},"typography_font_family":"Roboto Condensed","typography_font_weight":"600","typography_letter_spacing":{"unit":"px","size":"1.5"},"header_size":"h3","align_mobile":"center","typography_font_size_tablet":{"unit":"px","size":"26"}},"elements":[],"isInner":false,"widgetType":"heading","elType":"widget"},{"id":"19b7b239","settings":{"editor":"<p>Vivamus elementum massa neque, \u00a0sed fringilla mi malesuada aliquet. \u00a0Vivamus pharetra ultricies.<\/p>","text_color":"#ffffff","typography_typography":"custom","typography_font_size":{"unit":"px","size":"19"},"typography_font_family":"Roboto Condensed","typography_letter_spacing":{"unit":"px","size":"0.8"},"_padding":{"unit":"%","top":"0","right":"0","bottom":"1","left":"0","isLinked":false},"align_mobile":"center","typography_font_size_tablet":{"unit":"px","size":"16"}},"elements":[],"isInner":false,"widgetType":"text-editor","elType":"widget"},{"id":"36c2a2f3","settings":{"text":"read more","typography_typography":"custom","typography_font_size":{"unit":"px","size":15},"typography_font_family":"Roboto Condensed","typography_font_weight":"bold","typography_text_transform":"uppercase","typography_letter_spacing":{"unit":"px","size":"2"},"background_color":"#f84d43","border_radius":{"unit":"px","top":"0","right":"0","bottom":"0","left":"0","isLinked":true},"section_hover":"","align_mobile":"justify","button_background_hover_color":"#000000"},"elements":[],"isInner":false,"widgetType":"button","elType":"widget"}],"isInner":false,"elType":"column"}],"isInner":false,"elType":"section"},{"id":"cb7ad3a","settings":{"content_width":{"unit":"px","size":1140},"background_background":"classic","background_color":"#2323d6","background_overlay_title":"","padding":{"unit":"px","top":"80","right":"80","bottom":"80","left":"80","isLinked":true},"padding_tablet":{"unit":"px","top":"60","right":"0","bottom":"60","left":"0","isLinked":false},"padding_mobile":{"unit":"px","top":"60","right":"0","bottom":"0","left":"0","isLinked":false}},"elements":[{"id":"1a63599e","settings":{"_column_size":100,"_inline_size":null},"elements":[{"id":"69035d6b","settings":{"title":"Pricing","size":"large","align":"center","title_color":"#ffffff","typography_typography":"custom","typography_font_size":{"unit":"px","size":"40"},"typography_font_family":"Roboto Condensed","typography_font_weight":"600","typography_letter_spacing":{"unit":"px","size":"1.5"},"header_size":"h3"},"elements":[],"isInner":false,"widgetType":"heading","elType":"widget"},{"id":"52c03d1d","settings":{"title":"Lorem ipsum dolor sit amet, consectetur adipiscing elit. Nam sodales fermentum gravida dolor efficitur ","size":"large","align":"center","title_color":"#ffffff","typography_typography":"custom","typography_font_size":{"unit":"px","size":"19"},"typography_font_family":"Roboto Condensed","typography_font_weight":"500","typography_letter_spacing":{"unit":"px","size":"0.8"},"header_size":"h5","typography_line_height":{"unit":"em","size":"1.5"},"_padding":{"unit":"%","top":"0","right":"25","bottom":"0","left":"25","isLinked":false},"typography_font_size_mobile":{"unit":"px","size":"16"},"_padding_tablet":{"unit":"px","top":"0","right":"80","bottom":"0","left":"80","isLinked":false},"_padding_mobile":{"unit":"px","top":"0","right":"20","bottom":"0","left":"20","isLinked":false}},"elements":[],"isInner":false,"widgetType":"heading","elType":"widget"},{"id":"46cd39c2","settings":{"content_width":{"unit":"px","size":1140},"structure":"30","background_overlay_title":"","margin_mobile":{"unit":"px","top":"","right":0,"bottom":"","left":0,"isLinked":true},"padding_mobile":{"unit":"px","top":"0","right":"15","bottom":"0","left":"15","isLinked":false}},"elements":[{"id":"ec2f39c","settings":{"_column_size":33,"_inline_size":null,"background_background":"classic","box_shadow_box_shadow":{"horizontal":0,"vertical":0,"blur":27,"spread":0,"inset":"","color":"rgba(0,0,0,0.5)"},"margin":{"unit":"px","top":"0","right":"15","bottom":"0","left":"15","isLinked":false},"padding":{"unit":"px","top":"050","right":"0","bottom":"50","left":"0","isLinked":false},"margin_tablet":{"unit":"px","top":"0","right":"8","bottom":"0","left":"8","isLinked":false}},"elements":[{"id":"69dd5adf","settings":{"image":{"id":1052,"url":"http:\/\/localhost\/test\/wp-content\/uploads\/2018\/09\/icon1.png"},"space":{"unit":"%","size":"20"},"_padding":{"unit":"px","top":"10","right":"10","bottom":"10","left":"10","isLinked":true},"_background_background":"classic","_background_color":"#f84d43","custom_css":"selector {\n    z-index: 3;\n}"},"elements":[],"isInner":false,"widgetType":"image","elType":"widget"},{"id":"22499808","settings":{"heading":"Parcel Shop Drop-off","sub_heading":"","price":"3.90","period":"","features_list":[{"item_text":"Between 0-1kg Up to \u00a325 compensation Over 5,000 nationwide","item_icon":"","_id":"7am3chw","item_icon_color":""}],"button_text":"full price list","footer_additional_info":"","ribbon_title":"Popular","show_ribbon":"","heading_color":"#000000","_background_background":"classic","_background_color":"#ffffff","header_bg_color":"#ffffff","header_padding":{"unit":"px","top":"50","right":"0","bottom":"30","left":"0","isLinked":false},"header_padding_tablet":{"unit":"px","top":"30","right":"0","bottom":"30","left":"0","isLinked":false},"heading_typography_typography":"custom","heading_typography_font_size":{"unit":"px","size":"30"},"heading_typography_font_size_tablet":{"unit":"px","size":"20"},"heading_typography_font_size_mobile":{"unit":"px","size":"25"},"heading_typography_font_family":"Roboto Condensed","pricing_element_padding":{"unit":"px","top":"5","right":"5","bottom":"5","left":"5","isLinked":true},"price_color":"#f84d43","price_typography_typography":"custom","price_typography_font_size":{"unit":"px","size":"70"},"price_typography_font_size_tablet":{"unit":"px","size":"60"},"price_typography_font_family":"Roboto Condensed","currency_size":{"unit":"px","size":"50"},"currency_vertical_position":"middle","fractional-part_size":{"unit":"px","size":"50"},"fractional_part_vertical_position":"middle","features_list_padding":{"unit":"px","top":"20","right":"20","bottom":"0","left":"20","isLinked":false},"features_list_typography_typography":"custom","features_list_typography_font_size":{"unit":"px","size":"19"},"features_list_typography_font_size_tablet":{"unit":"px","size":"16"},"features_list_typography_font_size_mobile":{"unit":"px","size":"18"},"features_list_typography_font_family":"Roboto Condensed","features_list_typography_line_height":{"unit":"em","size":"1.5"},"footer_padding":{"unit":"px","top":"30","right":"0","bottom":"50","left":"0","isLinked":false},"footer_padding_tablet":{"unit":"px","top":"30","right":"0","bottom":"30","left":"0","isLinked":false},"button_typography_typography":"custom","button_typography_font_size_tablet":{"unit":"px","size":"14"},"button_typography_font_size_mobile":{"unit":"px","size":"18"},"button_typography_font_family":"Roboto Condensed","button_typography_font_weight":"bold","button_typography_text_transform":"uppercase","button_typography_letter_spacing":{"unit":"px","size":"2.5"},"button_background_color":"#f84d43","button_border_radius":{"unit":"px","top":"0","right":"0","bottom":"0","left":"0","isLinked":true},"button_background_hover_color":"#000000","_margin":{"unit":"px","top":"-20","right":"0","bottom":"0","left":"0","isLinked":false},"_box_shadow_box_shadow_type":"yes","_box_shadow_box_shadow":{"horizontal":0,"vertical":0,"blur":"50","spread":"5","inset":"","color":"rgba(16,18,61,0.47)"}},"elements":[],"isInner":false,"widgetType":"price-table","elType":"widget"}],"isInner":true,"elType":"column"},{"id":"2308f15a","settings":{"_column_size":33,"_inline_size":null,"background_background":"classic","box_shadow_box_shadow":{"horizontal":0,"vertical":0,"blur":27,"spread":0,"inset":"","color":"rgba(0,0,0,0.5)"},"margin":{"unit":"px","top":"0","right":"15","bottom":"0","left":"15","isLinked":false},"padding":{"unit":"px","top":"050","right":"0","bottom":"50","left":"0","isLinked":false},"margin_tablet":{"unit":"px","top":"0","right":"8","bottom":"0","left":"8","isLinked":false},"padding_mobile":{"unit":"px","top":"2","right":"2","bottom":"2","left":"2","isLinked":true}},"elements":[{"id":"2491af8c","settings":{"image":{"id":1053,"url":"http:\/\/localhost\/test\/wp-content\/uploads\/2018\/09\/12-1.png"},"space":{"unit":"%","size":"17"},"_padding":{"unit":"px","top":"10","right":"10","bottom":"10","left":"10","isLinked":true},"_background_background":"classic","_background_color":"#f84d43","custom_css":"selector {\n    z-index: 3;\n}"},"elements":[],"isInner":false,"widgetType":"image","elType":"widget"},{"id":"393ea1b1","settings":{"heading":"Courier Collection","sub_heading":"","price":"5.20","period":"","features_list":[{"item_text":"Between 0-1kg Up to \u00a325 compensation Over 5,000 nationwide","item_icon":"","_id":"7am3chw","item_icon_color":""}],"button_text":"full price list","footer_additional_info":"","ribbon_title":"Popular","show_ribbon":"","heading_color":"#000000","_background_background":"classic","_background_color":"#ffffff","header_bg_color":"#ffffff","header_padding":{"unit":"px","top":"50","right":"0","bottom":"30","left":"0","isLinked":false},"header_padding_tablet":{"unit":"px","top":"30","right":"0","bottom":"30","left":"0","isLinked":false},"heading_typography_typography":"custom","heading_typography_font_size":{"unit":"px","size":"30"},"heading_typography_font_size_tablet":{"unit":"px","size":"20"},"heading_typography_font_size_mobile":{"unit":"px","size":"25"},"heading_typography_font_family":"Roboto Condensed","pricing_element_padding":{"unit":"px","top":"5","right":"5","bottom":"5","left":"5","isLinked":true},"price_color":"#f84d43","price_typography_typography":"custom","price_typography_font_size":{"unit":"px","size":"70"},"price_typography_font_size_tablet":{"unit":"px","size":"60"},"price_typography_font_family":"Roboto Condensed","currency_size":{"unit":"px","size":"50"},"currency_vertical_position":"middle","fractional-part_size":{"unit":"px","size":"50"},"fractional_part_vertical_position":"middle","features_list_padding":{"unit":"px","top":"20","right":"20","bottom":"0","left":"20","isLinked":false},"features_list_typography_typography":"custom","features_list_typography_font_size":{"unit":"px","size":"19"},"features_list_typography_font_size_tablet":{"unit":"px","size":"16"},"features_list_typography_font_size_mobile":{"unit":"px","size":"18"},"features_list_typography_font_family":"Roboto Condensed","features_list_typography_line_height":{"unit":"em","size":"1.5"},"footer_padding":{"unit":"px","top":"30","right":"0","bottom":"50","left":"0","isLinked":false},"footer_padding_tablet":{"unit":"px","top":"30","right":"0","bottom":"30","left":"0","isLinked":false},"button_typography_typography":"custom","button_typography_font_size_tablet":{"unit":"px","size":"14"},"button_typography_font_size_mobile":{"unit":"px","size":"18"},"button_typography_font_family":"Roboto Condensed","button_typography_font_weight":"bold","button_typography_text_transform":"uppercase","button_typography_letter_spacing":{"unit":"px","size":"2.5"},"button_background_color":"#f84d43","button_border_radius":{"unit":"px","top":"0","right":"0","bottom":"0","left":"0","isLinked":true},"button_background_hover_color":"#000000","_margin":{"unit":"px","top":"-20","right":"0","bottom":"0","left":"0","isLinked":false},"_box_shadow_box_shadow_type":"yes","_box_shadow_box_shadow":{"horizontal":0,"vertical":0,"blur":"50","spread":"5","inset":"","color":"rgba(16,18,61,0.47)"}},"elements":[],"isInner":false,"widgetType":"price-table","elType":"widget"}],"isInner":true,"elType":"column"},{"id":"790b57be","settings":{"_column_size":33,"_inline_size":null,"background_background":"classic","box_shadow_box_shadow":{"horizontal":0,"vertical":0,"blur":27,"spread":0,"inset":"","color":"rgba(0,0,0,0.5)"},"margin":{"unit":"px","top":"0","right":"15","bottom":"0","left":"15","isLinked":false},"padding":{"unit":"px","top":"050","right":"0","bottom":"50","left":"0","isLinked":false},"margin_tablet":{"unit":"px","top":"0","right":"8","bottom":"0","left":"8","isLinked":false}},"elements":[{"id":"4a741caa","settings":{"image":{"id":1054,"url":"http:\/\/localhost\/test\/wp-content\/uploads\/2018\/09\/16-1-1.png"},"space":{"unit":"%","size":"20"},"_padding":{"unit":"px","top":"10","right":"10","bottom":"10","left":"10","isLinked":true},"_background_background":"classic","_background_color":"#f84d43","custom_css":"selector {\n    z-index: 3;\n}"},"elements":[],"isInner":false,"widgetType":"image","elType":"widget"},{"id":"6dd32385","settings":{"heading":"Compensation","sub_heading":"","price":"2.60","period":"","features_list":[{"item_text":"Between 0-1kg Up to \u00a325 compensation Over 5,000 nationwide","item_icon":"","_id":"7am3chw","item_icon_color":""}],"button_text":"full price list","footer_additional_info":"","ribbon_title":"Popular","show_ribbon":"","heading_color":"#000000","_background_background":"classic","_background_color":"#ffffff","header_bg_color":"#ffffff","header_padding":{"unit":"px","top":"50","right":"0","bottom":"30","left":"0","isLinked":false},"header_padding_tablet":{"unit":"px","top":"30","right":"0","bottom":"30","left":"0","isLinked":false},"heading_typography_typography":"custom","heading_typography_font_size":{"unit":"px","size":"30"},"heading_typography_font_size_tablet":{"unit":"px","size":"20"},"heading_typography_font_size_mobile":{"unit":"px","size":"23"},"heading_typography_font_family":"Roboto Condensed","pricing_element_padding":{"unit":"px","top":"5","right":"5","bottom":"5","left":"5","isLinked":true},"price_color":"#f84d43","price_typography_typography":"custom","price_typography_font_size":{"unit":"px","size":"70"},"price_typography_font_size_tablet":{"unit":"px","size":"60"},"price_typography_font_family":"Roboto Condensed","currency_size":{"unit":"px","size":"50"},"currency_vertical_position":"middle","fractional-part_size":{"unit":"px","size":"50"},"fractional_part_vertical_position":"middle","features_list_padding":{"unit":"px","top":"20","right":"20","bottom":"0","left":"20","isLinked":false},"features_list_typography_typography":"custom","features_list_typography_font_size":{"unit":"px","size":"19"},"features_list_typography_font_size_tablet":{"unit":"px","size":"16"},"features_list_typography_font_size_mobile":{"unit":"px","size":"18"},"features_list_typography_font_family":"Roboto Condensed","features_list_typography_line_height":{"unit":"em","size":"1.5"},"footer_padding":{"unit":"px","top":"30","right":"0","bottom":"50","left":"0","isLinked":false},"footer_padding_tablet":{"unit":"px","top":"30","right":"0","bottom":"30","left":"0","isLinked":false},"button_typography_typography":"custom","button_typography_font_size_tablet":{"unit":"px","size":"14"},"button_typography_font_size_mobile":{"unit":"px","size":"18"},"button_typography_font_family":"Roboto Condensed","button_typography_font_weight":"bold","button_typography_text_transform":"uppercase","button_typography_letter_spacing":{"unit":"px","size":"2.5"},"button_background_color":"#f84d43","button_border_radius":{"unit":"px","top":"0","right":"0","bottom":"0","left":"0","isLinked":true},"button_background_hover_color":"#000000","_margin":{"unit":"px","top":"-20","right":"0","bottom":"0","left":"0","isLinked":false},"_box_shadow_box_shadow_type":"yes","_box_shadow_box_shadow":{"horizontal":0,"vertical":0,"blur":"50","spread":"5","inset":"","color":"rgba(16,18,61,0.47)"}},"elements":[],"isInner":false,"widgetType":"price-table","elType":"widget"}],"isInner":true,"elType":"column"}],"isInner":true,"elType":"section"}],"isInner":false,"elType":"column"}],"isInner":false,"elType":"section"},{"id":"7e9f58d4","settings":{"custom_height":{"unit":"px","size":"500"},"background_background":"classic","background_image":{"id":"502","url":"http:\/\/localhost\/test\/wp-content\/uploads\/2018\/09\/3-2-1-1.jpg"},"background_position":"center center","background_size":"cover","background_overlay_title":"","background_overlay_background":"classic","background_overlay_color":"#020928","background_overlay_opacity":{"unit":"px","size":"0.7"},"margin_tablet":{"unit":"px","top":"0","right":0,"bottom":"0","left":0,"isLinked":true},"padding_mobile":{"unit":"px","top":"30","right":"30","bottom":"30","left":"30","isLinked":true},"padding":{"unit":"px","top":"80","right":"80","bottom":"80","left":"80","isLinked":true},"padding_tablet":{"unit":"px","top":"40","right":"80","bottom":"40","left":"80","isLinked":false}},"elements":[{"id":"743fda4a","settings":{"_column_size":100,"_inline_size":null,"margin_tablet":{"unit":"px","top":"0","right":"0","bottom":"0","left":"0","isLinked":true}},"elements":[{"id":"6fc7c8d8","settings":{"title":"Call Us Now","size":"large","align":"center","title_color":"#ffffff","typography_typography":"custom","typography_font_size":{"unit":"px","size":"70"},"typography_font_family":"Roboto Condensed","typography_font_style":"italic","typography_letter_spacing":{"unit":"px","size":"1"},"_padding":{"unit":"px","top":"0","right":"0","bottom":"20","left":"0","isLinked":false},"typography_font_size_tablet":{"unit":"px","size":"40"},"typography_font_size_mobile":{"unit":"px","size":"40"},"_padding_tablet":{"unit":"px","top":"0","right":"0","bottom":"0","left":"0","isLinked":true},"_padding_mobile":{"unit":"px","top":"0","right":"0","bottom":"0","left":"0","isLinked":true}},"elements":[],"isInner":false,"widgetType":"heading","elType":"widget"},{"id":"40695b09","settings":{"title":"+32 558 555 673","size":"large","align":"center","title_color":"#ffffff","typography_typography":"custom","typography_font_size":{"unit":"px","size":"50"},"typography_font_family":"Roboto Condensed","typography_font_weight":"bold","typography_font_style":"normal","typography_letter_spacing":{"unit":"px","size":"1"},"_margin":{"unit":"%","top":"0","right":"30","bottom":"0","left":"30","isLinked":false},"_padding":{"unit":"px","top":"10","right":"10","bottom":"10","left":"10","isLinked":true},"_border_border":"solid","_border_width":{"unit":"px","top":"5","right":"0","bottom":"5","left":"0","isLinked":false},"_border_color":"#f84d43","typography_font_size_mobile":{"unit":"px","size":"30"},"_margin_tablet":{"unit":"%","top":"0","right":"20","bottom":"0","left":"20","isLinked":false},"_margin_mobile":{"unit":"%","top":"0","right":"10","bottom":"0","left":"10","isLinked":false},"_padding_tablet":{"unit":"px","top":"20","right":"0","bottom":"20","left":"0","isLinked":false},"typography_font_size_tablet":{"unit":"px","size":"40"}},"elements":[],"isInner":false,"widgetType":"heading","elType":"widget"}],"isInner":false,"elType":"column"}],"isInner":false,"elType":"section"}]}