{"version":"0.4","title":"Services-Cake-Shop-Menu-page","type":"page","content":[{"id":"6f48192c","settings":{"section_layout":"","layout":"full_width","section_background":"","background_background":"classic","background_image":{"id":1033,"url":"http:\/\/localhost\/test\/wp-content\/uploads\/2018\/09\/1-1-6.png"},"background_size":"cover","background_overlay_section":"","background_overlay_background":"classic","background_overlay_color":"rgba(0,0,0,0.26)","section_border":"","box_shadow_box_shadow":{"horizontal":0,"vertical":0,"blur":10,"spread":0,"inset":"","color":"rgba(0,0,0,0.5)"},"section_typo":"","section_advanced":"","padding":{"unit":"px","top":"300","right":"0","bottom":"40","left":"90","isLinked":false},"padding_tablet":{"unit":"px","top":"200","right":"0","bottom":"20","left":"40","isLinked":false},"padding_mobile":{"unit":"px","top":"180","right":"30","bottom":"30","left":"30","isLinked":false},"_section_responsive":"","heading_visibility":"","responsive_description":"","section_custom_css":"","custom_css_description":"","section_custom_css_pro":"","custom_css_pro":""},"elements":[{"id":"4461ccf3","settings":{"_column_size":100,"_inline_size":null,"section_style":"","box_shadow_box_shadow":{"horizontal":0,"vertical":0,"blur":10,"spread":0,"inset":"","color":"rgba(0,0,0,0.5)"},"section_typo":"","section_advanced":"","section_responsive":"","screen_sm":"default","screen_sm_width":"100","screen_xs":"default","screen_xs_width":"100","section_custom_css":"","custom_css_description":"","section_custom_css_pro":"","custom_css_pro":""},"elements":[{"id":"33c95efd","settings":{"section_title":"","title":"Cakes menu","link":{"is_external":"","url":""},"header_size":"h1","section_title_style":"","title_color":"#ffffff","typography_typography":"custom","typography_font_size":{"unit":"px","size":"150"},"typography_font_size_tablet":{"unit":"px","size":"80"},"typography_font_family":"Alex Brush","typography_font_weight":"bold","typography_text_transform":"capitalize","_section_style":"","_section_background":"","_box_shadow_box_shadow":{"horizontal":0,"vertical":0,"blur":10,"spread":0,"inset":"","color":"rgba(0,0,0,0.5)"},"_section_responsive":"","responsive_description":"","section_custom_css":"","custom_css_description":"","section_custom_css_pro":"","custom_css_pro":""},"elements":[],"isInner":false,"widgetType":"heading","elType":"widget"}],"isInner":false,"elType":"column"}],"isInner":false,"elType":"section"},{"id":"1b9290","settings":{"section_layout":"","layout":"full_width","structure":"20","section_background":"","background_overlay_section":"","section_border":"","box_shadow_box_shadow":{"horizontal":0,"vertical":0,"blur":10,"spread":0,"inset":"","color":"rgba(0,0,0,0.5)"},"section_typo":"","section_advanced":"","padding":{"unit":"px","top":"120","right":"90","bottom":"100","left":"90","isLinked":false},"padding_tablet":{"unit":"px","top":"50","right":"50","bottom":"50","left":"50","isLinked":true},"padding_mobile":{"unit":"px","top":"30","right":"30","bottom":"30","left":"30","isLinked":true},"_section_responsive":"","heading_visibility":"","responsive_description":"","section_custom_css":"","custom_css_description":"","section_custom_css_pro":"","custom_css_pro":""},"elements":[{"id":"2999c979","settings":{"_column_size":50,"_inline_size":null,"section_style":"","box_shadow_box_shadow":{"horizontal":0,"vertical":0,"blur":10,"spread":0,"inset":"","color":"rgba(0,0,0,0.5)"},"section_typo":"","section_advanced":"","margin_tablet":{"unit":"px","top":"0","right":"0","bottom":"0","left":"0","isLinked":false},"padding":{"unit":"px","top":"0","right":"50","bottom":"0","left":"0","isLinked":false},"padding_tablet":{"unit":"px","top":"0","right":"25","bottom":"0","left":"0","isLinked":false},"padding_mobile":{"unit":"px","top":"0","right":"0","bottom":"0","left":"0","isLinked":false},"section_responsive":"","screen_sm":"default","screen_sm_width":"100","screen_xs":"default","screen_xs_width":"100","section_custom_css":"","custom_css_description":"","section_custom_css_pro":"","custom_css_pro":""},"elements":[{"id":"173941ab","settings":{"section_image":"","image":{"id":1034,"url":"http:\/\/localhost\/test\/wp-content\/uploads\/2018\/09\/5-1-7.png"},"title_text":"Fancy cakes","description_text":"","link":{"is_external":"","url":""},"position":"left","section_style_image":"","image_space":{"unit":"px","size":33},"image_size":{"unit":"%","size":"30"},"image_opacity":{"unit":"px","size":1},"section_style_content":"","text_align_tablet":"left","content_vertical_alignment":"middle","heading_title":"","title_color":"#f991b8","title_typography_typography":"custom","title_typography_font_size":{"unit":"px","size":"50"},"title_typography_font_size_tablet":{"unit":"px","size":"29"},"title_typography_font_family":"Alex Brush","title_typography_font_weight":"bold","title_typography_text_transform":"capitalize","title_typography_line_height":{"unit":"em","size":"1.2"},"title_typography_line_height_mobile":{"unit":"em","size":"0.5"},"heading_description":"","_section_style":"","_padding":{"unit":"px","top":"0","right":"0","bottom":"30","left":"0","isLinked":false},"_section_background":"","_box_shadow_box_shadow":{"horizontal":0,"vertical":0,"blur":10,"spread":0,"inset":"","color":"rgba(0,0,0,0.5)"},"_section_responsive":"","responsive_description":"","section_custom_css":"","custom_css_description":"","section_custom_css_pro":"","custom_css_pro":""},"elements":[],"isInner":false,"widgetType":"image-box","elType":"widget"},{"id":"2f28b57b","settings":{"section_list":"","price_list":[{"title":"Italian-Style Bakewell Tart","item_description":"Homemade buttermilk biscuits, sweet potato biscuits and cornbread. Served with homemade peach-pepper jelly and apple butter","price":"$18","link":{"url":"#","is_external":"","nofollow":""},"_id":"xlr90k3","image":{"url":"","id":""}},{"title":"Chocolate Truffle Chestnut Torte ","item_description":"Homemade Buttermilk biscuits, sweet potato biscuits and cornbread. Served with homemade peach-pepper jelly and apple butter","price":"$16.5","link":{"url":"#","is_external":"","nofollow":""},"_id":"5zovy9j","image":{"url":"","id":""}},{"title":"Chocolate & Salted Caramel Cake","item_description":"Homemade buttermilk biscuits, sweet potato biscuits and cornbread. Served with homemade peach-pepper jelly and apple butter","price":"$17.5","link":{"url":"#","is_external":"","nofollow":""},"_id":"wtmz1z4","image":{"url":"","id":""}},{"title":"Chocolate Battenberg","item_description":"Homemade buttermilk biscuits, sweet potato biscuits and cornbread. Served with homemade peach-pepper jelly and apple butter","price":"$19","link":{"url":"#","is_external":"","nofollow":""},"_id":"1hwm415","image":{"url":"","id":""}},{"title":"Cranberry Bakewell","item_description":"Homemade buttermilk biscuits, sweet potato biscuits and cornbread. Served with homemade peach-pepper jelly and apple butter","price":"$16","link":{"url":"#","is_external":"","nofollow":""},"_id":"xqjzijy","image":{"url":"","id":""}}],"section_list_style":"","heading__title":"","heading_color":"#555555","heading_typography_typography":"custom","heading_typography_font_size":{"unit":"px","size":"23"},"heading_typography_font_size_tablet":{"unit":"px","size":"16"},"heading_typography_font_family":"Vidaloka","heading_typography_font_weight":"normal","heading_item_description":"","heading_separator":"","separator_spacing":{"unit":"px","size":20},"section_image_style":"","section_item_style":"","row_gap":{"unit":"px","size":43},"_section_style":"","_section_background":"","_box_shadow_box_shadow":{"horizontal":0,"vertical":0,"blur":10,"spread":0,"inset":"","color":"rgba(0,0,0,0.5)"},"_section_responsive":"","responsive_description":"","section_custom_css":"","custom_css_description":"","section_custom_css_pro":"","custom_css_pro":""},"elements":[],"isInner":false,"widgetType":"price-list","elType":"widget"},{"id":"6f144a36","settings":{"section_spacer":"","space":{"unit":"px","size":"60"},"space_tablet":{"unit":"px","size":50},"space_mobile":{"unit":"px","size":50},"_section_style":"","_section_background":"","_box_shadow_box_shadow":{"horizontal":0,"vertical":0,"blur":10,"spread":0,"inset":"","color":"rgba(0,0,0,0.5)"},"_section_responsive":"","responsive_description":"","section_custom_css":"","custom_css_description":"","section_custom_css_pro":"","custom_css_pro":""},"elements":[],"isInner":false,"widgetType":"spacer","elType":"widget"},{"id":"2f67ec25","settings":{"section_image":"","image":{"id":1035,"url":"http:\/\/localhost\/test\/wp-content\/uploads\/2018\/09\/2-1-3.png"},"title_text":"Indulgence muffins","description_text":"","link":{"is_external":"","url":""},"position":"left","section_style_image":"","image_space":{"unit":"px","size":33},"image_opacity":{"unit":"px","size":1},"section_style_content":"","text_align_tablet":"left","content_vertical_alignment":"middle","heading_title":"","title_color":"#f991b8","title_typography_typography":"custom","title_typography_font_size":{"unit":"px","size":"50"},"title_typography_font_size_tablet":{"unit":"px","size":"29"},"title_typography_font_family":"Alex Brush","title_typography_font_weight":"bold","title_typography_text_transform":"capitalize","title_typography_line_height":{"unit":"em","size":"1.2"},"title_typography_line_height_mobile":{"unit":"em","size":"0.5"},"heading_description":"","_section_style":"","_padding":{"unit":"px","top":"0","right":"0","bottom":"30","left":"0","isLinked":false},"_section_background":"","_box_shadow_box_shadow":{"horizontal":0,"vertical":0,"blur":10,"spread":0,"inset":"","color":"rgba(0,0,0,0.5)"},"_section_responsive":"","responsive_description":"","section_custom_css":"","custom_css_description":"","section_custom_css_pro":"","custom_css_pro":""},"elements":[],"isInner":false,"widgetType":"image-box","elType":"widget"},{"id":"53935791","settings":{"section_list":"","price_list":[{"title":"Hot Cross Muffin","item_description":"Homemade buttermilk biscuits, sweet potato biscuits and cornbread. Served with homemade peach-pepper jelly and apple butter","price":"$4","link":{"url":"#","is_external":"","nofollow":""},"_id":"xlr90k3","image":{"url":"","id":""}},{"title":"Chocolate Truffle Chestnut Muffin","item_description":"Homemade buttermilk biscuits, sweet potato biscuits and cornbread. Served with homemade peach-pepper jelly and apple butter","price":"$5.5","link":{"url":"#","is_external":"","nofollow":""},"_id":"5zovy9j","image":{"url":"","id":""}},{"title":"Chocolate & Salted Caramel Muffin","item_description":"Homemade buttermilk biscuits, sweet potato biscuits and cornbread. Served with homemade peach-pepper jelly and apple butter","price":"$4.7","link":{"url":"#","is_external":"","nofollow":""},"_id":"1hwm415","image":{"url":"","id":""}}],"section_list_style":"","heading__title":"","heading_color":"#555555","heading_typography_typography":"custom","heading_typography_font_size":{"unit":"px","size":"23"},"heading_typography_font_size_tablet":{"unit":"px","size":"16"},"heading_typography_font_family":"Vidaloka","heading_typography_font_weight":"normal","heading_item_description":"","heading_separator":"","separator_spacing":{"unit":"px","size":20},"section_image_style":"","section_item_style":"","row_gap":{"unit":"px","size":43},"_section_style":"","_padding":{"unit":"px","top":"0","right":"0","bottom":"0","left":"0","isLinked":false},"_section_background":"","_box_shadow_box_shadow":{"horizontal":0,"vertical":0,"blur":10,"spread":0,"inset":"","color":"rgba(0,0,0,0.5)"},"_section_responsive":"","responsive_description":"","section_custom_css":"","custom_css_description":"","section_custom_css_pro":"","custom_css_pro":""},"elements":[],"isInner":false,"widgetType":"price-list","elType":"widget"},{"id":"632a1abd","settings":{"section_spacer":"","space_tablet":{"unit":"px","size":"50"},"space_mobile":{"unit":"px","size":50},"_section_style":"","_section_background":"","_box_shadow_box_shadow":{"horizontal":0,"vertical":0,"blur":10,"spread":0,"inset":"","color":"rgba(0,0,0,0.5)"},"_section_responsive":"","responsive_description":"","section_custom_css":"","custom_css_description":"","section_custom_css_pro":"","custom_css_pro":""},"elements":[],"isInner":false,"widgetType":"spacer","elType":"widget"},{"id":"6aa87f77","settings":{"section_image":"","image":{"id":1036,"url":"http:\/\/localhost\/test\/wp-content\/uploads\/2018\/09\/6-6.png"},"title_text":"Good old cookies","description_text":"","link":{"is_external":"","url":""},"position":"left","section_style_image":"","image_space":{"unit":"px","size":33},"image_opacity":{"unit":"px","size":1},"section_style_content":"","text_align_tablet":"left","content_vertical_alignment":"middle","heading_title":"","title_color":"#f991b8","title_typography_typography":"custom","title_typography_font_size":{"unit":"px","size":"50"},"title_typography_font_size_tablet":{"unit":"px","size":"35"},"title_typography_font_family":"Alex Brush","title_typography_font_weight":"bold","title_typography_line_height":{"unit":"em","size":"1.2"},"title_typography_line_height_mobile":{"unit":"em","size":"0.5"},"heading_description":"","_section_style":"","_padding":{"unit":"px","top":"0","right":"0","bottom":"30","left":"0","isLinked":false},"_section_background":"","_box_shadow_box_shadow":{"horizontal":0,"vertical":0,"blur":10,"spread":0,"inset":"","color":"rgba(0,0,0,0.5)"},"_section_responsive":"","responsive_description":"","section_custom_css":"","custom_css_description":"","section_custom_css_pro":"","custom_css_pro":""},"elements":[],"isInner":false,"widgetType":"image-box","elType":"widget"},{"id":"140b6218","settings":{"section_list":"","price_list":[{"title":"Chocolate Chip Cookies","item_description":"Homemade buttermilk biscuits, sweet potato biscuits and cornbread. Served with homemade peach-pepper jelly and apple butter","price":"$9.5","link":{"url":"#","is_external":"","nofollow":""},"_id":"xlr90k3","image":{"url":"","id":""}},{"title":"Print Devil's Double Choc Malt Cookies","item_description":"Homemade buttermilk biscuits, sweet potato biscuits and cornbread. Served with homemade peach-pepper jelly and apple butter","price":"$10","link":{"url":"#","is_external":"","nofollow":""},"_id":"5zovy9j","image":{"url":"","id":""}},{"title":"Chocolate Biscuits with Soft Chocolate Centers","item_description":"Homemade buttermilk biscuits, sweet potato biscuits and cornbread. Served with homemade peach-pepper jelly and apple butter","price":"$8.7","link":{"url":"#","is_external":"","nofollow":""},"_id":"1hwm415","image":{"url":"","id":""}}],"section_list_style":"","heading__title":"","heading_color":"#555555","heading_typography_typography":"custom","heading_typography_font_size":{"unit":"px","size":"23"},"heading_typography_font_size_tablet":{"unit":"px","size":"16"},"heading_typography_font_family":"Vidaloka","heading_typography_font_weight":"normal","heading_item_description":"","heading_separator":"","separator_spacing":{"unit":"px","size":20},"section_image_style":"","section_item_style":"","row_gap":{"unit":"px","size":43},"_section_style":"","_padding":{"unit":"px","top":"0","right":"0","bottom":"0","left":"0","isLinked":false},"_section_background":"","_box_shadow_box_shadow":{"horizontal":0,"vertical":0,"blur":10,"spread":0,"inset":"","color":"rgba(0,0,0,0.5)"},"_section_responsive":"","responsive_description":"","section_custom_css":"","custom_css_description":"","section_custom_css_pro":"","custom_css_pro":""},"elements":[],"isInner":false,"widgetType":"price-list","elType":"widget"}],"isInner":false,"elType":"column"},{"id":"2a55405f","settings":{"_column_size":50,"_inline_size":null,"section_style":"","box_shadow_box_shadow":{"horizontal":0,"vertical":0,"blur":10,"spread":0,"inset":"","color":"rgba(0,0,0,0.5)"},"section_typo":"","section_advanced":"","padding":{"unit":"px","top":"0","right":"0","bottom":"0","left":"50","isLinked":false},"padding_tablet":{"unit":"px","top":"0","right":"0","bottom":"0","left":"25","isLinked":false},"padding_mobile":{"unit":"px","top":"0","right":"0","bottom":"0","left":"0","isLinked":true},"section_responsive":"","screen_sm":"default","screen_sm_width":"100","screen_xs":"default","screen_xs_width":"100","section_custom_css":"","custom_css_description":"","section_custom_css_pro":"","custom_css_pro":""},"elements":[{"id":"ed26f0d","settings":{"section_image":"","image":{"id":1037,"url":"http:\/\/localhost\/test\/wp-content\/uploads\/2018\/09\/3-1-5.png"},"title_text":"Kick-ass cupcakes","description_text":"","link":{"is_external":"","url":""},"position":"left","section_style_image":"","image_space":{"unit":"px","size":33},"image_opacity":{"unit":"px","size":1},"section_style_content":"","text_align_tablet":"left","content_vertical_alignment":"middle","heading_title":"","title_color":"#f991b8","title_typography_typography":"custom","title_typography_font_size":{"unit":"px","size":"50"},"title_typography_font_size_tablet":{"unit":"px","size":"29"},"title_typography_font_family":"Alex Brush","title_typography_font_weight":"bold","title_typography_text_transform":"capitalize","title_typography_line_height":{"unit":"em","size":"1.2"},"title_typography_line_height_mobile":{"unit":"em","size":"0.5"},"heading_description":"","_section_style":"","_padding":{"unit":"px","top":"0","right":"0","bottom":"30","left":"0","isLinked":false},"_padding_mobile":{"unit":"px","top":"50","right":"0","bottom":"0","left":"0","isLinked":false},"_section_background":"","_box_shadow_box_shadow":{"horizontal":0,"vertical":0,"blur":10,"spread":0,"inset":"","color":"rgba(0,0,0,0.5)"},"_section_responsive":"","responsive_description":"","section_custom_css":"","custom_css_description":"","section_custom_css_pro":"","custom_css_pro":""},"elements":[],"isInner":false,"widgetType":"image-box","elType":"widget"},{"id":"60a8e0c","settings":{"section_list":"","price_list":[{"title":"Pumpkin Spice Cupcakes","item_description":"Homemade buttermilk biscuits, sweet potato biscuits and cornbread. Served with homemade peach-pepper jelly and apple butter","price":"$4.5","link":{"url":"#","is_external":"","nofollow":""},"_id":"xlr90k3","image":{"url":"","id":""}},{"title":"Vanilla Cupcakes & Marshmallow Frosting","item_description":"Homemade buttermilk biscuits, sweet potato biscuits and cornbread. Served with homemade peach-pepper jelly and apple butter","price":"$5.5","link":{"url":"#","is_external":"","nofollow":""},"_id":"5zovy9j","image":{"url":"","id":""}},{"title":"Chocolate Fudge Cupcakes","item_description":"Homemade buttermilk biscuits, sweet potato biscuits and cornbread. Served with homemade peach-pepper jelly and apple butter","price":"$5","link":{"url":"#","is_external":"","nofollow":""},"_id":"wtmz1z4","image":{"url":"","id":""}},{"title":"Gingerbread Cupcakes & Cream Cheese ","item_description":"Homemade buttermilk biscuits, sweet potato biscuits and cornbread. Served with homemade peach-pepper jelly and apple butter","price":"$4","link":{"url":"#","is_external":"","nofollow":""},"_id":"1hwm415","image":{"url":"","id":""}},{"title":"Apple Banana Cupcakes","item_description":"Homemade buttermilk biscuits, sweet potato biscuits and cornbread. Served with homemade peach-pepper jelly and apple butter","price":"$4.5","link":{"url":"#","is_external":"","nofollow":""},"_id":"xqjzijy","image":{"url":"","id":""}}],"section_list_style":"","heading__title":"","heading_color":"#555555","heading_typography_typography":"custom","heading_typography_font_size":{"unit":"px","size":"23"},"heading_typography_font_size_tablet":{"unit":"px","size":"16"},"heading_typography_font_family":"Vidaloka","heading_typography_font_weight":"normal","heading_item_description":"","heading_separator":"","separator_spacing":{"unit":"px","size":20},"section_image_style":"","section_item_style":"","row_gap":{"unit":"px","size":43},"_section_style":"","_section_background":"","_box_shadow_box_shadow":{"horizontal":0,"vertical":0,"blur":10,"spread":0,"inset":"","color":"rgba(0,0,0,0.5)"},"_section_responsive":"","responsive_description":"","section_custom_css":"","custom_css_description":"","section_custom_css_pro":"","custom_css_pro":""},"elements":[],"isInner":false,"widgetType":"price-list","elType":"widget"},{"id":"55e1f3b5","settings":{"section_spacer":"","space":{"unit":"px","size":"60"},"space_tablet":{"unit":"px","size":50},"space_mobile":{"unit":"px","size":50},"_section_style":"","_section_background":"","_box_shadow_box_shadow":{"horizontal":0,"vertical":0,"blur":10,"spread":0,"inset":"","color":"rgba(0,0,0,0.5)"},"_section_responsive":"","responsive_description":"","section_custom_css":"","custom_css_description":"","section_custom_css_pro":"","custom_css_pro":""},"elements":[],"isInner":false,"widgetType":"spacer","elType":"widget"},{"id":"5d94f212","settings":{"section_image":"","image":{"id":1038,"url":"http:\/\/localhost\/test\/wp-content\/uploads\/2018\/09\/4-1-3.png"},"title_text":"Feels like home","description_text":"","link":{"is_external":"","url":""},"position":"left","section_style_image":"","image_space":{"unit":"px","size":33},"image_opacity":{"unit":"px","size":1},"section_style_content":"","text_align_tablet":"left","content_vertical_alignment":"middle","heading_title":"","title_bottom_space_tablet":{"unit":"px","size":"35"},"title_color":"#f991b8","title_typography_typography":"custom","title_typography_font_size":{"unit":"px","size":"50"},"title_typography_font_size_tablet":{"unit":"px","size":"29"},"title_typography_font_family":"Alex Brush","title_typography_font_weight":"bold","title_typography_text_transform":"capitalize","title_typography_line_height":{"unit":"em","size":"1.2"},"title_typography_line_height_mobile":{"unit":"em","size":"0.5"},"heading_description":"","_section_style":"","_padding":{"unit":"px","top":"0","right":"0","bottom":"30","left":"0","isLinked":false},"_section_background":"","_box_shadow_box_shadow":{"horizontal":0,"vertical":0,"blur":10,"spread":0,"inset":"","color":"rgba(0,0,0,0.5)"},"_section_responsive":"","responsive_description":"","section_custom_css":"","custom_css_description":"","section_custom_css_pro":"","custom_css_pro":""},"elements":[],"isInner":false,"widgetType":"image-box","elType":"widget"},{"id":"4c63c69b","settings":{"section_list":"","price_list":[{"title":"Soaked Pistachio & Citrus Cake","item_description":"Homemade buttermilk biscuits, sweet potato biscuits and cornbread. Served with homemade peach-pepper jelly and apple butter","price":"$12","link":{"url":"#","is_external":"","nofollow":""},"_id":"xlr90k3","image":{"url":"","id":""}},{"title":"Chocolate Guinness Cake","item_description":"Homemade buttermilk biscuits, sweet potato biscuits and cornbread. Served with homemade peach-pepper jelly and apple butter","price":"$13","link":{"url":"#","is_external":"","nofollow":""},"_id":"5zovy9j","image":{"url":"","id":""}},{"title":"Pineapple & Coconut Cake","item_description":"Homemade buttermilk biscuits, sweet potato biscuits and cornbread. Served with homemade peach-pepper jelly and apple butter","price":"$11","link":{"url":"#","is_external":"","nofollow":""},"_id":"1hwm415","image":{"url":"","id":""}},{"title":"Ultimate Chocolate & Raspberry Tart","item_description":"Homemade buttermilk biscuits, sweet potato biscuits and cornbread. Served with homemade peach-pepper jelly and apple butter","price":"$13","link":{"url":"#","is_external":"","nofollow":""},"_id":"ia1fxl4","image":{"url":"","id":""}},{"title":"Hazelnut Honey Cake","item_description":"Homemade buttermilk biscuits, sweet potato biscuits and cornbread. Served with homemade peach-pepper jelly and apple butter","price":"$13","link":{"url":"#","is_external":"","nofollow":""},"_id":"f7wnsuf","image":{"url":"","id":""}},{"title":"Pistachio, Yoghurt & Elderflower Cake","item_description":"Homemade buttermilk biscuits, sweet potato biscuits and cornbread. Served with homemade peach-pepper jelly and apple butter","price":"$12.5","link":{"url":"#","is_external":"","nofollow":""},"_id":"rf344lj","image":{"url":"","id":""}}],"section_list_style":"","heading__title":"","heading_color":"#555555","heading_typography_typography":"custom","heading_typography_font_size":{"unit":"px","size":"23"},"heading_typography_font_size_tablet":{"unit":"px","size":"16"},"heading_typography_font_family":"Vidaloka","heading_typography_font_weight":"normal","heading_item_description":"","heading_separator":"","separator_spacing":{"unit":"px","size":20},"section_image_style":"","section_item_style":"","row_gap":{"unit":"px","size":43},"_section_style":"","_padding":{"unit":"px","top":"0","right":"0","bottom":"0","left":"0","isLinked":false},"_section_background":"","_box_shadow_box_shadow":{"horizontal":0,"vertical":0,"blur":10,"spread":0,"inset":"","color":"rgba(0,0,0,0.5)"},"_section_responsive":"","responsive_description":"","section_custom_css":"","custom_css_description":"","section_custom_css_pro":"","custom_css_pro":""},"elements":[],"isInner":false,"widgetType":"price-list","elType":"widget"}],"isInner":false,"elType":"column"}],"isInner":false,"elType":"section"}]}