{"version":"0.4","title":"4041","type":"page","content":[{"id":"717eb308","settings":{"custom_height":{"unit":"vh","size":100},"content_position":"middle","background_background":"classic","background_color":"#ffffff","content_width":{"unit":"px","size":700},"height":"min-height","custom_height_mobile":{"unit":"vh","size":100},"padding_tablet":{"unit":"px","top":"0","right":"0","bottom":"0","left":"0","isLinked":false},"padding_mobile":{"unit":"px","top":"15","right":"15","bottom":"15","left":"15","isLinked":true}},"elements":[{"id":"3888343b","settings":{"_column_size":100,"_inline_size":null},"elements":[{"id":"638baef2","settings":{"title":"404","header_size":"p","align":"center","title_color":"#e2e2e2","typography_typography":"custom","typography_font_size":{"unit":"px","size":299},"typography_font_weight":"bold","typography_font_size_mobile":{"unit":"px","size":160}},"elements":[],"isInner":false,"widgetType":"heading","elType":"widget"},{"id":"1e91317","settings":{"title":"Oops! That page can't be found","header_size":"h3","title_color":"#000000","typography_typography":"custom","typography_font_size":{"unit":"px","size":31},"align":"center","typography_font_weight":"bold","typography_text_transform":"uppercase","_margin":{"unit":"px","top":"-200","right":"0","bottom":"200","left":"0","isLinked":false},"_margin_mobile":{"unit":"px","top":"-130","right":"0","bottom":"100","left":"0","isLinked":false},"typography_font_size_mobile":{"unit":"px","size":30}},"elements":[],"isInner":false,"widgetType":"heading","elType":"widget"},{"id":"218a597d","settings":{"title":"You can navigate through our menu or use this search bar:","header_size":"p","title_color":"#8c8c8c","typography_typography":"custom","typography_font_size":{"unit":"px","size":15},"typography_font_weight":"normal","align":"center","typography_font_size_mobile":{"unit":"px","size":16},"typography_line_height_mobile":{"unit":"px","size":25}},"elements":[],"isInner":false,"widgetType":"heading","elType":"widget"},{"id":"708d99bd","settings":{"placeholder":"Search...","button_text":"Search","border_radius":{"unit":"px","size":0},"_padding":{"unit":"px","top":"0","right":"90","bottom":"0","left":"90","isLinked":false},"skin":"minimal","input_background_color":"#ffffff","input_border_color":"#474747","button_border_width":{"unit":"px","top":"1","right":"1","bottom":"1","left":"1","isLinked":true},"_padding_mobile":{"unit":"px","top":"0","right":"0","bottom":"0","left":"0","isLinked":true}},"elements":[],"isInner":false,"widgetType":"search-form","elType":"widget"}],"isInner":false,"elType":"column"}],"isInner":false,"elType":"section"}]}