{"version":"0.4","title":"4042-page","type":"page","content":[{"id":"573520c8","settings":{"gap":"wider","height":"min-height","custom_height":{"unit":"vh","size":90},"content_position":"middle","background_background":"classic","background_image":{"id":1536,"url":"http:\/\/localhost\/test\/wp-content\/uploads\/2018\/09\/andrea-bertozzini-633979-unsplash.jpg"},"background_size":"cover","background_overlay_background":"classic","background_overlay_color":"#000000","custom_height_mobile":{"unit":"vh","size":90}},"elements":[{"id":"20404d79","settings":{"_column_size":100,"_inline_size":null,"padding_mobile":{"unit":"px","top":"15","right":"15","bottom":"15","left":"15","isLinked":true}},"elements":[{"id":"18617af1","settings":{"title":"404","header_size":"p","title_color":"#ffffff","typography_typography":"custom","typography_font_size":{"unit":"px","size":249},"typography_line_height":{"unit":"px","size":180},"align_mobile":"center","typography_font_size_mobile":{"unit":"px","size":150}},"elements":[],"isInner":false,"widgetType":"heading","elType":"widget"},{"id":"7afa3c70","settings":{"title":"Oops! Page not found","header_size":"h3","title_color":"#ffffff","typography_typography":"custom","typography_font_size":{"unit":"px","size":37},"typography_text_transform":"uppercase","typography_font_weight":"500","align_mobile":"center","typography_font_size_mobile":{"unit":"px","size":22}},"elements":[],"isInner":false,"widgetType":"heading","elType":"widget"},{"id":"57142e6b","settings":{"text":"Go back to Homepage","size":"lg","typography_typography":"custom","typography_text_transform":"uppercase","border_radius":{"unit":"px","top":"0","right":"0","bottom":"0","left":"0","isLinked":true},"_margin":{"unit":"px","top":"70","right":"0","bottom":"0","left":"0","isLinked":false},"typography_letter_spacing":{"unit":"px","size":2.1},"icon_indent":{"unit":"px","size":16},"align_mobile":"center","typography_font_size_mobile":{"unit":"px","size":14}},"elements":[],"isInner":false,"widgetType":"button","elType":"widget"}],"isInner":false,"elType":"column"}],"isInner":false,"elType":"section"}]}