{"version":"0.4","title":"4043-page","type":"page","content":[{"id":"7221c8e3","settings":{"custom_height":{"unit":"px","size":600},"content_position":"middle","structure":"20","background_background":"classic","background_color":"#ffffff","padding":{"unit":"px","top":"120","right":"0","bottom":"120","left":"0","isLinked":false},"gap":"no","padding_tablet":{"unit":"px","top":"0","right":"25","bottom":"0","left":"25","isLinked":false},"padding_mobile":{"unit":"px","top":"0","right":"15","bottom":"0","left":"15","isLinked":false}},"elements":[{"id":"55576bfd","settings":{"_column_size":50,"_inline_size":55,"_inline_size_tablet":100,"margin_tablet":{"unit":"px","top":"0","right":"0","bottom":"50","left":"0","isLinked":false}},"elements":[{"id":"3f39c825","settings":{"title":"404","header_size":"p","align":"center","title_color":"#cecece","typography_typography":"custom","typography_font_size":{"unit":"px","size":249},"typography_font_weight":"bold","align_tablet":"left","typography_font_size_tablet":{"unit":"px","size":170},"typography_font_size_mobile":{"unit":"px","size":115}},"elements":[],"isInner":false,"widgetType":"heading","elType":"widget"}],"isInner":false,"elType":"column"},{"id":"7fc26df9","settings":{"_column_size":50,"_inline_size":45,"_inline_size_tablet":100},"elements":[{"id":"79bacf07","settings":{"title":"Ooooops! The page you were looking for couldn't be found","header_size":"h3","title_color":"#000000","typography_typography":"custom","typography_font_size":{"unit":"px","size":26},"align_tablet":"left","typography_font_size_mobile":{"unit":"px","size":24},"typography_line_height":{"unit":"em","size":1.4},"typography_line_height_mobile":{"unit":"px","size":28}},"elements":[],"isInner":false,"widgetType":"heading","elType":"widget"},{"id":"325751c9","settings":{"title":"You can navigate through our menu or use this search bar:","header_size":"p","title_color":"#8c8c8c","typography_typography":"custom","typography_font_size":{"unit":"px","size":15},"typography_font_weight":"normal","align_tablet":"left","typography_font_size_mobile":{"unit":"px","size":16},"typography_line_height_mobile":{"unit":"px","size":21}},"elements":[],"isInner":false,"widgetType":"heading","elType":"widget"},{"id":"3f8589a2","settings":{"weight":{"unit":"px","size":3},"color":"#e8e8e8","width":{"unit":"px","size":60},"gap":{"unit":"px","size":20},"align_tablet":"center"},"elements":[],"isInner":false,"widgetType":"divider","elType":"widget"},{"id":"1aa67038","settings":{"placeholder":"Search...","button_text":"Search","border_radius":{"unit":"px","size":0},"button_type":"text","input_background_color":"#ededed","input_border_color":"#7a7a7a","button_typography_typography":"custom","button_typography_text_transform":"uppercase","button_typography_letter_spacing":{"unit":"px","size":2},"button_background_color":"#61ce70","button_width":{"unit":"px","size":2.9},"button_width_mobile":{"unit":"px","size":2.2}},"elements":[],"isInner":false,"widgetType":"search-form","elType":"widget"},{"id":"523eef02","settings":{"gap":"no","structure":"30","margin":{"unit":"px","top":"80","right":0,"bottom":"0","left":0,"isLinked":false},"margin_tablet":{"unit":"px","top":"40","right":0,"bottom":"0","left":0,"isLinked":false},"margin_mobile":{"unit":"px","top":"40","right":0,"bottom":"0","left":0,"isLinked":false}},"elements":[{"id":"3957154f","settings":{"_column_size":33,"_inline_size":null,"_inline_size_mobile":34},"elements":[{"id":"63157bf4","settings":{"icon_list":[{"text":"Home Page","icon":"fa fa-angle-right","_id":"f9100b7","link":{"url":"","is_external":"","nofollow":""}},{"text":"Services","icon":"fa fa-angle-right","_id":"6e554ae","link":{"url":"","is_external":"","nofollow":""}},{"text":"Contact Us","icon":"fa fa-angle-right","_id":"123a835","link":{"url":"","is_external":"","nofollow":""}}],"space_between":{"unit":"px","size":12},"icon_color":"#686868","text_indent":{"unit":"px","size":10},"icon_typography_typography":"custom","icon_typography_font_size":{"unit":"px","size":15},"icon_align_tablet":"left"},"elements":[],"isInner":false,"widgetType":"icon-list","elType":"widget"}],"isInner":true,"elType":"column"},{"id":"65163da4","settings":{"_column_size":33,"_inline_size":null,"_inline_size_mobile":34},"elements":[{"id":"1225487","settings":{"icon_list":[{"text":"Pricing","icon":"fa fa-angle-right","_id":"ab3227e","link":{"url":"","is_external":"","nofollow":""}},{"text":"Support","icon":"fa fa-angle-right","_id":"0816417","link":{"url":"","is_external":"","nofollow":""}},{"text":"Forums","icon":"fa fa-angle-right","_id":"d8c317a","link":{"url":"","is_external":"","nofollow":""}}],"space_between":{"unit":"px","size":12},"icon_color":"#686868","text_indent":{"unit":"px","size":10},"icon_typography_typography":"custom","icon_typography_font_size":{"unit":"px","size":15},"icon_align_tablet":"left"},"elements":[],"isInner":false,"widgetType":"icon-list","elType":"widget"}],"isInner":true,"elType":"column"},{"id":"6724e3e8","settings":{"_column_size":33,"_inline_size":null,"_inline_size_mobile":32},"elements":[{"id":"4f094734","settings":{"icon_list":[{"text":"FAQs","icon":"fa fa-angle-right","_id":"ab3227e","link":{"url":"","is_external":"","nofollow":""}},{"text":"About","icon":"fa fa-angle-right","_id":"0816417","link":{"url":"","is_external":"","nofollow":""}},{"text":"Blog","icon":"fa fa-angle-right","_id":"d8c317a","link":{"url":"","is_external":"","nofollow":""}}],"space_between":{"unit":"px","size":12},"icon_color":"#686868","text_indent":{"unit":"px","size":10},"icon_typography_typography":"custom","icon_typography_font_size":{"unit":"px","size":15}},"elements":[],"isInner":false,"widgetType":"icon-list","elType":"widget"}],"isInner":true,"elType":"column"}],"isInner":true,"elType":"section"}],"isInner":false,"elType":"column"}],"isInner":false,"elType":"section"}]}