{"version":"0.4","title":"4045-page","type":"page","content":[{"id":"315331ed","settings":{"gap":"wider","height":"min-height","custom_height":{"unit":"px","size":600},"content_position":"middle","structure":"20","background_background":"classic","background_color":"#ffffff"},"elements":[{"id":"1a90b12c","settings":{"_column_size":50,"_inline_size":57.368,"_inline_size_tablet":100},"elements":[{"id":"7637c885","settings":{"title":"404","header_size":"p","align":"center","title_color":"#000000","typography_typography":"custom","typography_font_size":{"unit":"px","size":249},"typography_font_weight":"bold","align_tablet":"left","align_mobile":"center","typography_font_size_tablet":{"unit":"px","size":200},"typography_font_size_mobile":{"unit":"px","size":174}},"elements":[],"isInner":false,"widgetType":"heading","elType":"widget"}],"isInner":false,"elType":"column"},{"id":"7dabb610","settings":{"_column_size":50,"_inline_size":42.632,"_inline_size_tablet":100},"elements":[{"id":"609ae1b2","settings":{"title":"Ooops.","title_color":"#000000","typography_typography":"custom","typography_font_size":{"unit":"px","size":53},"align_mobile":"center","typography_font_size_tablet":{"unit":"px","size":60}},"elements":[],"isInner":false,"widgetType":"heading","elType":"widget"},{"id":"1741b04a","settings":{"title":"The page you were looking for couldn't be found.","header_size":"h3","title_color":"#000000","typography_typography":"custom","typography_font_size":{"unit":"px","size":26},"align_mobile":"center","typography_line_height":{"unit":"em","size":1.3}},"elements":[],"isInner":false,"widgetType":"heading","elType":"widget"},{"id":"23426739","settings":{"weight":{"unit":"px","size":3},"color":"#e8e8e8","width":{"unit":"px","size":60},"gap":{"unit":"px","size":20},"align_mobile":"center","gap_mobile":{"unit":"px","size":10}},"elements":[],"isInner":false,"widgetType":"divider","elType":"widget"},{"id":"25cbdc72","settings":{"title":"You can navigate through our menu or use this search bar:","header_size":"p","title_color":"#8c8c8c","typography_typography":"custom","typography_font_size":{"unit":"px","size":15},"typography_font_weight":"normal","align_mobile":"center","typography_font_size_mobile":{"unit":"px","size":16},"typography_line_height_mobile":{"unit":"px","size":21}},"elements":[],"isInner":false,"widgetType":"heading","elType":"widget"},{"id":"118d2ca4","settings":{"placeholder":"Search...","button_text":"Search","border_radius":{"unit":"px","size":0},"_padding":{"unit":"px","top":"0","right":"120","bottom":"0","left":"0","isLinked":false},"_padding_mobile":{"unit":"px","top":"0","right":"0","bottom":"0","left":"0","isLinked":true}},"elements":[],"isInner":false,"widgetType":"search-form","elType":"widget"}],"isInner":false,"elType":"column"}],"isInner":false,"elType":"section"}]}