{"version":"0.4","title":"Archives9-page","type":"page","content":[{"id":"15f792d3","settings":{"height":"min-height","custom_height":{"unit":"px","size":120},"content_position":"middle","structure":"20","background_background":"classic","background_color":"#eeeeee"},"elements":[{"id":"45835598","settings":{"_column_size":50,"_inline_size":null},"elements":[{"id":"6ee7ae7d","settings":{"title":"Design Blog","header_size":"h1","align":"left","title_color":"#000000","typography_typography":"custom","typography_font_size":{"unit":"px","size":40},"typography_font_weight":"900","typography_text_transform":"uppercase","__dynamic__":{"title":"[elementor-tag id=\"cbff8e5\" name=\"archive-title\" settings=\"%7B%22fallback%22%3A%22Archive%22%7D\"]"},"align_mobile":"center"},"elements":[],"isInner":false,"widgetType":"heading","elType":"widget"}],"isInner":false,"elType":"column"},{"id":"6a159279","settings":{"_column_size":50,"_inline_size":null},"elements":[],"isInner":false,"elType":"column"}],"isInner":false,"elType":"section"},{"id":"7f7f5ead","settings":{"gap":"no","content_position":"top","padding":{"unit":"px","top":"0","right":"0","bottom":"0","left":"0","isLinked":false},"margin":{"unit":"px","top":"40","right":0,"bottom":"40","left":0,"isLinked":false},"padding_mobile":{"unit":"px","top":"20","right":"20","bottom":"20","left":"20","isLinked":true},"padding_tablet":{"unit":"px","top":"20","right":"20","bottom":"20","left":"20","isLinked":true}},"elements":[{"id":"2443769c","settings":{"_column_size":100,"_inline_size":null},"elements":[{"id":"6c14f30d","settings":{"pagination_page_limit":"5","pagination_prev_label":"&laquo; Previous","pagination_next_label":"Next &raquo;","nothing_found_message":"It seems we can't find what you're looking for.","archive_classic_meta_separator":"\/\/\/","archive_classic_read_more_text":"Read More \u00bb","archive_cards_meta_separator":"\u2022","archive_cards_read_more_text":"Read More \u00bb","_skin":"archive_cards","archive_classic_columns":"1","archive_cards_item_ratio":{"unit":"px","size":0.5},"archive_cards_show_avatar":""},"elements":[],"isInner":false,"widgetType":"archive-posts","elType":"widget"}],"isInner":false,"elType":"column"}],"isInner":false,"elType":"section"}]}