{"version":"0.4","title":"Archives8-page","type":"page","content":[{"id":"1f940426","settings":{"height":"min-height","custom_height":{"unit":"px","size":120},"content_position":"middle","structure":"20","background_background":"classic","background_color":"#eeeeee"},"elements":[{"id":"1a7b721","settings":{"_column_size":50,"_inline_size":null},"elements":[{"id":"11a86988","settings":{"title":"Design Blog","header_size":"h1","align":"left","title_color":"#000000","typography_typography":"custom","typography_font_size":{"unit":"px","size":40},"typography_font_weight":"900","typography_text_transform":"uppercase","__dynamic__":{"title":"[elementor-tag id=\"cbff8e5\" name=\"archive-title\" settings=\"%7B%22fallback%22%3A%22Archive%22%7D\"]"},"align_mobile":"center"},"elements":[],"isInner":false,"widgetType":"heading","elType":"widget"}],"isInner":false,"elType":"column"},{"id":"433eb0ae","settings":{"_column_size":50,"_inline_size":null},"elements":[],"isInner":false,"elType":"column"}],"isInner":false,"elType":"section"},{"id":"28399191","settings":{"gap":"no","content_position":"top","padding":{"unit":"px","top":"0","right":"0","bottom":"0","left":"0","isLinked":false},"structure":"22","margin":{"unit":"px","top":"40","right":0,"bottom":"40","left":0,"isLinked":false},"padding_mobile":{"unit":"px","top":"20","right":"20","bottom":"20","left":"20","isLinked":true},"padding_tablet":{"unit":"px","top":"20","right":"20","bottom":"20","left":"20","isLinked":true}},"elements":[{"id":"5ea57652","settings":{"_column_size":66,"_inline_size":null},"elements":[{"id":"7b5d746a","settings":{"pagination_page_limit":"5","pagination_prev_label":"&laquo; Previous","pagination_next_label":"Next &raquo;","nothing_found_message":"It seems we can't find what you're looking for.","archive_classic_meta_separator":"\/\/\/","archive_classic_read_more_text":"Read More \u00bb","archive_cards_meta_separator":"\u2022","archive_cards_read_more_text":"Read More \u00bb","_skin":"archive_cards","archive_classic_columns":"1","archive_cards_columns":"1","archive_cards_item_ratio":{"unit":"px","size":0.5},"archive_cards_show_avatar":"","archive_cards_columns_tablet":"1","archive_cards_card_padding":{"unit":"px","size":20}},"elements":[],"isInner":false,"widgetType":"archive-posts","elType":"widget"}],"isInner":false,"elType":"column"},{"id":"2a5e90d7","settings":{"_column_size":33,"_inline_size":null,"background_background":"classic","background_color":"#eeeeee","margin":{"unit":"px","top":"0","right":"0","bottom":"0","left":"40","isLinked":false},"margin_mobile":{"unit":"px","top":"20","right":"0","bottom":"0","left":"0","isLinked":false},"padding":{"unit":"px","top":"30","right":"30","bottom":"30","left":"30","isLinked":true},"margin_tablet":{"unit":"px","top":"0","right":"0","bottom":"0","left":"30","isLinked":false},"padding_mobile":{"unit":"px","top":"20","right":"20","bottom":"20","left":"20","isLinked":true}},"elements":[{"id":"603a6148","settings":{"share_buttons":[{"button":"facebook","_id":"8bdd5b9","text":""},{"button":"google","_id":"4d6b754","text":""},{"button":"twitter","_id":"a4e9cd6","text":""},{"button":"linkedin","_id":"77cb693","text":""},{"button":"whatsapp","_id":"9581433","text":""}],"view":"icon","alignment":"left","columns_tablet":"3","columns_mobile":"5"},"elements":[],"isInner":false,"widgetType":"share-buttons","elType":"widget"},{"id":"3a85075b","settings":{"title":"Most Popular:","title_color":"#000000","_margin":{"unit":"px","top":"60","right":"0","bottom":"0","left":"0","isLinked":false},"typography_typography":"custom","typography_font_size_tablet":{"unit":"px","size":20}},"elements":[],"isInner":false,"widgetType":"heading","elType":"widget"},{"id":"586b696c","settings":{"classic_columns":"1","classic_posts_per_page":5,"classic_thumbnail":"none","classic_item_ratio":{"unit":"px","size":0.67},"classic_show_excerpt":"","classic_meta_data":[],"classic_meta_separator":"\/\/\/","classic_read_more_text":"Read More \u00bb","cards_meta_separator":"\u2022","cards_read_more_text":"Read More \u00bb","offset":"","classic_title_typography_typography":"custom","classic_title_typography_font_weight":"200","classic_title_spacing":{"unit":"px","size":13},"pagination_page_limit":"5","pagination_prev_label":"&laquo; Previous","pagination_next_label":"Next &raquo;","_margin":{"unit":"px","top":"0","right":"0","bottom":"0","left":"0","isLinked":false},"classic_columns_tablet":"1"},"elements":[],"isInner":false,"widgetType":"posts","elType":"widget"}],"isInner":false,"elType":"column"}],"isInner":false,"elType":"section"}]}