{"version":"0.4","title":"Contact6","type":"page","content":[{"id":"1da463ad","settings":{"gap":"no","height":"min-height","custom_height":{"unit":"px","size":701},"content_position":"middle","padding_tablet":{"unit":"px","top":"100","right":"25","bottom":"100","left":"25","isLinked":false},"padding_mobile":{"unit":"px","top":"50","right":"20","bottom":"50","left":"20","isLinked":false}},"elements":[{"id":"4e717295","settings":{"_column_size":100},"elements":[{"id":"608cab6f","settings":{"title":"Contact","title_color":"#000000","typography_typography":"custom","typography_font_size":{"unit":"px","size":65},"typography_font_weight":"900","align":"center","align_mobile":"center","typography_font_size_mobile":{"unit":"px","size":45},"typography_font_size_tablet":{"unit":"px","size":45}},"elements":[],"isInner":false,"widgetType":"heading","elType":"widget"},{"id":"f06efb3","settings":{"gap":"no","content_position":"middle","structure":"30","padding":{"unit":"px","top":"35","right":"0","bottom":"0","left":"0","isLinked":false}},"elements":[{"id":"484526e","settings":{"_column_size":33,"_inline_size":null,"padding_tablet":{"unit":"px","top":"0","right":"0","bottom":"0","left":"0","isLinked":false},"padding_mobile":{"unit":"px","top":"0","right":"0","bottom":"35","left":"0","isLinked":false},"_inline_size_tablet":100},"elements":[{"id":"4d480fb0","settings":{"title":"Phone: + 1 800 755 60 20\n","header_size":"h6","title_color":"#000000","typography_typography":"custom","typography_font_size":{"unit":"px","size":16},"typography_font_weight":"600","align_tablet":"center"},"elements":[],"isInner":false,"widgetType":"heading","elType":"widget"},{"id":"320c6d31","settings":{"title":"Email: contacts@company.com","header_size":"h6","title_color":"#000000","typography_typography":"custom","typography_font_size":{"unit":"px","size":16},"typography_font_weight":"600","align_tablet":"center"},"elements":[],"isInner":false,"widgetType":"heading","elType":"widget"},{"id":"283c64b7","settings":{"title":"Fax: fax@company.com","header_size":"h6","title_color":"#000000","typography_typography":"custom","typography_font_size":{"unit":"px","size":16},"typography_font_weight":"600","align_tablet":"center"},"elements":[],"isInner":false,"widgetType":"heading","elType":"widget"}],"isInner":true,"elType":"column"},{"id":"71d3f454","settings":{"_column_size":33,"_inline_size":null,"_inline_size_tablet":100,"padding_tablet":{"unit":"px","top":"50","right":"50","bottom":"50","left":"50","isLinked":true},"padding_mobile":{"unit":"px","top":"30","right":"0","bottom":"30","left":"0","isLinked":false}},"elements":[{"id":"4ad22bfe","settings":{"form_name":"New Form","form_fields":[{"_id":"name","field_type":"text","field_label":"Name","placeholder":"Name","width":"100","field_value":"","required":"","file_sizes":"","file_types":"","allow_multiple_upload":"","max_files":"","acceptance_text":"","checked_by_default":"","field_min":"","field_max":"","min_date":"","max_date":"","use_native_date":"","use_native_time":"","field_options":"","allow_multiple":"","select_size":"","inline_list":"","field_html":"","width_tablet":"","width_mobile":"","rows":4,"recaptcha_size":"normal","recaptcha_style":"light","css_classes":""},{"_id":"email","field_type":"email","required":"true","field_label":"Email","placeholder":"Email","width":"100","field_value":"","file_sizes":"","file_types":"","allow_multiple_upload":"","max_files":"","acceptance_text":"","checked_by_default":"","field_min":"","field_max":"","min_date":"","max_date":"","use_native_date":"","use_native_time":"","field_options":"","allow_multiple":"","select_size":"","inline_list":"","field_html":"","width_tablet":"","width_mobile":"","rows":4,"recaptcha_size":"normal","recaptcha_style":"light","css_classes":""},{"_id":"message","field_type":"textarea","field_label":"Message","placeholder":"Message","width":"100","field_value":"","required":"","file_sizes":"","file_types":"","allow_multiple_upload":"","max_files":"","acceptance_text":"","checked_by_default":"","field_min":"","field_max":"","min_date":"","max_date":"","use_native_date":"","use_native_time":"","field_options":"","allow_multiple":"","select_size":"","inline_list":"","field_html":"","width_tablet":"","width_mobile":"","rows":4,"recaptcha_size":"normal","recaptcha_style":"light","css_classes":""}],"show_labels":"","button_text":"Send Message","email_content":"[all-fields]","email_content_2":"[all-fields]","success_message":"The form was sent successfully!","error_message":"Please fill in the required fields.","required_field_message":"Required","invalid_message":"There's something wrong. The form is invalid.","column_gap":{"unit":"px","size":11},"row_gap":{"unit":"px","size":22},"field_text_color":"#000000","field_typography_typography":"custom","field_typography_font_size":{"unit":"px","size":16},"field_typography_font_weight":"400","field_border_color":"rgba(0,0,0,0.15)","field_border_radius":{"unit":"px","top":"0","right":"0","bottom":"0","left":"0","isLinked":true},"button_typography_typography":"custom","button_typography_font_size":{"unit":"px","size":15},"button_typography_font_weight":"600","button_typography_text_transform":"uppercase","button_background_color":"#000000","button_border_radius":{"unit":"px","top":"0","right":"0","bottom":"0","left":"0","isLinked":true},"button_text_padding":{"unit":"px","top":"15","right":"35","bottom":"15","left":"35","isLinked":false},"button_background_hover_color":"#00ce1b","button_hover_animation":"grow"},"elements":[],"isInner":false,"widgetType":"form","elType":"widget"}],"isInner":true,"elType":"column"},{"id":"2e5ca9bd","settings":{"_column_size":33,"_inline_size":null,"padding":{"unit":"px","top":"0","right":"0","bottom":"0","left":"35","isLinked":false},"padding_tablet":{"unit":"px","top":"0","right":"0","bottom":"0","left":"0","isLinked":false},"padding_mobile":{"unit":"px","top":"35","right":"0","bottom":"0","left":"0","isLinked":false},"_inline_size_tablet":100},"elements":[{"id":"272f1cd6","settings":{"title":"254 Walt Whitman Road \nBrooklyn","header_size":"h6","title_color":"#000000","typography_typography":"custom","typography_font_size":{"unit":"px","size":16},"typography_font_weight":"400","align":"right","typography_line_height":{"unit":"em","size":1.6},"align_mobile":"center","typography_line_height_tablet":{"unit":"px","size":20},"align_tablet":"center"},"elements":[],"isInner":false,"widgetType":"heading","elType":"widget"},{"id":"72105634","settings":{"title":"MON-FRI 09:00 - 19:00, SAT-SUN 10:00 - 14:00","header_size":"h6","title_color":"#bfbfbf","typography_typography":"custom","typography_font_size":{"unit":"px","size":15},"typography_font_weight":"300","_margin":{"unit":"px","top":"-12","right":"0","bottom":"0","left":"0","isLinked":false},"align":"right","align_mobile":"center","typography_line_height_tablet":{"unit":"px","size":18},"_padding_tablet":{"unit":"px","top":"10","right":"0","bottom":"0","left":"0","isLinked":false},"align_tablet":"center"},"elements":[],"isInner":false,"widgetType":"heading","elType":"widget"},{"id":"45bb05ea","settings":{"social_icon_list":[{"social":"fa fa-facebook","_id":"2d0da0c","link":{"url":"","is_external":"true","nofollow":""}},{"social":"fa fa-twitter","_id":"914746e","link":{"url":"","is_external":"true","nofollow":""}},{"social":"fa fa-google-plus","_id":"8a28a95","link":{"url":"","is_external":"true","nofollow":""}},{"social":"fa fa-youtube","link":{"url":"","is_external":"true","nofollow":""},"_id":"6035fd3"},{"social":"fa fa-github","link":{"url":"","is_external":"true","nofollow":""},"_id":"12d4271"}],"align":"right","icon_color":"custom","icon_primary_color":"rgba(0,0,0,0)","icon_secondary_color":"#000000","icon_size":{"unit":"px","size":16},"icon_spacing":{"unit":"px","size":20},"hover_secondary_color":"#00ce1b","hover_animation":"grow","_padding":{"unit":"px","top":"25","right":"0","bottom":"0","left":"0","isLinked":false},"align_mobile":"center","align_tablet":"center"},"elements":[],"isInner":false,"widgetType":"social-icons","elType":"widget"}],"isInner":true,"elType":"column"}],"isInner":true,"elType":"section"}],"isInner":false,"elType":"column"}],"isInner":false,"elType":"section"}]}