{"version":"0.4","title":"Contact1","type":"page","content":[{"id":"13ac2ac8","settings":{"gap":"no","custom_height":{"unit":"px","size":""},"content_position":"middle","structure":"20","padding":{"unit":"px","top":"100","right":"0","bottom":"100","left":"0","isLinked":false},"padding_tablet":{"unit":"px","top":"100","right":"25","bottom":"100","left":"25","isLinked":false},"padding_mobile":{"unit":"px","top":"50","right":"20","bottom":"50","left":"20","isLinked":false}},"elements":[{"id":"62316a81","settings":{"_column_size":50,"_inline_size":null,"padding":{"unit":"%","top":"0","right":"10","bottom":"0","left":"0","isLinked":false},"padding_mobile":{"unit":"px","top":"0","right":"0","bottom":"35","left":"0","isLinked":false}},"elements":[{"id":"5ec1047b","settings":{"title":"Get In touch","title_color":"#000000","typography_typography":"custom","typography_font_size":{"unit":"px","size":65},"align_mobile":"center","typography_font_size_tablet":{"unit":"px","size":45}},"elements":[],"isInner":false,"widgetType":"heading","elType":"widget"},{"id":"24a8f98a","settings":{"editor":"<p>Leave us a message<\/p>","text_color":"#bfbfbf","typography_typography":"custom","typography_font_size":{"unit":"px","size":16},"_margin":{"unit":"px","top":"-22","right":"0","bottom":"0","left":"0","isLinked":false},"typography_font_weight":"300","align_mobile":"center"},"elements":[],"isInner":false,"widgetType":"text-editor","elType":"widget"},{"id":"bbfc9f6","settings":{"form_name":"New Form","form_fields":[{"_id":"name","field_type":"text","field_label":"Name","placeholder":"Bobby D","width":"100","field_value":"","required":"","file_sizes":"","file_types":"","allow_multiple_upload":"","max_files":"","acceptance_text":"","checked_by_default":"","field_min":"","field_max":"","min_date":"","max_date":"","use_native_date":"","use_native_time":"","field_options":"","allow_multiple":"","select_size":"","inline_list":"","field_html":"","width_tablet":"","width_mobile":"","rows":4,"recaptcha_size":"normal","recaptcha_style":"light","css_classes":""},{"_id":"email","field_type":"email","required":"true","field_label":"Email","placeholder":"contacts@company.com","width":"100","field_value":"","file_sizes":"","file_types":"","allow_multiple_upload":"","max_files":"","acceptance_text":"","checked_by_default":"","field_min":"","field_max":"","min_date":"","max_date":"","use_native_date":"","use_native_time":"","field_options":"","allow_multiple":"","select_size":"","inline_list":"","field_html":"","width_tablet":"","width_mobile":"","rows":4,"recaptcha_size":"normal","recaptcha_style":"light","css_classes":""},{"_id":"message","field_type":"textarea","field_label":"Message","placeholder":"Write your message here","width":"100","field_value":"","required":"","file_sizes":"","file_types":"","allow_multiple_upload":"","max_files":"","acceptance_text":"","checked_by_default":"","field_min":"","field_max":"","min_date":"","max_date":"","use_native_date":"","use_native_time":"","field_options":"","allow_multiple":"","select_size":"","inline_list":"","field_html":"","width_tablet":"","width_mobile":"","rows":4,"recaptcha_size":"normal","recaptcha_style":"light","css_classes":""}],"show_labels":"","button_text":"Send Message","email_content":"[all-fields]","email_content_2":"[all-fields]","success_message":"The form was sent successfully!","error_message":"Please fill in the required fields.","required_field_message":"Required","invalid_message":"There's something wrong. The form is invalid.","row_gap":{"unit":"px","size":17},"field_text_color":"#000000","field_typography_typography":"custom","field_typography_font_size":{"unit":"px","size":15},"field_border_color":"#e8e8e8","field_border_radius":{"unit":"px","top":"0","right":"0","bottom":"0","left":"0","isLinked":true},"button_text_color":"#ffffff","button_typography_typography":"custom","button_typography_font_size":{"unit":"px","size":15},"button_typography_font_weight":"600","button_typography_text_transform":"uppercase","button_background_color":"#000000","button_border_radius":{"unit":"px","top":"0","right":"0","bottom":"0","left":"0","isLinked":true},"button_hover_color":"#ffffff","button_background_hover_color":"#00ce1b","field_typography_font_weight":"300","button_size":"md"},"elements":[],"isInner":false,"widgetType":"form","elType":"widget"}],"isInner":false,"elType":"column"},{"id":"76a95497","settings":{"_column_size":50,"_inline_size":null,"background_background":"classic","background_color":"#000000","padding":{"unit":"px","top":"75","right":"75","bottom":"75","left":"75","isLinked":false},"padding_tablet":{"unit":"px","top":"30","right":"30","bottom":"30","left":"30","isLinked":true},"padding_mobile":{"unit":"px","top":"10","right":"10","bottom":"10","left":"10","isLinked":true}},"elements":[{"id":"6fbdbde5","settings":{"address":"London Eye, London, United Kingdom","zoom":{"unit":"px","size":15},"height":{"unit":"px","size":260},"_background_color":"#000000","_background_color_stop":{"unit":"%","size":16},"_background_color_b":"#ffffff","_background_color_b_stop":{"unit":"%","size":96}},"elements":[],"isInner":false,"widgetType":"google_maps","elType":"widget"},{"id":"3f5f0db9","settings":{"icon":"fa fa-map-marker","title_text":"7517 Comstock Ln, Darien, IL, 60561","description_text":"","position":"left","primary_color":"rgba(255,255,255,0.39)","icon_space":{"unit":"px","size":4},"icon_size":{"unit":"px","size":29},"title_bottom_space":{"unit":"px","size":0},"title_color":"#ffffff","title_typography_typography":"custom","title_typography_font_size":{"unit":"px","size":16},"title_typography_line_height":{"unit":"em","size":1.9},"description_typography_typography":"custom"},"elements":[],"isInner":false,"widgetType":"icon-box","elType":"widget"},{"id":"52f8d955","settings":{"icon":"fa fa-mobile-phone","title_text":"(630) 663-1232, (865) 767-2927","description_text":"","position":"left","primary_color":"rgba(255,255,255,0.39)","icon_space":{"unit":"px","size":4},"icon_size":{"unit":"px","size":29},"title_bottom_space":{"unit":"px","size":0},"title_color":"#ffffff","title_typography_typography":"custom","title_typography_font_size":{"unit":"px","size":16},"_margin":{"unit":"px","top":"-27","right":"0","bottom":"0","left":"0","isLinked":false},"title_typography_line_height":{"unit":"em","size":1.9},"_margin_mobile":{"unit":"px","top":"0","right":"0","bottom":"0","left":"0","isLinked":true}},"elements":[],"isInner":false,"widgetType":"icon-box","elType":"widget"}],"isInner":false,"elType":"column"}],"isInner":false,"elType":"section"}]}