{"version":"0.4","title":"Footer8","type":"page","content":[{"id":"8152ffd","settings":{"background_background":"classic","background_color":"#141519","padding":{"unit":"px","top":"60","right":"0","bottom":"60","left":"0","isLinked":false},"padding_tablet":{"unit":"px","top":"40","right":"20","bottom":"40","left":"20","isLinked":false},"padding_mobile":{"unit":"px","top":"30","right":"20","bottom":"30","left":"20","isLinked":false}},"elements":[{"id":"21067535","settings":{"_column_size":100},"elements":[{"id":"394d1129","settings":{"title":"Keep In Touch","align":"center","title_color":"#02d1ae","typography_typography":"custom","typography_font_size":{"unit":"px","size":25},"typography_font_weight":"500","header_size":"h3","typography_text_transform":"uppercase","typography_letter_spacing":{"unit":"px","size":2},"_margin":{"unit":"px","top":"0","right":"0","bottom":"25","left":"0","isLinked":false}},"elements":[],"isInner":false,"widgetType":"heading","elType":"widget"},{"id":"51e95e64","settings":{"social_icon_list":[{"social":"fa fa-twitter","_id":"dc10550","link":{"url":"","is_external":"true","nofollow":""}},{"social":"fa fa-facebook","_id":"0267196","link":{"url":"","is_external":"true","nofollow":""}},{"social":"fa fa-dribbble","link":{"url":"","is_external":"true","nofollow":""},"_id":"0e260c9"},{"social":"fa fa-youtube","_id":"dbaeb71","link":{"url":"","is_external":"true","nofollow":""}},{"social":"fa fa-pinterest","link":{"url":"","is_external":"true","nofollow":""},"_id":"d2d5c50"},{"social":"fa fa-medium","link":{"url":"","is_external":"true","nofollow":""},"_id":"92c0998"},{"social":"fa fa-twitch","link":{"url":"","is_external":"true","nofollow":""},"_id":"5286790"},{"social":"fa fa-linkedin","link":{"url":"","is_external":"true","nofollow":""},"_id":"9bc67e2"}],"icon_color":"custom","icon_primary_color":"rgba(255,255,255,0)","icon_secondary_color":"#ffffff","icon_size":{"unit":"px","size":27},"icon_padding":{"unit":"em","size":0},"icon_spacing":{"unit":"px","size":40},"hover_secondary_color":"#00ce1b","_padding_tablet":{"unit":"px","top":"40","right":"0","bottom":"0","left":"0","isLinked":false},"icon_size_mobile":{"unit":"px","size":15},"icon_spacing_mobile":{"unit":"px","size":16},"_padding_mobile":{"unit":"px","top":"0","right":"0","bottom":"0","left":"0","isLinked":false}},"elements":[],"isInner":false,"widgetType":"social-icons","elType":"widget"}],"isInner":false,"elType":"column"}],"isInner":false,"elType":"section"},{"id":"7a0dc1a3","settings":{"content_width":{"unit":"px","size":900},"structure":"40","background_background":"classic","background_color":"#25282b","shape_divider_top":"waves-pattern","shape_divider_top_color":"#141519","shape_divider_top_width":{"unit":"%","size":293},"padding":{"unit":"px","top":"90","right":"0","bottom":"90","left":"0","isLinked":false},"shape_divider_top_height_mobile":{"unit":"px","size":10},"padding_tablet":{"unit":"px","top":"60","right":"20","bottom":"60","left":"20","isLinked":false},"padding_mobile":{"unit":"px","top":"50","right":"20","bottom":"50","left":"20","isLinked":false}},"elements":[{"id":"75c96698","settings":{"_column_size":25,"_inline_size":null,"_inline_size_mobile":50},"elements":[{"id":"4fbc85b","settings":{"title":"Features","title_color":"#02d1ae","typography_typography":"custom","typography_font_size":{"unit":"px","size":18},"typography_font_weight":"600","header_size":"h4"},"elements":[],"isInner":false,"widgetType":"heading","elType":"widget"},{"id":"45929b3f","settings":{"icon_list":[{"text":"Overview","icon":"","_id":"6b44671","link":{"url":"","is_external":"","nofollow":""}},{"text":"Design","icon":"","_id":"6442eb7","link":{"url":"","is_external":"","nofollow":""}},{"text":"Programing","icon":"","_id":"fc019a2","link":{"url":"","is_external":"","nofollow":""}},{"text":"Collaborate","icon":"","_id":"1fd4f18","link":{"url":"","is_external":"","nofollow":""}},{"text":"Soon to Come","icon":"","_id":"17a281d","link":{"url":"","is_external":"","nofollow":""}}],"space_between":{"unit":"px","size":5},"icon_size":{"unit":"px","size":0},"text_color":"rgba(255,255,255,0.36)","text_indent":{"unit":"px","size":0},"icon_typography_typography":"custom","icon_typography_font_size":{"unit":"px","size":14},"icon_typography_font_weight":"300","icon_typography_font_size_mobile":{"unit":"px","size":13}},"elements":[],"isInner":false,"widgetType":"icon-list","elType":"widget"}],"isInner":false,"elType":"column"},{"id":"ee1abf2","settings":{"_column_size":25,"_inline_size":null,"_inline_size_mobile":50},"elements":[{"id":"493ff7","settings":{"title":"Get Started","title_color":"#02d1ae","typography_typography":"custom","typography_font_size":{"unit":"px","size":18},"typography_font_weight":"600","header_size":"h4"},"elements":[],"isInner":false,"widgetType":"heading","elType":"widget"},{"id":"79bda3a8","settings":{"icon_list":[{"text":"Tutorials","icon":"","_id":"6b44671","link":{"url":"","is_external":"","nofollow":""}},{"text":"Resources","icon":"","_id":"6442eb7","link":{"url":"","is_external":"","nofollow":""}},{"text":"Guides","icon":"","_id":"fc019a2","link":{"url":"","is_external":"","nofollow":""}},{"text":"Examples","icon":"","_id":"1fd4f18","link":{"url":"","is_external":"","nofollow":""}},{"text":"Docs","icon":"","_id":"17a281d","link":{"url":"","is_external":"","nofollow":""}}],"space_between":{"unit":"px","size":5},"icon_size":{"unit":"px","size":0},"text_color":"rgba(255,255,255,0.36)","text_indent":{"unit":"px","size":0},"icon_typography_typography":"custom","icon_typography_font_size":{"unit":"px","size":14},"icon_typography_font_weight":"300","icon_typography_font_size_mobile":{"unit":"px","size":13}},"elements":[],"isInner":false,"widgetType":"icon-list","elType":"widget"}],"isInner":false,"elType":"column"},{"id":"6f714e4e","settings":{"_column_size":25,"_inline_size":null,"_inline_size_mobile":50,"margin_mobile":{"unit":"px","top":"40","right":"0","bottom":"0","left":"0","isLinked":false}},"elements":[{"id":"21d2fd63","settings":{"title":"About","title_color":"#02d1ae","typography_typography":"custom","typography_font_size":{"unit":"px","size":18},"typography_font_weight":"500","header_size":"h4"},"elements":[],"isInner":false,"widgetType":"heading","elType":"widget"},{"id":"70fbf4e9","settings":{"icon_list":[{"text":"Stories","icon":"","_id":"6b44671","link":{"url":"","is_external":"","nofollow":""}},{"text":"Community","icon":"","_id":"6442eb7","link":{"url":"","is_external":"","nofollow":""}},{"text":"Blog","icon":"","_id":"fc019a2","link":{"url":"","is_external":"","nofollow":""}},{"text":"Careers","icon":"","_id":"1fd4f18","link":{"url":"","is_external":"","nofollow":""}},{"text":"Brand Assets","icon":"","_id":"17a281d","link":{"url":"","is_external":"","nofollow":""}}],"space_between":{"unit":"px","size":5},"icon_size":{"unit":"px","size":0},"text_color":"rgba(255,255,255,0.36)","text_indent":{"unit":"px","size":0},"icon_typography_typography":"custom","icon_typography_font_size":{"unit":"px","size":14},"icon_typography_font_weight":"300","icon_typography_font_size_mobile":{"unit":"px","size":13}},"elements":[],"isInner":false,"widgetType":"icon-list","elType":"widget"}],"isInner":false,"elType":"column"},{"id":"4801a1fb","settings":{"_column_size":25,"_inline_size":null,"_inline_size_mobile":50,"margin_mobile":{"unit":"px","top":"40","right":"0","bottom":"0","left":"0","isLinked":false}},"elements":[{"id":"1bb60a13","settings":{"title":"Downloads","title_color":"#02d1ae","typography_typography":"custom","typography_font_size":{"unit":"px","size":18},"typography_font_weight":"600","header_size":"h4"},"elements":[],"isInner":false,"widgetType":"heading","elType":"widget"},{"id":"4f4faad9","settings":{"icon_list":[{"text":"Flex UI Kit","icon":"","_id":"6b44671","link":{"url":"","is_external":"","nofollow":""}},{"text":"Modern UI Kit","icon":"","_id":"6442eb7","link":{"url":"","is_external":"","nofollow":""}},{"text":"Framer UI Kit","icon":"","_id":"fc019a2","link":{"url":"","is_external":"","nofollow":""}},{"text":"Gradients UI Kit","icon":"","_id":"1fd4f18","link":{"url":"","is_external":"","nofollow":""}},{"text":"Black & White UI Kit","icon":"","_id":"17a281d","link":{"url":"","is_external":"","nofollow":""}}],"space_between":{"unit":"px","size":5},"icon_size":{"unit":"px","size":0},"text_color":"rgba(255,255,255,0.36)","text_indent":{"unit":"px","size":0},"icon_typography_typography":"custom","icon_typography_font_size":{"unit":"px","size":14},"icon_typography_font_weight":"300","icon_typography_font_size_mobile":{"unit":"px","size":13}},"elements":[],"isInner":false,"widgetType":"icon-list","elType":"widget"}],"isInner":false,"elType":"column"}],"isInner":false,"elType":"section"}]}