{"version":"0.4","title":"Footer5","type":"page","content":[{"id":"26acc428","settings":{"background_background":"classic","background_color":"#000000","margin":{"unit":"px","top":"","right":0,"bottom":"","left":0,"isLinked":true},"padding":{"unit":"px","top":"50","right":"0","bottom":"50","left":"0","isLinked":false},"content_position":"middle","structure":"30","padding_tablet":{"unit":"px","top":"50","right":"20","bottom":"50","left":"20","isLinked":false},"padding_mobile":{"unit":"px","top":"30","right":"20","bottom":"30","left":"20","isLinked":false}},"elements":[{"id":"63b4618b","settings":{"_column_size":33,"padding":{"unit":"%","top":"","right":"","bottom":"","left":"","isLinked":true},"_inline_size":54.747,"_inline_size_tablet":50},"elements":[{"id":"526a9de9","settings":{"title":"Try elementor free for 14 days","title_color":"#ffffff","typography_typography":"custom","typography_font_size":{"unit":"px","size":12},"typography_font_weight":"300","typography_text_transform":"uppercase","align_mobile":"left","header_size":"p"},"elements":[],"isInner":false,"widgetType":"heading","elType":"widget"},{"id":"48b37c73","settings":{"title":"Grow with confidence","align":"left","title_color":"#ffffff","typography_typography":"custom","typography_font_size":{"unit":"px","size":45},"typography_font_weight":"600","_margin":{"unit":"px","top":"-10","right":"0","bottom":"0","left":"0","isLinked":false},"align_mobile":"left","typography_font_size_mobile":{"unit":"px","size":30},"typography_font_size_tablet":{"unit":"px","size":30},"_padding_mobile":{"unit":"px","top":"0","right":"0","bottom":"15","left":"0","isLinked":false},"header_size":"h3"},"elements":[],"isInner":false,"widgetType":"heading","elType":"widget"}],"isInner":false,"elType":"column"},{"id":"1249088a","settings":{"_column_size":33,"_inline_size":27.281,"_inline_size_tablet":25,"_inline_size_mobile":100,"content_position":"bottom"},"elements":[{"id":"2d429bd","settings":{"text":"start free trial","align":"right","typography_typography":"custom","typography_font_size":{"unit":"px","size":14},"typography_font_weight":"600","typography_text_transform":"uppercase","button_text_color":"#ffffff","background_color":"#00ce1b","hover_color":"#000000","button_background_hover_color":"#ffffff","border_radius":{"unit":"px","top":"50","right":"50","bottom":"50","left":"50","isLinked":true},"text_padding":{"unit":"px","top":"15","right":"35","bottom":"15","left":"35","isLinked":false},"align_tablet":"right","typography_font_size_tablet":{"unit":"px","size":12},"text_padding_mobile":{"unit":"px","top":"15","right":"20","bottom":"15","left":"20","isLinked":false},"align_mobile":"justify"},"elements":[],"isInner":false,"widgetType":"button","elType":"widget"}],"isInner":false,"elType":"column"},{"id":"7aec347a","settings":{"_column_size":33,"padding":{"unit":"%","top":"","right":"","bottom":"","left":"","isLinked":true},"_inline_size":17.971,"_inline_size_tablet":22,"_inline_size_mobile":100,"content_position":"bottom"},"elements":[{"id":"72b7f2e2","settings":{"text":"Pro version","align":"justify","typography_typography":"custom","typography_font_size":{"unit":"px","size":14},"typography_font_weight":"600","typography_text_transform":"uppercase","button_text_color":"#000000","background_color":"#ffffff","hover_color":"#ffffff","button_background_hover_color":"#00ce1b","border_radius":{"unit":"px","top":"50","right":"50","bottom":"50","left":"50","isLinked":true},"text_padding":{"unit":"px","top":"15","right":"35","bottom":"15","left":"35","isLinked":false},"align_tablet":"right","align_mobile":"justify","typography_font_size_tablet":{"unit":"px","size":12},"text_padding_mobile":{"unit":"px","top":"15","right":"20","bottom":"15","left":"20","isLinked":false},"_padding":{"unit":"px","top":"0","right":"0","bottom":"0","left":"20","isLinked":false},"_padding_tablet":{"unit":"px","top":"0","right":"0","bottom":"0","left":"0","isLinked":true}},"elements":[],"isInner":false,"widgetType":"button","elType":"widget"}],"isInner":false,"elType":"column"}],"isInner":false,"elType":"section"},{"id":"3d9ffa47","settings":{"content_position":"top","structure":"40","padding":{"unit":"px","top":"25","right":"0","bottom":"70","left":"0","isLinked":false},"padding_tablet":{"unit":"px","top":"25","right":"25","bottom":"50","left":"25","isLinked":false},"padding_mobile":{"unit":"px","top":"0","right":"020","bottom":"30","left":"20","isLinked":false},"background_background":"classic","background_color":"#000000","margin_mobile":{"unit":"px","top":"","right":0,"bottom":"","left":0,"isLinked":true}},"elements":[{"id":"a665e39","settings":{"_column_size":25,"_inline_size":null,"_inline_size_tablet":25,"_inline_size_mobile":50},"elements":[{"id":"759a70e3","settings":{"title":"Products","title_color":"#ffffff","typography_typography":"custom","typography_font_size":{"unit":"px","size":18},"typography_font_weight":"500"},"elements":[],"isInner":false,"widgetType":"heading","elType":"widget"},{"id":"75e2b517","settings":{"icon_list":[{"text":"Pricing","icon":"fa fa-angle-right","_id":"6b44671","link":{"url":"","is_external":"","nofollow":""}},{"text":"Teams","icon":"fa fa-angle-right","_id":"6442eb7","link":{"url":"","is_external":"","nofollow":""}},{"text":"Education","icon":"fa fa-angle-right","_id":"fc019a2","link":{"url":"","is_external":"","nofollow":""}},{"text":"Refer a friend","icon":"fa fa-angle-right","_id":"1fd4f18","link":{"url":"","is_external":"","nofollow":""}},{"text":"Updates","icon":"fa fa-angle-right","_id":"17a281d","link":{"url":"","is_external":"","nofollow":""}}],"space_between":{"unit":"px","size":5},"icon_align":"left","icon_size":{"unit":"px","size":12},"text_color":"rgba(255,255,255,0.6)","text_indent":{"unit":"px","size":4},"icon_typography_typography":"custom","icon_typography_font_size":{"unit":"px","size":14},"icon_typography_font_weight":"300","icon_typography_font_size_tablet":{"unit":"px","size":13},"icon_color":"rgba(255,255,255,0.6)"},"elements":[],"isInner":false,"widgetType":"icon-list","elType":"widget"}],"isInner":true,"elType":"column"},{"id":"4107b6e8","settings":{"_column_size":25,"_inline_size":null,"_inline_size_tablet":25,"_inline_size_mobile":50},"elements":[{"id":"1faced4f","settings":{"title":"Get Started","title_color":"#ffffff","typography_typography":"custom","typography_font_size":{"unit":"px","size":18},"typography_font_weight":"500"},"elements":[],"isInner":false,"widgetType":"heading","elType":"widget"},{"id":"6aedc98d","settings":{"icon_list":[{"text":"Tutorial","icon":"fa fa-angle-right","_id":"6b44671","link":{"url":"","is_external":"","nofollow":""}},{"text":"Resources","icon":"fa fa-angle-right","_id":"6442eb7","link":{"url":"","is_external":"","nofollow":""}},{"text":"Guides","icon":"fa fa-angle-right","_id":"fc019a2","link":{"url":"","is_external":"","nofollow":""}},{"text":"Examples","icon":"fa fa-angle-right","_id":"1fd4f18","link":{"url":"","is_external":"","nofollow":""}},{"text":"Docs","icon":"fa fa-angle-right","_id":"17a281d","link":{"url":"","is_external":"","nofollow":""}}],"space_between":{"unit":"px","size":5},"icon_align":"left","icon_size":{"unit":"px","size":12},"text_color":"rgba(255,255,255,0.6)","text_indent":{"unit":"px","size":4},"icon_typography_typography":"custom","icon_typography_font_size":{"unit":"px","size":14},"icon_typography_font_weight":"300","icon_typography_font_size_tablet":{"unit":"px","size":13},"icon_color":"rgba(255,255,255,0.6)"},"elements":[],"isInner":false,"widgetType":"icon-list","elType":"widget"}],"isInner":true,"elType":"column"},{"id":"197e78ec","settings":{"_column_size":25,"_inline_size":null,"_inline_size_tablet":25,"_inline_size_mobile":50,"margin_mobile":{"unit":"px","top":"30","right":"0","bottom":"0","left":"0","isLinked":false}},"elements":[{"id":"1249f8e5","settings":{"title":"About","title_color":"#ffffff","typography_typography":"custom","typography_font_size":{"unit":"px","size":18},"typography_font_weight":"500"},"elements":[],"isInner":false,"widgetType":"heading","elType":"widget"},{"id":"569f1e0f","settings":{"icon_list":[{"text":"Stories","icon":"fa fa-angle-right","_id":"6b44671","link":{"url":"","is_external":"","nofollow":""}},{"text":"Community","icon":"fa fa-angle-right","_id":"6442eb7","link":{"url":"","is_external":"","nofollow":""}},{"text":"Blog","icon":"fa fa-angle-right","_id":"fc019a2","link":{"url":"","is_external":"","nofollow":""}},{"text":"Careers","icon":"fa fa-angle-right","_id":"1fd4f18","link":{"url":"","is_external":"","nofollow":""}},{"text":"Brand Assets","icon":"fa fa-angle-right","_id":"17a281d","link":{"url":"","is_external":"","nofollow":""}}],"space_between":{"unit":"px","size":5},"icon_align":"left","icon_size":{"unit":"px","size":12},"text_color":"rgba(255,255,255,0.6)","text_indent":{"unit":"px","size":4},"icon_typography_typography":"custom","icon_typography_font_size":{"unit":"px","size":14},"icon_typography_font_weight":"300","icon_typography_font_size_tablet":{"unit":"px","size":13},"icon_color":"rgba(255,255,255,0.6)"},"elements":[],"isInner":false,"widgetType":"icon-list","elType":"widget"}],"isInner":true,"elType":"column"},{"id":"7e900d0c","settings":{"_column_size":25,"_inline_size":null,"_inline_size_tablet":25,"_inline_size_mobile":50,"margin_mobile":{"unit":"px","top":"30","right":"0","bottom":"0","left":"0","isLinked":false}},"elements":[{"id":"61d7d53c","settings":{"title":"Downloads","title_color":"#ffffff","typography_typography":"custom","typography_font_size":{"unit":"px","size":18},"typography_font_weight":"500"},"elements":[],"isInner":false,"widgetType":"heading","elType":"widget"},{"id":"5dca111a","settings":{"icon_list":[{"text":"Web UI Kit","icon":"fa fa-angle-right","_id":"6b44671","link":{"url":"","is_external":"","nofollow":""}},{"text":"Mobile UI Kit","icon":"fa fa-angle-right","_id":"6442eb7","link":{"url":"","is_external":"","nofollow":""}},{"text":"Mockups","icon":"fa fa-angle-right","_id":"fc019a2","link":{"url":"","is_external":"","nofollow":""}},{"text":"Icons","icon":"fa fa-angle-right","_id":"1fd4f18","link":{"url":"","is_external":"","nofollow":""}},{"text":"PSD Files","icon":"fa fa-angle-right","_id":"17a281d","link":{"url":"","is_external":"","nofollow":""}}],"space_between":{"unit":"px","size":5},"icon_align":"left","icon_size":{"unit":"px","size":12},"text_color":"rgba(255,255,255,0.6)","text_indent":{"unit":"px","size":4},"icon_typography_typography":"custom","icon_typography_font_size":{"unit":"px","size":14},"icon_typography_font_weight":"300","icon_typography_font_size_tablet":{"unit":"px","size":13},"icon_color":"rgba(255,255,255,0.6)"},"elements":[],"isInner":false,"widgetType":"icon-list","elType":"widget"}],"isInner":true,"elType":"column"}],"isInner":true,"elType":"section"},{"id":"4f63a30d","settings":{"gap":"no","content_position":"middle","background_background":"classic","background_color":"rgba(0,0,0,0.8)","structure":"20","padding_tablet":{"unit":"px","top":"25","right":"20","bottom":"25","left":"20","isLinked":false},"height":"min-height","custom_height":{"unit":"px","size":50},"padding_mobile":{"unit":"px","top":"20","right":"20","bottom":"20","left":"20","isLinked":true}},"elements":[{"id":"3deaf709","settings":{"_column_size":50,"_inline_size":null},"elements":[{"id":"7f186d5c","settings":{"title":"\u00a9 All rights reserved","header_size":"p","title_color":"rgba(255,255,255,0.37)","typography_typography":"custom","typography_font_size":{"unit":"px","size":14},"typography_font_weight":"300","align":"left","align_mobile":"center","_padding_mobile":{"unit":"px","top":"0","right":"0","bottom":"25","left":"0","isLinked":false}},"elements":[],"isInner":false,"widgetType":"heading","elType":"widget"}],"isInner":false,"elType":"column"},{"id":"26c67431","settings":{"_column_size":50,"_inline_size":null},"elements":[{"id":"11338612","settings":{"social_icon_list":[{"social":"fa fa-twitter","_id":"dc10550","link":{"url":"","is_external":"true","nofollow":""}},{"social":"fa fa-facebook","_id":"0267196","link":{"url":"","is_external":"true","nofollow":""}},{"social":"fa fa-dribbble","link":{"url":"","is_external":"true","nofollow":""},"_id":"0e260c9"},{"social":"fa fa-youtube","_id":"dbaeb71","link":{"url":"","is_external":"true","nofollow":""}},{"social":"fa fa-pinterest","link":{"url":"","is_external":"true","nofollow":""},"_id":"d2d5c50"},{"social":"fa fa-medium","link":{"url":"","is_external":"true","nofollow":""},"_id":"92c0998"}],"icon_color":"custom","icon_primary_color":"rgba(0,0,0,0)","icon_secondary_color":"rgba(255,255,255,0.39)","icon_size":{"unit":"px","size":15},"icon_padding":{"unit":"em","size":0},"icon_spacing":{"unit":"px","size":24},"hover_secondary_color":"#ffffff","align_mobile":"center","align_tablet":"right","align":"right"},"elements":[],"isInner":false,"widgetType":"social-icons","elType":"widget"}],"isInner":false,"elType":"column"}],"isInner":false,"elType":"section"}]}