{"version":"0.4","title":"Footer10","type":"page","content":[{"id":"331674e1","settings":{"structure":"50","background_background":"classic","background_color":"#54595f","margin":{"unit":"px","top":"","right":0,"bottom":"","left":0,"isLinked":true},"padding":{"unit":"px","top":"60","right":"0","bottom":"60","left":"0","isLinked":false},"padding_tablet":{"unit":"px","top":"50","right":"20","bottom":"50","left":"20","isLinked":false},"padding_mobile":{"unit":"px","top":"40","right":"15","bottom":"40","left":"15","isLinked":false}},"elements":[{"id":"781ab38e","settings":{"_column_size":20,"_inline_size":23.86,"content_position":"top","_inline_size_tablet":100,"_inline_size_mobile":100,"margin_tablet":{"unit":"px","top":"0","right":"0","bottom":"40","left":"0","isLinked":false},"margin_mobile":{"unit":"px","top":"0","right":"0","bottom":"040","left":"0","isLinked":false}},"elements":[{"id":"6f99a429","settings":{"__dynamic__":{"image":"[elementor-tag id=\"\" name=\"site-logo\" settings=\"%7B%7D\"]","link":"[elementor-tag id=\"\" name=\"site-url\" settings=\"%7B%7D\"]"},"width":{"unit":"px","size":120},"width_mobile":{"unit":"px","size":80},"image":{"id":"291","url":"http:\/\/localhost\/test\/wp-content\/uploads\/2018\/09\/placeholder-2.png"}},"elements":[],"isInner":false,"widgetType":"theme-site-logo","elType":"widget"},{"id":"7c15a008","settings":{"icon_list":[{"text":"641-754-0072","icon":"fa fa-phone","link":{"url":"","is_external":"","nofollow":""},"_id":"d874953"},{"text":"GavinEMaki@rhyta.com","icon":"fa fa-envelope","link":{"url":"","is_external":"","nofollow":""},"_id":"edd30b5"},{"text":"1718 Park Boulevard Marshalltown, IA 50158","icon":"fa fa-map-marker","_id":"0dadfa6","link":{"url":"","is_external":"","nofollow":""}}],"space_between":{"unit":"px","size":21},"icon_size":{"unit":"px","size":18},"text_color":"rgba(255,255,255,0.8)","text_indent":{"unit":"px","size":19},"icon_typography_typography":"custom","icon_typography_font_size":{"unit":"px","size":14},"icon_typography_font_weight":"400","icon_typography_font_size_tablet":{"unit":"px","size":13},"icon_color":"#f49ac3","_margin":{"unit":"px","top":"40","right":"0","bottom":"0","left":"0","isLinked":false},"space_between_tablet":{"unit":"px","size":12},"icon_align_tablet":"left","hide_tablet":"hidden-tablet"},"elements":[],"isInner":false,"widgetType":"icon-list","elType":"widget"}],"isInner":false,"elType":"column"},{"id":"4a4a734b","settings":{"_column_size":20,"_inline_size":16.93,"content_position":"top","_inline_size_tablet":33,"_inline_size_mobile":33,"margin_tablet":{"unit":"px","top":"0","right":"0","bottom":"0","left":"0","isLinked":false}},"elements":[{"id":"54eae248","settings":{"title":"features","title_color":"#ffffff","typography_typography":"custom","typography_font_size":{"unit":"px","size":15},"typography_font_weight":"400","typography_text_transform":"uppercase","header_size":"h4"},"elements":[],"isInner":false,"widgetType":"heading","elType":"widget"},{"id":"2fb8e5e","settings":{"icon_list":[{"text":"Pricing","icon":"","_id":"a3a66d7","link":{"url":"","is_external":"","nofollow":""}},{"text":"Education","icon":"","_id":"7c66e1f","link":{"url":"","is_external":"","nofollow":""}},{"text":"Refer a Friend","icon":"","_id":"9827a56","link":{"url":"","is_external":"","nofollow":""}},{"text":"Updates","icon":"","_id":"db2aada","link":{"url":"","is_external":"","nofollow":""}},{"text":"Beta","icon":"","_id":"0dadfa6","link":{"url":"","is_external":"","nofollow":""}}],"space_between":{"unit":"px","size":5},"icon_size":{"unit":"px","size":6},"text_color":"rgba(255,255,255,0.45)","text_indent":{"unit":"px","size":0},"icon_typography_typography":"custom","icon_typography_font_size":{"unit":"px","size":14},"icon_typography_font_weight":"300","icon_typography_font_size_tablet":{"unit":"px","size":13}},"elements":[],"isInner":false,"widgetType":"icon-list","elType":"widget"}],"isInner":false,"elType":"column"},{"id":"24196f94","settings":{"_column_size":20,"_inline_size":17.105,"content_position":"top","_inline_size_tablet":33,"_inline_size_mobile":33},"elements":[{"id":"5b1024a2","settings":{"title":"Company","title_color":"#ffffff","typography_typography":"custom","typography_font_size":{"unit":"px","size":15},"typography_font_weight":"400","typography_text_transform":"uppercase","header_size":"h4"},"elements":[],"isInner":false,"widgetType":"heading","elType":"widget"},{"id":"41d914f5","settings":{"icon_list":[{"text":"Design","icon":"","_id":"a3a66d7","link":{"url":"","is_external":"","nofollow":""}},{"text":"Prototype","icon":"","_id":"7c66e1f","link":{"url":"","is_external":"","nofollow":""}},{"text":"Collaborate","icon":"","_id":"9827a56","link":{"url":"","is_external":"","nofollow":""}},{"text":"Sketch ","icon":"","_id":"db2aada","link":{"url":"","is_external":"","nofollow":""}},{"text":"Photoshop","icon":"","_id":"0dadfa6","link":{"url":"","is_external":"","nofollow":""}}],"space_between":{"unit":"px","size":5},"icon_size":{"unit":"px","size":6},"text_color":"rgba(255,255,255,0.45)","text_indent":{"unit":"px","size":0},"icon_typography_typography":"custom","icon_typography_font_size":{"unit":"px","size":14},"icon_typography_font_weight":"300","icon_typography_font_size_tablet":{"unit":"px","size":13}},"elements":[],"isInner":false,"widgetType":"icon-list","elType":"widget"}],"isInner":false,"elType":"column"},{"id":"7ce7f088","settings":{"_column_size":20,"_inline_size":17.632,"content_position":"top","_inline_size_tablet":33,"_inline_size_mobile":34},"elements":[{"id":"735b5d64","settings":{"title":"get started","title_color":"#ffffff","typography_typography":"custom","typography_font_size":{"unit":"px","size":15},"typography_font_weight":"400","typography_text_transform":"uppercase","header_size":"h4"},"elements":[],"isInner":false,"widgetType":"heading","elType":"widget"},{"id":"5d65b074","settings":{"icon_list":[{"text":"Tutorials","icon":"","_id":"a3a66d7","link":{"url":"","is_external":"","nofollow":""}},{"text":"Resources","icon":"","_id":"7c66e1f","link":{"url":"","is_external":"","nofollow":""}},{"text":"Guides","icon":"","_id":"9827a56","link":{"url":"","is_external":"","nofollow":""}},{"text":"Example","icon":"","_id":"db2aada","link":{"url":"","is_external":"","nofollow":""}},{"text":"Docs","icon":"","_id":"0dadfa6","link":{"url":"","is_external":"","nofollow":""}}],"space_between":{"unit":"px","size":5},"icon_size":{"unit":"px","size":6},"text_color":"rgba(255,255,255,0.45)","text_indent":{"unit":"px","size":0},"icon_typography_typography":"custom","icon_typography_font_size":{"unit":"px","size":14},"icon_typography_font_weight":"300","icon_typography_font_size_tablet":{"unit":"px","size":13}},"elements":[],"isInner":false,"widgetType":"icon-list","elType":"widget"}],"isInner":false,"elType":"column"},{"id":"5806e223","settings":{"_column_size":20,"_inline_size":24.473,"content_position":"top","_inline_size_tablet":100,"margin_tablet":{"unit":"px","top":"40","right":"0","bottom":"0","left":"0","isLinked":false},"margin_mobile":{"unit":"px","top":"40","right":"0","bottom":"0","left":"0","isLinked":false}},"elements":[{"id":"7732fb1b","settings":{"title":"Weekly Newsletter","title_color":"#ffffff","typography_typography":"custom","typography_font_size":{"unit":"px","size":15},"typography_font_weight":"400","typography_text_transform":"uppercase","header_size":"h4"},"elements":[],"isInner":false,"widgetType":"heading","elType":"widget"},{"id":"47d85b59","settings":{"form_name":"New Form","form_fields":[{"field_type":"text","field_label":"Name","field_value":"","placeholder":"Name","required":"","file_sizes":"","file_types":"","allow_multiple_upload":"","max_files":"","acceptance_text":"","checked_by_default":"","field_min":"","field_max":"","min_date":"","max_date":"","use_native_date":"","use_native_time":"","field_options":"","allow_multiple":"","select_size":"","inline_list":"","field_html":"","width":"100","width_tablet":"","width_mobile":"","rows":4,"recaptcha_size":"normal","recaptcha_style":"light","css_classes":"","_id":"field_1"},{"_id":"email","field_type":"email","required":"true","field_label":"Email","placeholder":"Your Email","width":"100","field_value":"","file_sizes":"","file_types":"","allow_multiple_upload":"","max_files":"","acceptance_text":"","checked_by_default":"","field_min":"","field_max":"","min_date":"","max_date":"","use_native_date":"","use_native_time":"","field_options":"","allow_multiple":"","select_size":"","inline_list":"","field_html":"","width_tablet":"","width_mobile":"","rows":4,"recaptcha_size":"normal","recaptcha_style":"light","css_classes":""}],"show_labels":"","button_text":"Subscribe","email_content":"[all-fields]","email_content_2":"[all-fields]","success_message":"The form was sent successfully!","error_message":"Please fill in the required fields.","required_field_message":"Required","invalid_message":"There's something wrong. The form is invalid.","column_gap":{"unit":"px","size":0},"row_gap":{"unit":"px","size":11},"label_color":"#ffffff","label_typography_typography":"custom","label_typography_font_size":{"unit":"px","size":12},"field_text_color":"#ffffff","field_typography_typography":"custom","field_typography_font_size":{"unit":"px","size":14},"field_typography_font_weight":"300","field_background_color":"rgba(255,255,255,0.09)","field_border_width":{"unit":"px","top":"0","right":"0","bottom":"0","left":"0","isLinked":false},"field_border_radius":{"unit":"px","top":"0","right":"0","bottom":"0","left":"0","isLinked":true},"button_background_color":"#f49ac3","button_text_color":"#ffffff","button_typography_typography":"custom","button_typography_font_size":{"unit":"px","size":14},"button_typography_font_weight":"600","button_typography_text_transform":"uppercase","button_border_radius":{"unit":"px","top":"0","right":"0","bottom":"0","left":"0","isLinked":true},"button_background_hover_color":"#ffffff","button_hover_color":"#f49ac3"},"elements":[],"isInner":false,"widgetType":"form","elType":"widget"}],"isInner":false,"elType":"column"}],"isInner":false,"elType":"section"},{"id":"2c27ab66","settings":{"height":"min-height","custom_height":{"unit":"px","size":50},"content_position":"middle","structure":"20","background_background":"classic","background_color":"#43464c","padding_tablet":{"unit":"px","top":"0","right":"20","bottom":"0","left":"20","isLinked":false}},"elements":[{"id":"2a1b870a","settings":{"_column_size":50,"_inline_size":null},"elements":[{"id":"7719594d","settings":{"title":"\u00a9 All rights reserved","header_size":"p","title_color":"rgba(255,255,255,0.32)","typography_typography":"custom","typography_font_size":{"unit":"px","size":13},"typography_font_weight":"300","align_mobile":"center"},"elements":[],"isInner":false,"widgetType":"heading","elType":"widget"}],"isInner":false,"elType":"column"},{"id":"1190fcfa","settings":{"_column_size":50,"_inline_size":null},"elements":[{"id":"7a0bb19e","settings":{"social_icon_list":[{"social":"fa fa-twitter","_id":"dc10550","link":{"url":"","is_external":"true","nofollow":""}},{"social":"fa fa-facebook","_id":"0267196","link":{"url":"","is_external":"true","nofollow":""}},{"social":"fa fa-dribbble","link":{"url":"","is_external":"true","nofollow":""},"_id":"0e260c9"},{"social":"fa fa-youtube","_id":"dbaeb71","link":{"url":"","is_external":"true","nofollow":""}},{"social":"fa fa-pinterest","link":{"url":"","is_external":"true","nofollow":""},"_id":"d2d5c50"},{"social":"fa fa-medium","link":{"url":"","is_external":"true","nofollow":""},"_id":"92c0998"}],"align":"right","icon_color":"custom","icon_primary_color":"rgba(0,0,0,0)","icon_secondary_color":"rgba(255,255,255,0.45)","icon_size":{"unit":"px","size":15},"icon_padding":{"unit":"em","size":0},"icon_spacing":{"unit":"px","size":24},"hover_secondary_color":"#f49ac3","align_mobile":"center"},"elements":[],"isInner":false,"widgetType":"social-icons","elType":"widget"}],"isInner":false,"elType":"column"}],"isInner":false,"elType":"section"}]}