{"version":"0.4","title":"Footer12","type":"page","content":[{"id":"5843e7aa","settings":{"background_background":"classic","background_color":"#000000","margin":{"unit":"px","top":"","right":0,"bottom":"","left":0,"isLinked":true},"padding":{"unit":"px","top":"50","right":"0","bottom":"20","left":"0","isLinked":false},"padding_tablet":{"unit":"px","top":"30","right":"10","bottom":"30","left":"10","isLinked":false},"padding_mobile":{"unit":"px","top":"20","right":"20","bottom":"20","left":"20","isLinked":false},"border_border":"solid","border_width":{"unit":"px","top":"5","right":"0","bottom":"0","left":"0","isLinked":false},"border_color":"#e82a00"},"elements":[{"id":"282ca034","settings":{"_column_size":100,"padding_mobile":{"unit":"px","top":"0","right":"0","bottom":"0","left":"0","isLinked":true}},"elements":[{"id":"3e532cbe","settings":{"structure":"50"},"elements":[{"id":"2f780dac","settings":{"_column_size":20,"_inline_size":15,"_inline_size_mobile":50},"elements":[{"id":"7a47d824","settings":{"title":"Get Started","title_color":"#ffffff","typography_typography":"custom","typography_font_size":{"unit":"px","size":18},"typography_font_weight":"500","header_size":"h4"},"elements":[],"isInner":false,"widgetType":"heading","elType":"widget"},{"id":"14a87311","settings":{"icon_list":[{"text":"Resources","icon":"","_id":"6442eb7","link":{"url":"","is_external":"","nofollow":""}},{"text":"Tutorials","icon":"","_id":"21e9fd7","link":{"url":"","is_external":"","nofollow":""}},{"text":"Examples","icon":"","_id":"1fd4f18","link":{"url":"","is_external":"","nofollow":""}},{"text":"Docs","icon":"","_id":"17a281d","link":{"url":"","is_external":"","nofollow":""}}],"space_between":{"unit":"px","size":5},"icon_align":"left","icon_size":{"unit":"px","size":0},"text_color":"rgba(255,255,255,0.79)","text_indent":{"unit":"px","size":0},"icon_typography_typography":"custom","icon_typography_font_size":{"unit":"px","size":14},"icon_typography_font_weight":"300","icon_typography_font_size_tablet":{"unit":"px","size":13}},"elements":[],"isInner":false,"widgetType":"icon-list","elType":"widget"}],"isInner":true,"elType":"column"},{"id":"401c59a9","settings":{"_column_size":20,"_inline_size":15,"_inline_size_mobile":50},"elements":[{"id":"281a75c8","settings":{"title":"About","title_color":"#ffffff","typography_typography":"custom","typography_font_size":{"unit":"px","size":18},"typography_font_weight":"500","header_size":"h4"},"elements":[],"isInner":false,"widgetType":"heading","elType":"widget"},{"id":"3915ffa5","settings":{"icon_list":[{"text":"Stories","icon":"","_id":"6b44671","link":{"url":"","is_external":"","nofollow":""}},{"text":"Community","icon":"","_id":"6442eb7","link":{"url":"","is_external":"","nofollow":""}},{"text":"Blog","icon":"","_id":"fc019a2","link":{"url":"","is_external":"","nofollow":""}},{"text":"Brand Assets","icon":"","_id":"17a281d","link":{"url":"","is_external":"","nofollow":""}}],"space_between":{"unit":"px","size":5},"icon_align":"left","icon_size":{"unit":"px","size":0},"text_color":"rgba(255,255,255,0.79)","text_indent":{"unit":"px","size":0},"icon_typography_typography":"custom","icon_typography_font_size":{"unit":"px","size":14},"icon_typography_font_weight":"300","icon_typography_font_size_tablet":{"unit":"px","size":13}},"elements":[],"isInner":false,"widgetType":"icon-list","elType":"widget"}],"isInner":true,"elType":"column"},{"id":"13271a24","settings":{"_column_size":20,"_inline_size":15,"_inline_size_mobile":50,"margin_mobile":{"unit":"px","top":"20","right":"0","bottom":"0","left":"0","isLinked":false}},"elements":[{"id":"2e2855df","settings":{"title":"Features","title_color":"#ffffff","typography_typography":"custom","typography_font_size":{"unit":"px","size":18},"typography_font_weight":"500","header_size":"h4"},"elements":[],"isInner":false,"widgetType":"heading","elType":"widget"},{"id":"6d1391f4","settings":{"icon_list":[{"text":"Overview","icon":"","_id":"6b44671","link":{"url":"","is_external":"","nofollow":""}},{"text":"Design","icon":"","_id":"6442eb7","link":{"url":"","is_external":"","nofollow":""}},{"text":"Code","icon":"","_id":"fc019a2","link":{"url":"","is_external":"","nofollow":""}},{"text":"Collaborate","icon":"","_id":"1fd4f18","link":{"url":"","is_external":"","nofollow":""}}],"space_between":{"unit":"px","size":5},"icon_align":"left","icon_size":{"unit":"px","size":0},"text_color":"rgba(255,255,255,0.79)","text_indent":{"unit":"px","size":0},"icon_typography_typography":"custom","icon_typography_font_size":{"unit":"px","size":14},"icon_typography_font_weight":"300","icon_typography_font_size_tablet":{"unit":"px","size":13}},"elements":[],"isInner":false,"widgetType":"icon-list","elType":"widget"}],"isInner":true,"elType":"column"},{"id":"19743fcd","settings":{"_column_size":20,"_inline_size":24.018,"_inline_size_mobile":50,"margin_mobile":{"unit":"px","top":"20","right":"0","bottom":"0","left":"0","isLinked":false}},"elements":[{"id":"57bc9ad4","settings":{"title":"Follow Us","title_color":"#ffffff","typography_typography":"custom","typography_font_size":{"unit":"px","size":18},"typography_font_weight":"500","header_size":"h4"},"elements":[],"isInner":false,"widgetType":"heading","elType":"widget"},{"id":"2491a909","settings":{"icon_list":[{"text":"Facebook","icon":"fa fa-facebook-official","_id":"6b44671","link":{"url":"","is_external":"","nofollow":""}},{"text":"Twitter","icon":"fa fa-twitter","_id":"6442eb7","link":{"url":"","is_external":"","nofollow":""}},{"text":"YouTube","icon":"fa fa-youtube-play","_id":"fc019a2","link":{"url":"","is_external":"","nofollow":""}},{"text":"Instagram","icon":"fa fa-instagram","_id":"1fd4f18","link":{"url":"","is_external":"","nofollow":""}}],"space_between":{"unit":"px","size":5},"icon_align":"left","icon_size":{"unit":"px","size":""},"text_color":"rgba(255,255,255,0.79)","text_indent":{"unit":"px","size":15},"icon_typography_typography":"custom","icon_typography_font_size":{"unit":"px","size":14},"icon_typography_font_weight":"300","icon_typography_font_size_tablet":{"unit":"px","size":13},"icon_color":"#ffffff"},"elements":[],"isInner":false,"widgetType":"icon-list","elType":"widget"}],"isInner":true,"elType":"column"},{"id":"15b97ef3","settings":{"_column_size":20,"_inline_size":30.982,"margin_mobile":{"unit":"px","top":"20","right":"0","bottom":"20","left":"0","isLinked":false}},"elements":[{"id":"4e57a4df","settings":{"form_name":"New Form","form_fields":[{"_id":"email","field_type":"email","required":"true","field_label":"Email","placeholder":"Email","width":"100","field_value":"","file_sizes":"","file_types":"","allow_multiple_upload":"","max_files":"","acceptance_text":"","checked_by_default":"","field_min":"","field_max":"","min_date":"","max_date":"","use_native_date":"","use_native_time":"","field_options":"","allow_multiple":"","select_size":"","inline_list":"","field_html":"","width_tablet":"","width_mobile":"","rows":4,"recaptcha_size":"normal","recaptcha_style":"light","css_classes":""}],"show_labels":"","button_text":"Subscribe","button_width":"","email_content":"[all-fields]","email_content_2":"[all-fields]","success_message":"The form was sent successfully!","error_message":"Please fill in the required fields.","required_field_message":"Required","invalid_message":"There's something wrong. The form is invalid.","column_gap":{"unit":"px","size":""},"row_gap":{"unit":"px","size":12},"label_typography_typography":"custom","label_typography_font_size":{"unit":"px","size":15},"label_typography_font_weight":"600","field_typography_typography":"custom","field_typography_font_size":{"unit":"px","size":15},"field_typography_font_weight":"400","field_border_width":{"unit":"px","top":"0","right":"0","bottom":"0","left":"0","isLinked":true},"field_border_radius":{"unit":"px","top":"0","right":"0","bottom":"0","left":"0","isLinked":true},"button_text_color":"#ffffff","button_typography_typography":"custom","button_typography_font_size":{"unit":"px","size":15},"button_typography_font_weight":"600","button_typography_text_transform":"uppercase","button_background_color":"#e82a00","button_border_radius":{"unit":"px","top":"0","right":"0","bottom":"0","left":"0","isLinked":true},"button_hover_color":"#ffffff","button_background_hover_color":"#b52700","input_size":"md","button_size":"md"},"elements":[],"isInner":false,"widgetType":"form","elType":"widget"}],"isInner":true,"elType":"column"}],"isInner":true,"elType":"section"},{"id":"524c5607","settings":{"content_position":"middle","structure":"20","border_border":"solid","border_width":{"unit":"px","top":"1","right":"0","bottom":"0","left":"0","isLinked":false},"border_color":"rgba(255,255,255,0.25)","margin":{"unit":"px","top":"80","right":0,"bottom":"0","left":0,"isLinked":false},"padding":{"unit":"px","top":"20","right":"0","bottom":"0","left":"0","isLinked":false},"margin_mobile":{"unit":"px","top":"0","right":0,"bottom":"0","left":0,"isLinked":false}},"elements":[{"id":"38258bcf","settings":{"_column_size":50,"_inline_size":null,"_inline_size_tablet":30},"elements":[{"id":"59946d53","settings":{"__dynamic__":{"image":"[elementor-tag id=\"\" name=\"site-logo\" settings=\"%7B%7D\"]","link":"[elementor-tag id=\"\" name=\"site-url\" settings=\"%7B%7D\"]"},"align_mobile":"center","width":{"unit":"px","size":120},"width_mobile":{"unit":"px","size":70},"image":{"id":"291","url":"http:\/\/localhost\/test\/wp-content\/uploads\/2018\/09\/placeholder-2.png"}},"elements":[],"isInner":false,"widgetType":"theme-site-logo","elType":"widget"}],"isInner":true,"elType":"column"},{"id":"39c205c4","settings":{"_column_size":50,"_inline_size":null,"_inline_size_tablet":70},"elements":[{"id":"1882fe67","settings":{"title":"Copyright 2018 \u00a9 All rights Reserved. Design by Elementor","title_color":"rgba(255,255,255,0.39)","typography_typography":"custom","typography_font_size":{"unit":"px","size":13},"typography_font_weight":"300","align":"right","typography_font_size_tablet":{"unit":"px","size":14},"typography_line_height_mobile":{"unit":"px","size":18},"header_size":"p","align_mobile":"center"},"elements":[],"isInner":false,"widgetType":"heading","elType":"widget"}],"isInner":true,"elType":"column"}],"isInner":true,"elType":"section"}],"isInner":false,"elType":"column"}],"isInner":false,"elType":"section"}]}