{"version":"0.4","title":"Footer4","type":"page","content":[{"id":"fdec94c","settings":{"background_background":"classic","background_color":"#001c38","margin":{"unit":"px","top":"","right":0,"bottom":"","left":0,"isLinked":true},"padding":{"unit":"px","top":"70","right":"0","bottom":"70","left":"0","isLinked":false},"padding_tablet":{"unit":"px","top":"50","right":"20","bottom":"50","left":"20","isLinked":false},"padding_mobile":{"unit":"px","top":"35","right":"20","bottom":"35","left":"20","isLinked":false},"structure":"40"},"elements":[{"id":"d0c93c6","settings":{"_column_size":25,"_inline_size":40,"_inline_size_tablet":35,"margin":{"unit":"px","top":"0","right":"80","bottom":"0","left":"0","isLinked":false},"margin_tablet":{"unit":"%","top":"0","right":"15","bottom":"0","left":"0","isLinked":false},"margin_mobile":{"unit":"px","top":"0","right":"0","bottom":"50","left":"0","isLinked":false},"padding_mobile":{"unit":"px","top":"0","right":"0","bottom":"0","left":"0","isLinked":false}},"elements":[{"id":"31f1c7a1","settings":{"__dynamic__":{"image":"[elementor-tag id=\"\" name=\"site-logo\" settings=\"%7B%7D\"]","link":"[elementor-tag id=\"\" name=\"site-url\" settings=\"%7B%7D\"]"},"width":{"unit":"px","size":120},"width_mobile":{"unit":"px","size":70},"image":{"id":"291","url":"http:\/\/localhost\/test\/wp-content\/uploads\/2018\/09\/placeholder-2.png"}},"elements":[],"isInner":false,"widgetType":"theme-site-logo","elType":"widget"},{"id":"21a84dda","settings":{"text_color":"rgba(255,255,255,0.65)","typography_typography":"custom","typography_font_size":{"unit":"px","size":14},"typography_font_weight":"300","editor":"<p>I am text block. Click edit button to change this text. Lorem ipsum dolor sit amet, consectetur adipiscing elit. Ut elit tellus, luctus nec ullamcorper matti pibus leo.<\/p>","align_mobile":"left"},"elements":[],"isInner":false,"widgetType":"text-editor","elType":"widget"},{"id":"787cd218","settings":{"social_icon_list":[{"social":"fa fa-twitter","_id":"dc10550","link":{"url":"","is_external":"true","nofollow":""}},{"social":"fa fa-facebook","_id":"0267196","link":{"url":"","is_external":"true","nofollow":""}},{"social":"fa fa-dribbble","link":{"url":"","is_external":"true","nofollow":""},"_id":"0e260c9"},{"social":"fa fa-youtube","_id":"dbaeb71","link":{"url":"","is_external":"true","nofollow":""}},{"social":"fa fa-pinterest","link":{"url":"","is_external":"true","nofollow":""},"_id":"d2d5c50"},{"social":"fa fa-medium","link":{"url":"","is_external":"true","nofollow":""},"_id":"92c0998"}],"icon_color":"custom","icon_primary_color":"rgba(255,255,255,0.21)","icon_secondary_color":"#ffffff","icon_size":{"unit":"px","size":15},"icon_padding":{"unit":"em","size":0.6},"icon_spacing":{"unit":"px","size":9},"hover_secondary_color":"#001c38","_padding":{"unit":"px","top":"20","right":"0","bottom":"0","left":"0","isLinked":false},"align":"left","align_mobile":"left","hover_primary_color":"#ffffff","icon_size_tablet":{"unit":"px","size":10}},"elements":[],"isInner":false,"widgetType":"social-icons","elType":"widget"}],"isInner":false,"elType":"column"},{"id":"6b671d5f","settings":{"_column_size":25,"_inline_size":20,"_inline_size_tablet":20,"_inline_size_mobile":33,"content_position":"top","padding_mobile":{"unit":"px","top":"0","right":"0","bottom":"0","left":"0","isLinked":true}},"elements":[{"id":"22eac95e","settings":{"title":"Get Started","title_color":"#ffffff","typography_typography":"custom","typography_font_size":{"unit":"px","size":18},"typography_font_weight":"500","align":"left","align_mobile":"left"},"elements":[],"isInner":false,"widgetType":"heading","elType":"widget"},{"id":"69a98dc8","settings":{"icon_list":[{"text":"Tutorials","icon":"","_id":"6b44671","link":{"url":"","is_external":"","nofollow":""}},{"text":"Resources","icon":"","_id":"6442eb7","link":{"url":"","is_external":"","nofollow":""}},{"text":"Guides","icon":"","_id":"fc019a2","link":{"url":"","is_external":"","nofollow":""}},{"text":"Examples","icon":"","_id":"1fd4f18","link":{"url":"","is_external":"","nofollow":""}},{"text":"Docs","icon":"","_id":"17a281d","link":{"url":"","is_external":"","nofollow":""}}],"space_between":{"unit":"px","size":5},"icon_align":"left","icon_size":{"unit":"px","size":0},"text_color":"rgba(255,255,255,0.38)","text_indent":{"unit":"px","size":0},"icon_typography_typography":"custom","icon_typography_font_size":{"unit":"px","size":14},"icon_typography_font_weight":"300","icon_typography_font_size_mobile":{"unit":"px","size":13},"icon_align_mobile":"left","icon_typography_font_size_tablet":{"unit":"px","size":13}},"elements":[],"isInner":false,"widgetType":"icon-list","elType":"widget"}],"isInner":false,"elType":"column"},{"id":"524598d5","settings":{"_column_size":25,"_inline_size":20,"_inline_size_tablet":20,"_inline_size_mobile":33,"content_position":"top","padding_mobile":{"unit":"px","top":"0","right":"0","bottom":"0","left":"0","isLinked":true}},"elements":[{"id":"42dca8a0","settings":{"title":"About","title_color":"#ffffff","typography_typography":"custom","typography_font_size":{"unit":"px","size":18},"typography_font_weight":"500","align":"left","align_mobile":"left"},"elements":[],"isInner":false,"widgetType":"heading","elType":"widget"},{"id":"66a2157c","settings":{"icon_list":[{"text":"Stories","icon":"","_id":"6b44671","link":{"url":"","is_external":"","nofollow":""}},{"text":"Community","icon":"","_id":"6442eb7","link":{"url":"","is_external":"","nofollow":""}},{"text":"Blog","icon":"","_id":"fc019a2","link":{"url":"","is_external":"","nofollow":""}},{"text":"Careers","icon":"","_id":"1fd4f18","link":{"url":"","is_external":"","nofollow":""}},{"text":"Brand Assets","icon":"","_id":"17a281d","link":{"url":"","is_external":"","nofollow":""}}],"space_between":{"unit":"px","size":5},"icon_align":"left","icon_size":{"unit":"px","size":0},"text_color":"rgba(255,255,255,0.38)","text_indent":{"unit":"px","size":0},"icon_typography_typography":"custom","icon_typography_font_size":{"unit":"px","size":14},"icon_typography_font_weight":"300","icon_typography_font_size_mobile":{"unit":"px","size":13},"icon_align_mobile":"left","icon_typography_font_size_tablet":{"unit":"px","size":13}},"elements":[],"isInner":false,"widgetType":"icon-list","elType":"widget"}],"isInner":false,"elType":"column"},{"id":"4f11fe34","settings":{"_column_size":25,"_inline_size":20,"_inline_size_tablet":20,"_inline_size_mobile":33,"content_position":"top","padding_mobile":{"unit":"px","top":"0","right":"0","bottom":"0","left":"0","isLinked":true},"margin_tablet":{"unit":"px","top":"0","right":"0","bottom":"0","left":"0","isLinked":false}},"elements":[{"id":"12c785ed","settings":{"title":"Downloads","title_color":"#ffffff","typography_typography":"custom","typography_font_size":{"unit":"px","size":18},"typography_font_weight":"500","align":"left"},"elements":[],"isInner":false,"widgetType":"heading","elType":"widget"},{"id":"6147faaa","settings":{"icon_list":[{"text":"Flex UI Kit","icon":"","_id":"6b44671","link":{"url":"","is_external":"","nofollow":""}},{"text":"Modern UI Kit","icon":"","_id":"6442eb7","link":{"url":"","is_external":"","nofollow":""}},{"text":"Framer UI Kit","icon":"","_id":"fc019a2","link":{"url":"","is_external":"","nofollow":""}},{"text":"Gradients UI Kit","icon":"","_id":"1fd4f18","link":{"url":"","is_external":"","nofollow":""}},{"text":"Black & White UI Kit","icon":"","_id":"17a281d","link":{"url":"","is_external":"","nofollow":""}}],"space_between":{"unit":"px","size":5},"icon_align":"left","icon_size":{"unit":"px","size":0},"text_color":"rgba(255,255,255,0.38)","text_indent":{"unit":"px","size":0},"icon_typography_typography":"custom","icon_typography_font_size":{"unit":"px","size":14},"icon_typography_font_weight":"300","icon_typography_font_size_mobile":{"unit":"px","size":13},"icon_typography_font_size_tablet":{"unit":"px","size":13}},"elements":[],"isInner":false,"widgetType":"icon-list","elType":"widget"}],"isInner":false,"elType":"column"}],"isInner":false,"elType":"section"},{"id":"296451d","settings":{"height":"min-height","custom_height":{"unit":"px","size":50},"content_position":"middle","structure":"20","background_background":"classic","background_color":"#001c38","border_border":"solid","border_width":{"unit":"px","top":"1","right":"0","bottom":"0","left":"0","isLinked":false},"border_color":"rgba(255,255,255,0.19)","padding_tablet":{"unit":"px","top":"10","right":"20","bottom":"10","left":"20","isLinked":false},"padding_mobile":{"unit":"px","top":"30","right":"20","bottom":"20","left":"20","isLinked":false}},"elements":[{"id":"c03f371","settings":{"_column_size":50,"_inline_size":null,"margin_mobile":{"unit":"px","top":"0","right":"0","bottom":"0","left":"0","isLinked":false},"padding_mobile":{"unit":"px","top":"0","right":"0","bottom":"0","left":"0","isLinked":false}},"elements":[{"id":"49b4b78d","settings":{"title":"\u00a9 All rights reserved","header_size":"h3","title_color":"#adadad","typography_typography":"custom","typography_font_size":{"unit":"px","size":12},"typography_font_weight":"300","align":"left","align_mobile":"center"},"elements":[],"isInner":false,"widgetType":"heading","elType":"widget"}],"isInner":false,"elType":"column"},{"id":"63eac5d6","settings":{"_column_size":50,"_inline_size":null},"elements":[{"id":"409395ca","settings":{"title":"Made with \u2764 by Elementor","header_size":"h3","title_color":"#adadad","typography_typography":"custom","typography_font_size":{"unit":"px","size":12},"typography_font_weight":"300","align":"right","align_mobile":"center"},"elements":[],"isInner":false,"widgetType":"heading","elType":"widget"}],"isInner":false,"elType":"column"}],"isInner":false,"elType":"section"}]}