{"version":"0.4","title":"Footer9","type":"page","content":[{"id":"1cba76e4","settings":{"content_position":"middle","background_background":"gradient","background_color":"#575860","margin":{"unit":"px","top":"","right":0,"bottom":"","left":0,"isLinked":true},"padding":{"unit":"px","top":"70","right":"0","bottom":"20","left":"0","isLinked":false},"padding_tablet":{"unit":"px","top":"50","right":"20","bottom":"20","left":"20","isLinked":false},"padding_mobile":{"unit":"px","top":"40","right":"15","bottom":"20","left":"15","isLinked":false},"background_color_b":"#3a3a3a","background_gradient_angle":{"unit":"deg","size":360},"border_border":"solid","border_width":{"unit":"px","top":"10","right":"0","bottom":"0","left":"0","isLinked":false},"border_color":"#39c7ce"},"elements":[{"id":"574b6a7d","settings":{"_column_size":100,"_inline_size":null,"padding_mobile":{"unit":"px","top":"0","right":"0","bottom":"0","left":"0","isLinked":false}},"elements":[{"id":"69d4fff0","settings":{"structure":"40"},"elements":[{"id":"b32dafa","settings":{"_column_size":25,"_inline_size":15,"_inline_size_tablet":33,"_inline_size_mobile":33},"elements":[{"id":"2dff979f","settings":{"title":"Company","title_color":"#39c7ce","typography_typography":"custom","typography_font_size":{"unit":"px","size":15},"typography_font_weight":"600","typography_text_transform":"uppercase","header_size":"h4"},"elements":[],"isInner":false,"widgetType":"heading","elType":"widget"},{"id":"2366cd6d","settings":{"icon_list":[{"text":"Pricing","icon":"","_id":"a3a66d7","link":{"url":"","is_external":"","nofollow":""}},{"text":"Education","icon":"","_id":"7c66e1f","link":{"url":"","is_external":"","nofollow":""}},{"text":"Refer a Friend","icon":"","_id":"9827a56","link":{"url":"","is_external":"","nofollow":""}},{"text":"Updates","icon":"","_id":"db2aada","link":{"url":"","is_external":"","nofollow":""}},{"text":"Beta","icon":"","_id":"0dadfa6","link":{"url":"","is_external":"","nofollow":""}}],"space_between":{"unit":"px","size":5},"icon_size":{"unit":"px","size":6},"text_color":"#ffffff","text_indent":{"unit":"px","size":0},"icon_typography_typography":"custom","icon_typography_font_size":{"unit":"px","size":14},"icon_typography_font_weight":"300","icon_typography_font_size_tablet":{"unit":"px","size":13}},"elements":[],"isInner":false,"widgetType":"icon-list","elType":"widget"}],"isInner":true,"elType":"column"},{"id":"2b3dd75","settings":{"_column_size":25,"_inline_size":15,"_inline_size_tablet":33,"_inline_size_mobile":33},"elements":[{"id":"3c27fd44","settings":{"title":"features","title_color":"#39c7ce","typography_typography":"custom","typography_font_size":{"unit":"px","size":15},"typography_font_weight":"600","typography_text_transform":"uppercase","header_size":"h4"},"elements":[],"isInner":false,"widgetType":"heading","elType":"widget"},{"id":"2c6440b2","settings":{"icon_list":[{"text":"Design","icon":"","_id":"a3a66d7","link":{"url":"","is_external":"","nofollow":""}},{"text":"Prototype","icon":"","_id":"7c66e1f","link":{"url":"","is_external":"","nofollow":""}},{"text":"Collaborate","icon":"","_id":"9827a56","link":{"url":"","is_external":"","nofollow":""}},{"text":"Sketch ","icon":"","_id":"db2aada","link":{"url":"","is_external":"","nofollow":""}},{"text":"Photoshop","icon":"","_id":"0dadfa6","link":{"url":"","is_external":"","nofollow":""}}],"space_between":{"unit":"px","size":5},"icon_size":{"unit":"px","size":6},"text_color":"#ffffff","text_indent":{"unit":"px","size":0},"icon_typography_typography":"custom","icon_typography_font_size":{"unit":"px","size":14},"icon_typography_font_weight":"300","icon_typography_font_size_tablet":{"unit":"px","size":13}},"elements":[],"isInner":false,"widgetType":"icon-list","elType":"widget"}],"isInner":true,"elType":"column"},{"id":"396f26cf","settings":{"_column_size":25,"_inline_size":26.339,"_inline_size_tablet":33,"_inline_size_mobile":33},"elements":[{"id":"79893311","settings":{"title":"get started","title_color":"#39c7ce","typography_typography":"custom","typography_font_size":{"unit":"px","size":15},"typography_font_weight":"600","typography_text_transform":"uppercase","header_size":"h4"},"elements":[],"isInner":false,"widgetType":"heading","elType":"widget"},{"id":"7ec2fbfd","settings":{"icon_list":[{"text":"Tutorials","icon":"","_id":"a3a66d7","link":{"url":"","is_external":"","nofollow":""}},{"text":"Resources","icon":"","_id":"7c66e1f","link":{"url":"","is_external":"","nofollow":""}},{"text":"Guides","icon":"","_id":"9827a56","link":{"url":"","is_external":"","nofollow":""}},{"text":"Example","icon":"","_id":"db2aada","link":{"url":"","is_external":"","nofollow":""}},{"text":"Docs","icon":"","_id":"0dadfa6","link":{"url":"","is_external":"","nofollow":""}}],"space_between":{"unit":"px","size":5},"icon_size":{"unit":"px","size":6},"text_color":"#ffffff","text_indent":{"unit":"px","size":0},"icon_typography_typography":"custom","icon_typography_font_size":{"unit":"px","size":14},"icon_typography_font_weight":"300","icon_typography_font_size_tablet":{"unit":"px","size":13}},"elements":[],"isInner":false,"widgetType":"icon-list","elType":"widget"}],"isInner":true,"elType":"column"},{"id":"7d43184b","settings":{"_column_size":25,"_inline_size":43.661,"_inline_size_tablet":100,"margin_tablet":{"unit":"px","top":"60","right":"0","bottom":"0","left":"0","isLinked":false},"margin_mobile":{"unit":"px","top":"40","right":"0","bottom":"0","left":"0","isLinked":false},"padding_tablet":{"unit":"%","top":"0","right":"20","bottom":"0","left":"20","isLinked":false},"padding_mobile":{"unit":"px","top":"10","right":"10","bottom":"10","left":"10","isLinked":true}},"elements":[{"id":"5190fadd","settings":{"title":"Weekly Newslatter","title_color":"#39c7ce","typography_typography":"custom","typography_font_size":{"unit":"px","size":15},"typography_font_weight":"600","typography_text_transform":"uppercase","header_size":"h4","align_tablet":"center","align_mobile":"left"},"elements":[],"isInner":false,"widgetType":"heading","elType":"widget"},{"id":"1d3bcfe3","settings":{"editor":"<p>I am text block. Click edit button to change this text. Lorem ipsum dolor sit amet, conse iscing elit. Ut elit telctus nec ullamcorper matti<\/p>","text_color":"#ffffff","typography_typography":"custom","typography_font_size":{"unit":"px","size":14},"typography_font_weight":"300","align_tablet":"center","align_mobile":"left"},"elements":[],"isInner":false,"widgetType":"text-editor","elType":"widget"},{"id":"40a614bd","settings":{"form_name":"New Form","form_fields":[{"_id":"email","field_type":"email","required":"true","field_label":"Email","placeholder":"Your Email","width":"66","field_value":"","file_sizes":"","file_types":"","allow_multiple_upload":"","max_files":"","acceptance_text":"","checked_by_default":"","field_min":"","field_max":"","min_date":"","max_date":"","use_native_date":"","use_native_time":"","field_options":"","allow_multiple":"","select_size":"","inline_list":"","field_html":"","width_tablet":"","width_mobile":"","rows":4,"recaptcha_size":"normal","recaptcha_style":"light","css_classes":""}],"show_labels":"","button_text":"Subscribe","button_width":"33","email_content":"[all-fields]","email_content_2":"[all-fields]","success_message":"The form was sent successfully!","error_message":"Please fill in the required fields.","required_field_message":"Required","invalid_message":"There's something wrong. The form is invalid.","column_gap":{"unit":"px","size":0},"row_gap":{"unit":"px","size":0},"label_color":"#ffffff","label_typography_typography":"custom","label_typography_font_size":{"unit":"px","size":12},"field_text_color":"#000000","field_typography_typography":"custom","field_typography_font_size":{"unit":"px","size":14},"field_typography_font_weight":"300","field_border_width":{"unit":"px","top":"0","right":"0","bottom":"0","left":"0","isLinked":false},"field_border_radius":{"unit":"px","top":"0","right":"0","bottom":"0","left":"0","isLinked":true},"button_background_color":"#39c7ce","button_text_color":"#ffffff","button_typography_typography":"custom","button_typography_font_size":{"unit":"px","size":14},"button_typography_font_weight":"600","button_typography_text_transform":"uppercase","button_border_radius":{"unit":"px","top":"0","right":"0","bottom":"0","left":"0","isLinked":true},"button_background_hover_color":"#00ce1b","button_hover_color":"#ffffff","input_size":"md","button_size":"md"},"elements":[],"isInner":false,"widgetType":"form","elType":"widget"}],"isInner":true,"elType":"column"}],"isInner":true,"elType":"section"},{"id":"2cceb8","settings":{"structure":"20","border_border":"dotted","border_width":{"unit":"px","top":"1","right":"0","bottom":"0","left":"0","isLinked":false},"border_color":"rgba(255,255,255,0.56)","margin":{"unit":"px","top":"80","right":0,"bottom":"0","left":0,"isLinked":false},"padding":{"unit":"px","top":"30","right":"0","bottom":"0","left":"0","isLinked":false},"margin_tablet":{"unit":"px","top":"70","right":0,"bottom":"0","left":0,"isLinked":false},"margin_mobile":{"unit":"px","top":"40","right":0,"bottom":"0","left":0,"isLinked":false}},"elements":[{"id":"3c6eecee","settings":{"_column_size":50,"_inline_size":null,"_inline_size_tablet":40,"_inline_size_mobile":40},"elements":[{"id":"6f7db3a","settings":{"__dynamic__":{"image":"[elementor-tag id=\"\" name=\"site-logo\" settings=\"%7B%7D\"]","link":"[elementor-tag id=\"\" name=\"site-url\" settings=\"%7B%7D\"]"},"width":{"unit":"px","size":120},"width_mobile":{"unit":"px","size":70},"image":{"id":"291","url":"http:\/\/localhost\/test\/wp-content\/uploads\/2018\/09\/placeholder-2.png"}},"elements":[],"isInner":false,"widgetType":"theme-site-logo","elType":"widget"}],"isInner":true,"elType":"column"},{"id":"7388b232","settings":{"_column_size":50,"_inline_size":null,"_inline_size_tablet":60,"_inline_size_mobile":60},"elements":[{"id":"469d91c3","settings":{"social_icon_list":[{"social":"fa fa-dribbble","link":{"url":"","is_external":"true","nofollow":""},"_id":"4b6e3d3"},{"social":"fa fa-instagram","link":{"url":"","is_external":"true","nofollow":""},"_id":"5e3d796"},{"social":"fa fa-facebook","_id":"6fb5456","link":{"url":"","is_external":"true","nofollow":""}},{"social":"fa fa-twitter","_id":"d3eb4b3","link":{"url":"","is_external":"true","nofollow":""}},{"social":"fa fa-google-plus","_id":"a81dcdb","link":{"url":"","is_external":"true","nofollow":""}}],"shape":"circle","align":"right","icon_size":{"unit":"px","size":14},"icon_padding":{"unit":"em","size":1},"icon_spacing":{"unit":"px","size":10},"icon_size_mobile":{"unit":"px","size":11},"icon_padding_mobile":{"unit":"em","size":0.6},"icon_spacing_mobile":{"unit":"px","size":6}},"elements":[],"isInner":false,"widgetType":"social-icons","elType":"widget"}],"isInner":true,"elType":"column"}],"isInner":true,"elType":"section"}],"isInner":false,"elType":"column"}],"isInner":false,"elType":"section"}]}