{"version":"0.4","title":"Footer1","type":"page","content":[{"id":"45544f57","settings":{"gap":"no","content_position":"middle","background_background":"classic","background_color":"#000000","margin":{"unit":"px","top":"","right":0,"bottom":"","left":0,"isLinked":true},"padding":{"unit":"px","top":"100","right":"0","bottom":"100","left":"0","isLinked":false},"padding_tablet":{"unit":"px","top":"50","right":"25","bottom":"50","left":"25","isLinked":false},"padding_mobile":{"unit":"px","top":"50","right":"20","bottom":"50","left":"20","isLinked":false}},"elements":[{"id":"1af4cab9","settings":{"_column_size":100,"padding":{"unit":"%","top":"0","right":"25","bottom":"0","left":"25","isLinked":false},"padding_tablet":{"unit":"px","top":"0","right":"100","bottom":"0","left":"100","isLinked":false},"padding_mobile":{"unit":"px","top":"0","right":"0","bottom":"0","left":"0","isLinked":true}},"elements":[{"id":"207ae645","settings":{"title":"Stay in Touch","align":"center","title_color":"#ffffff","typography_typography":"custom","typography_font_size":{"unit":"px","size":45},"typography_font_weight":"600"},"elements":[],"isInner":false,"widgetType":"heading","elType":"widget"},{"id":"f95fb0e","settings":{"editor":"<p>I am text block. Click edit button to change this text. Lorem ipsum dolor sit amet, consectetur adipiscing elit.\u00a0<\/p>","align":"center","_margin":{"unit":"px","top":"-5","right":"0","bottom":"0","left":"0","isLinked":false},"_padding":{"unit":"px","top":"0","right":"0","bottom":"0","left":"20","isLinked":false},"typography_typography":"custom","typography_font_size":{"unit":"px","size":15},"typography_font_weight":"300"},"elements":[],"isInner":false,"widgetType":"text-editor","elType":"widget"},{"id":"4d4cb422","settings":{"form_name":"New Form","form_fields":[{"_id":"email","field_type":"email","required":"true","field_label":"Email","placeholder":"Email","width":"75","field_value":"","file_sizes":"","file_types":"","allow_multiple_upload":"","max_files":"","acceptance_text":"","checked_by_default":"","field_min":"","field_max":"","min_date":"","max_date":"","use_native_date":"","use_native_time":"","field_options":"","allow_multiple":"","select_size":"","inline_list":"","field_html":"","width_tablet":"","width_mobile":"","rows":4,"recaptcha_size":"normal","recaptcha_style":"light","css_classes":""}],"show_labels":"","button_text":"subscribe","button_width":"25","email_content":"[all-fields]","email_content_2":"[all-fields]","success_message":"The form was sent successfully!","error_message":"Please fill in the required fields.","required_field_message":"Required","invalid_message":"There's something wrong. The form is invalid.","column_gap":{"unit":"px","size":0},"row_gap":{"unit":"px","size":0},"label_typography_typography":"custom","label_typography_font_size":{"unit":"px","size":15},"label_typography_font_weight":"600","field_text_color":"#ffffff","field_typography_typography":"custom","field_typography_font_size":{"unit":"px","size":15},"field_typography_font_weight":"400","field_background_color":"rgba(255,255,255,0.14)","field_border_width":{"unit":"px","top":"0","right":"0","bottom":"0","left":"0","isLinked":true},"field_border_radius":{"unit":"px","top":"0","right":"0","bottom":"0","left":"0","isLinked":true},"button_text_color":"#000000","button_typography_typography":"custom","button_typography_font_size":{"unit":"px","size":15},"button_typography_font_weight":"600","button_typography_text_transform":"uppercase","button_background_color":"#ffffff","button_border_radius":{"unit":"px","top":"0","right":"0","bottom":"0","left":"0","isLinked":true},"button_hover_color":"#000000","button_background_hover_color":"#00ce1b"},"elements":[],"isInner":false,"widgetType":"form","elType":"widget"}],"isInner":false,"elType":"column"}],"isInner":false,"elType":"section"},{"id":"42a4e78","settings":{"gap":"no","content_position":"middle","background_background":"classic","background_color":"#2b2b2b","padding":{"unit":"px","top":"50","right":"0","bottom":"50","left":"0","isLinked":false},"padding_tablet":{"unit":"px","top":"30","right":"25","bottom":"30","left":"25","isLinked":false},"padding_mobile":{"unit":"px","top":"30","right":"20","bottom":"30","left":"20","isLinked":false}},"elements":[{"id":"25f8431c","settings":{"_column_size":100,"_inline_size":null},"elements":[{"id":"3d1cc75d","settings":{"social_icon_list":[{"social":"fa fa-facebook","_id":"993ef04","link":{"url":"","is_external":"true","nofollow":""}},{"social":"fa fa-twitter","_id":"a229ff5","link":{"url":"","is_external":"true","nofollow":""}},{"social":"fa fa-google-plus","_id":"a1c64d4","link":{"url":"","is_external":"true","nofollow":""}},{"social":"fa fa-pinterest","link":{"url":"","is_external":"true","nofollow":""},"_id":"f4f16ac"}],"icon_color":"custom","icon_primary_color":"rgba(255,255,255,0)","icon_secondary_color":"rgba(255,255,255,0.32)","icon_size":{"unit":"px","size":16},"icon_padding":{"unit":"em","size":0},"icon_spacing":{"unit":"px","size":22},"hover_secondary_color":"#00ce1b","hover_primary_color":"rgba(255,255,255,0)"},"elements":[],"isInner":false,"widgetType":"social-icons","elType":"widget"},{"id":"605539d0","settings":{"title":"","title_color":"rgba(255,255,255,0.39)","typography_typography":"custom","typography_font_size":{"unit":"px","size":15},"typography_font_weight":"300","align":"center","_padding":{"unit":"px","top":"15","right":"0","bottom":"0","left":"0","isLinked":false},"typography_line_height_mobile":{"unit":"px","size":25},"__dynamic__":{"title":"[elementor-tag id=\"1e457db\" name=\"current-date-time\" settings=\"{\"date_format\":\"custom\",\"custom_format\":\"Y\",\"before\":\"Copyright \",\"after\":\" \u00a9 All rights Reserved. Design by Elementor\",\"fallback\":\"2018\"}\"]"}},"elements":[],"isInner":false,"widgetType":"heading","elType":"widget"}],"isInner":false,"elType":"column"}],"isInner":false,"elType":"section"}]}