{"version":"0.4","title":"Header5","type":"page","content":[{"id":"3852bb11","settings":{"height":"min-height","custom_height":{"unit":"px","size":40},"content_position":"middle","structure":"20","background_background":"classic","background_color":"#02d1ae","custom_height_mobile":{"unit":"px","size":0},"padding_tablet":{"unit":"px","top":"10","right":"20","bottom":"10","left":"20","isLinked":false},"padding_mobile":{"unit":"px","top":"0","right":"20","bottom":"0","left":"20","isLinked":false}},"elements":[{"id":"3de4a0f6","settings":{"_column_size":50,"_inline_size":null,"_inline_size_tablet":70,"padding_mobile":{"unit":"px","top":"0","right":"0","bottom":"0","left":"0","isLinked":false}},"elements":[{"id":"1be82990","settings":{"view":"inline","icon_list":[{"text":"+33 877 554 332","icon":"fa fa-phone","_id":"7a7a069","link":{"url":"","is_external":"","nofollow":""}},{"text":"info@website.com","icon":"fa fa-envelope-o","_id":"9c91fc4","link":{"url":"","is_external":"","nofollow":""}},{"text":"Mon - Fri: 9:00 - 18:30","icon":"fa fa-clock-o","_id":"fb1feea","link":{"url":"","is_external":"","nofollow":""}}],"space_between":{"unit":"px","size":28},"icon_color":"#ffffff","text_color":"#ffffff","text_indent":{"unit":"px","size":11},"icon_typography_typography":"custom","icon_typography_font_size":{"unit":"px","size":12},"space_between_mobile":{"unit":"px","size":25},"icon_align_mobile":"center","icon_typography_line_height_mobile":{"unit":"em","size":2},"hide_mobile":"hidden-phone"},"elements":[],"isInner":false,"widgetType":"icon-list","elType":"widget"}],"isInner":false,"elType":"column"},{"id":"3cda29b8","settings":{"_column_size":50,"_inline_size":null,"_inline_size_tablet":30},"elements":[{"id":"2423ae33","settings":{"social_icon_list":[{"social":"fa fa-facebook","_id":"5646027","link":{"url":"","is_external":"true","nofollow":""}},{"social":"fa fa-twitter","_id":"72bc942","link":{"url":"","is_external":"true","nofollow":""}},{"social":"fa fa-google-plus","_id":"96bd910","link":{"url":"","is_external":"true","nofollow":""}},{"social":"fa fa-instagram","link":{"url":"","is_external":"true","nofollow":""},"_id":"7c2bcc0"},{"social":"fa fa-youtube","link":{"url":"","is_external":"true","nofollow":""},"_id":"4b27cd1"}],"align":"right","icon_color":"custom","icon_primary_color":"rgba(0,0,0,0)","icon_secondary_color":"#ffffff","icon_size":{"unit":"px","size":14},"align_mobile":"center"},"elements":[],"isInner":false,"widgetType":"social-icons","elType":"widget"}],"isInner":false,"elType":"column"}],"isInner":false,"elType":"section"},{"id":"3246263b","settings":{"gap":"no","border_color":"#d1d1d1","padding_tablet":{"unit":"px","top":"20","right":"20","bottom":"20","left":"20","isLinked":true},"content_position":"middle"},"elements":[{"id":"14f53aed","settings":{"_column_size":100,"margin":{"unit":"px","top":"0","right":"0","bottom":"0","left":"0","isLinked":false},"padding":{"unit":"px","top":"0","right":"0","bottom":"0","left":"0","isLinked":false}},"elements":[{"id":"4ea511cf","settings":{"__dynamic__":{"image":"[elementor-tag id=\"\" name=\"site-logo\" settings=\"%7B%7D\"]","link":"[elementor-tag id=\"\" name=\"site-url\" settings=\"%7B%7D\"]"},"align":"center","width":{"unit":"px","size":120},"width_mobile":{"unit":"px","size":80},"_margin":{"unit":"px","top":"50","right":"0","bottom":"40","left":"0","isLinked":false},"_margin_tablet":{"unit":"px","top":"30","right":"0","bottom":"30","left":"0","isLinked":false},"_margin_mobile":{"unit":"px","top":"010","right":"0","bottom":"10","left":"0","isLinked":false},"image":{"id":"291","url":"http:\/\/localhost\/test\/wp-content\/uploads\/2018\/09\/placeholder-2.png"}},"elements":[],"isInner":false,"widgetType":"theme-site-logo","elType":"widget"},{"id":"5c3106f8","settings":{"align_items":"center","pointer":"double-line","animation_line":"drop-in","color_menu_item":"#303030","pointer_color_menu_item_hover":"#02d1ae","menu_typography_typography":"custom","menu_typography_font_size":{"unit":"px","size":15},"menu_typography_font_weight":"normal","padding_horizontal_menu_item":{"unit":"px","size":41},"padding_vertical_menu_item":{"unit":"px","size":16},"_border_border":"dotted","_border_width":{"unit":"px","top":"1","right":"0","bottom":"1","left":"0","isLinked":false},"_border_color":"#8e8e8e","dropdown":"mobile","toggle_color":"#000000","toggle_background_color":"rgba(0,0,0,0)"},"elements":[],"isInner":false,"widgetType":"nav-menu","elType":"widget"}],"isInner":false,"elType":"column"}],"isInner":false,"elType":"section"}]}