{"version":"0.4","title":"Header11","type":"page","content":[{"id":"4aafbe74","settings":{"gap":"no","custom_height":{"unit":"px","size":90},"content_position":"middle","structure":"20","box_shadow_box_shadow_type":"yes","box_shadow_box_shadow":{"horizontal":0,"vertical":0,"blur":38,"spread":0,"color":"rgba(0,0,0,0.1)"},"padding_tablet":{"unit":"px","top":"20","right":"20","bottom":"20","left":"20","isLinked":true},"padding_mobile":{"unit":"px","top":"020","right":"020","bottom":"020","left":"020","isLinked":true}},"elements":[{"id":"40236915","settings":{"_column_size":50,"_inline_size":null,"_inline_size_mobile":70},"elements":[{"id":"202f6efd","settings":{"__dynamic__":{"image":"[elementor-tag id=\"\" name=\"site-logo\" settings=\"%7B%7D\"]","link":"[elementor-tag id=\"\" name=\"site-url\" settings=\"%7B%7D\"]"},"width":{"unit":"px","size":120},"width_mobile":{"unit":"px","size":80},"image":{"id":"291","url":"http:\/\/localhost\/test\/wp-content\/uploads\/2018\/09\/placeholder-2.png"}},"elements":[],"isInner":false,"widgetType":"theme-site-logo","elType":"widget"}],"isInner":false,"elType":"column"},{"id":"72a9b5f5","settings":{"_column_size":50,"_inline_size":null,"_inline_size_mobile":30},"elements":[{"id":"1e7a6667","settings":{"align_items":"right","pointer":"overline","color_menu_item":"#54595f","pointer_color_menu_item_hover":"#021ad6","menu_typography_typography":"custom","menu_typography_font_size":{"unit":"px","size":15},"menu_typography_font_weight":"500","pointer_width":{"unit":"px","size":3},"padding_vertical_menu_item":{"unit":"px","size":35},"toggle_align":"right","background_color_dropdown_item_hover":"#021ad6","full_width":"stretch","background_color_dropdown_item":"#f7f7f7","dropdown_top_distance_mobile":{"unit":"px","size":30},"toggle_background_color":"rgba(0,0,0,0)"},"elements":[],"isInner":false,"widgetType":"nav-menu","elType":"widget"}],"isInner":false,"elType":"column"}],"isInner":false,"elType":"section"}]}