{"version":"0.4","title":"Header3","type":"page","content":[{"id":"3ae98f34","settings":{"custom_height":{"unit":"px","size":180},"content_position":"middle","structure":"20","background_background":"classic","background_color":"#1c1c1c","margin":{"unit":"px","top":"","right":0,"bottom":"","left":0,"isLinked":true},"padding_tablet":{"unit":"px","top":"20","right":"20","bottom":"20","left":"20","isLinked":false},"height":"min-height","padding_mobile":{"unit":"px","top":"15","right":"20","bottom":"15","left":"20","isLinked":false},"custom_height_mobile":{"unit":"px","size":50},"custom_height_tablet":{"unit":"px","size":120},"html_tag":"header"},"elements":[{"id":"6567728","settings":{"_column_size":50,"_inline_size":null,"_inline_size_mobile":100,"_inline_size_tablet":50},"elements":[{"id":"2d7c9d16","settings":{"__dynamic__":{"image":"[elementor-tag id=\"\" name=\"site-logo\" settings=\"%7B%7D\"]","link":"[elementor-tag id=\"\" name=\"site-url\" settings=\"%7B%7D\"]"},"align_mobile":"center","width":{"unit":"px","size":120},"width_mobile":{"unit":"px","size":80},"image":{"id":"291","url":"http:\/\/localhost\/test\/wp-content\/uploads\/2018\/09\/placeholder-2.png"}},"elements":[],"isInner":false,"widgetType":"theme-site-logo","elType":"widget"}],"isInner":false,"elType":"column"},{"id":"30895b8","settings":{"_column_size":50,"_inline_size":null,"_inline_size_mobile":100,"_inline_size_tablet":50,"padding_tablet":{"unit":"px","top":"0","right":"0","bottom":"0","left":"70","isLinked":false},"padding_mobile":{"unit":"px","top":"10","right":"0","bottom":"0","left":"0","isLinked":false}},"elements":[{"id":"6f623a39","settings":{"placeholder":"Search...","button_text":"Search","size":{"unit":"px","size":43},"input_text_color_focus":"#e82a00","input_background_color_focus":"#ffffff","border_radius":{"unit":"px","size":0},"button_background_color":"#e82a00","hide_mobile":"hidden-phone"},"elements":[],"isInner":false,"widgetType":"search-form","elType":"widget"}],"isInner":false,"elType":"column"}],"isInner":false,"elType":"section"},{"id":"3992a250","settings":{"background_background":"classic","background_color":"#383838","padding":{"unit":"px","top":"0","right":"60","bottom":"0","left":"60","isLinked":false},"gap":"no","background_color_b":"#000000","background_gradient_angle":{"unit":"deg","size":360},"padding_tablet":{"unit":"px","top":"10","right":"20","bottom":"10","left":"20","isLinked":false},"padding_mobile":{"unit":"px","top":"10","right":"20","bottom":"10","left":"20","isLinked":false},"sticky":"top","html_tag":"nav"},"elements":[{"id":"2af99488","settings":{"_column_size":100,"_inline_size_mobile":100},"elements":[{"id":"498e384b","settings":{"align_items":"justify","animation_line":"grow","animation_text":"none","color_menu_item":"#ffffff","color_menu_item_hover":"#ffffff","pointer_color_menu_item_hover":"#e82a00","menu_typography_typography":"custom","menu_typography_font_size":{"unit":"px","size":15},"pointer_width":{"unit":"px","size":3},"color_dropdown_item":"#000000","background_color_dropdown_item":"#f2f2f2","color_dropdown_item_hover":"#00ce1b","background_color_dropdown_item_hover":"#ededed","dropdown_typography_typography":"custom","dropdown_typography_font_size":{"unit":"px","size":15},"toggle_color":"#ffffff","toggle_color_hover":"#e82a00","toggle_size":{"unit":"px","size":30},"toggle_border_width":{"unit":"px","size":0},"toggle_border_radius":{"unit":"px","size":0},"pointer":"background","dropdown":"mobile","full_width":"stretch","color_menu_item_active":"#000000","animation_background":"sweep-right","padding_vertical_menu_item":{"unit":"px","size":18},"menu_typography_font_weight":"500","text_align":"center"},"elements":[],"isInner":false,"widgetType":"nav-menu","elType":"widget"}],"isInner":false,"elType":"column"}],"isInner":false,"elType":"section"}]}