{"version":"0.4","title":"Header1","type":"page","content":[{"id":"49b860f4","settings":{"gap":"no","custom_height":{"unit":"px","size":80},"content_position":"middle","structure":"33","background_background":"classic","background_color":"#000000","margin":{"unit":"px","top":"","right":0,"bottom":"","left":0,"isLinked":true},"padding_tablet":{"unit":"px","top":"30","right":"20","bottom":"30","left":"20","isLinked":false},"padding_mobile":{"unit":"px","top":"20","right":"20","bottom":"20","left":"20","isLinked":false},"height":"min-height"},"elements":[{"id":"3ff5220f","settings":{"_column_size":25,"_inline_size":null,"_inline_size_mobile":50},"elements":[{"id":"72c1c441","settings":{"__dynamic__":{"image":"[elementor-tag id=\"\" name=\"site-logo\" settings=\"%7B%7D\"]","link":"[elementor-tag id=\"\" name=\"site-url\" settings=\"%7B%7D\"]"},"width":{"unit":"px","size":120},"image":{"id":"291","url":"http:\/\/localhost\/test\/wp-content\/uploads\/2018\/09\/placeholder-2.png"}},"elements":[],"isInner":false,"widgetType":"theme-site-logo","elType":"widget"}],"isInner":false,"elType":"column"},{"id":"5b8ea686","settings":{"_column_size":50,"_inline_size":70.439,"_inline_size_mobile":35},"elements":[{"id":"e3800a3","settings":{"align_items":"right","animation_text":"sink","toggle_align":"right","color_menu_item":"#ffffff","color_menu_item_hover":"#00ce1b","pointer_color_menu_item_hover":"#00ce1b","menu_typography_typography":"custom","menu_typography_font_size":{"unit":"px","size":15},"pointer_width":{"unit":"px","size":5},"color_dropdown_item":"#000000","background_color_dropdown_item":"#f2f2f2","color_dropdown_item_hover":"#00ce1b","background_color_dropdown_item_hover":"#ededed","dropdown_typography_typography":"custom","dropdown_typography_font_size":{"unit":"px","size":15},"toggle_color":"#ffffff","toggle_color_hover":"#00ce1b","toggle_size":{"unit":"px","size":25},"toggle_border_width":{"unit":"px","size":0},"toggle_border_radius":{"unit":"px","size":0},"menu_typography_font_weight":"500","padding_vertical_menu_item":{"unit":"px","size":40},"full_width":"stretch","dropdown_top_distance_tablet":{"unit":"px","size":45},"dropdown_top_distance_mobile":{"unit":"px","size":35}},"elements":[],"isInner":false,"widgetType":"nav-menu","elType":"widget"}],"isInner":false,"elType":"column"},{"id":"40ccb980","settings":{"_column_size":25,"_inline_size":4.561,"_inline_size_mobile":15},"elements":[{"id":"1f642d04","settings":{"skin":"full_screen","placeholder":"Search...","button_text":"Search","toggle_align":"right","toggle_size":{"unit":"px","size":40},"overlay_background_color":"rgba(0,0,0,0.87)","input_typography_typography":"custom","input_typography_font_size":{"unit":"px","size":35},"toggle_color":"rgba(255,255,255,0.28)","toggle_color_hover":"#ffffff","toggle_icon_size":{"unit":"px","size":50},"toggle_background_color":"rgba(0,0,0,0)"},"elements":[],"isInner":false,"widgetType":"search-form","elType":"widget"}],"isInner":false,"elType":"column"}],"isInner":false,"elType":"section"}]}