{"version":"0.4","title":"Header4","type":"page","content":[{"id":"6db39a10","settings":{"custom_height":{"unit":"px","size":180},"content_position":"middle","structure":"20","background_background":"classic","background_color":"#ffffff","margin":{"unit":"px","top":"","right":0,"bottom":"","left":0,"isLinked":true},"padding_tablet":{"unit":"px","top":"00","right":"20","bottom":"0","left":"20","isLinked":false},"height":"min-height","border_border":"solid","border_width":{"unit":"px","top":"5","right":"0","bottom":"0","left":"0","isLinked":false},"border_color":"#02d3c9","custom_height_mobile":{"unit":"px","size":80},"padding_mobile":{"unit":"px","top":"0","right":"20","bottom":"0","left":"20","isLinked":false},"custom_height_tablet":{"unit":"px","size":124},"html_tag":"header"},"elements":[{"id":"3b64a241","settings":{"_column_size":50,"_inline_size":50.176,"_inline_size_mobile":30,"_inline_size_tablet":50},"elements":[{"id":"2f442dd5","settings":{"__dynamic__":{"image":"[elementor-tag id=\"\" name=\"site-logo\" settings=\"%7B%7D\"]","link":"[elementor-tag id=\"\" name=\"site-url\" settings=\"%7B%7D\"]"},"width":{"unit":"px","size":120},"width_mobile":{"unit":"px","size":80},"align_mobile":"left","image":{"id":"291","url":"http:\/\/localhost\/test\/wp-content\/uploads\/2018\/09\/placeholder-2.png"}},"elements":[],"isInner":false,"widgetType":"theme-site-logo","elType":"widget"}],"isInner":false,"elType":"column"},{"id":"747f12b3","settings":{"_column_size":50,"_inline_size":49.824,"_inline_size_mobile":70,"_inline_size_tablet":50,"padding_tablet":{"unit":"px","top":"0","right":"0","bottom":"0","left":"70","isLinked":false}},"elements":[{"id":"1aed794c","settings":{"social_icon_list":[{"social":"fa fa-facebook","_id":"5b1b321","link":{"url":"","is_external":"true","nofollow":""}},{"social":"fa fa-twitter","_id":"c7c7d1e","link":{"url":"","is_external":"true","nofollow":""}},{"social":"fa fa-youtube","link":{"url":"","is_external":"true","nofollow":""},"_id":"8f2fe13"},{"social":"fa fa-behance","link":{"url":"","is_external":"true","nofollow":""},"_id":"b98b35e"}],"shape":"square","align":"right","icon_size":{"unit":"px","size":12},"icon_padding":{"unit":"em","size":0.9}},"elements":[],"isInner":false,"widgetType":"social-icons","elType":"widget"}],"isInner":false,"elType":"column"}],"isInner":false,"elType":"section"},{"id":"2109e021","settings":{"background_background":"gradient","background_color":"#e8e8e8","padding":{"unit":"px","top":"0","right":"60","bottom":"0","left":"60","isLinked":false},"gap":"no","background_color_b":"#f4f4f4","padding_tablet":{"unit":"px","top":"20","right":"20","bottom":"20","left":"20","isLinked":true},"padding_mobile":{"unit":"px","top":"10","right":"20","bottom":"10","left":"20","isLinked":false},"sticky":"top","html_tag":"nav"},"elements":[{"id":"4222f382","settings":{"_column_size":100,"_inline_size_mobile":100},"elements":[{"id":"3fcf5099","settings":{"align_items":"justify","animation_line":"grow","animation_text":"none","color_menu_item":"#7a7a7a","color_menu_item_hover":"#ffffff","pointer_color_menu_item_hover":"#02d3c9","menu_typography_typography":"custom","menu_typography_font_size":{"unit":"px","size":15},"pointer_width":{"unit":"px","size":3},"color_dropdown_item":"#000000","background_color_dropdown_item":"#f2f2f2","color_dropdown_item_hover":"#02d3c9","background_color_dropdown_item_hover":"#ededed","dropdown_typography_typography":"custom","dropdown_typography_font_size":{"unit":"px","size":15},"toggle_color":"#02d3c9","toggle_color_hover":"#54595f","toggle_size":{"unit":"px","size":30},"toggle_border_width":{"unit":"px","size":0},"toggle_border_radius":{"unit":"px","size":0},"pointer":"background","menu_typography_text_transform":"uppercase","dropdown":"mobile","full_width":"stretch","color_menu_item_active":"#000000","animation_background":"sweep-down","padding_vertical_menu_item":{"unit":"px","size":18},"toggle_background_color":"rgba(0,0,0,0)"},"elements":[],"isInner":false,"widgetType":"nav-menu","elType":"widget"}],"isInner":false,"elType":"column"}],"isInner":false,"elType":"section"}]}