{"version":"0.4","title":"Header9","type":"page","content":[{"id":"408a8c46","settings":{"gap":"no","custom_height":{"unit":"px","size":150},"content_position":"middle","structure":"33","background_background":"classic","background_color":"#ffffff","margin":{"unit":"px","top":"","right":0,"bottom":"","left":0,"isLinked":true},"padding_tablet":{"unit":"px","top":"20","right":"20","bottom":"20","left":"20","isLinked":false},"box_shadow_box_shadow_type":"yes","box_shadow_box_shadow":{"horizontal":0,"vertical":0,"blur":24,"spread":0,"color":"rgba(0,0,0,0.15)"},"z_index":1,"padding_mobile":{"unit":"px","top":"20","right":"20","bottom":"20","left":"20","isLinked":false},"sticky":"top","html_tag":"header"},"elements":[{"id":"772d6288","settings":{"_column_size":25,"_inline_size":null,"_inline_size_mobile":50,"_inline_size_tablet":20,"margin_mobile":{"unit":"px","top":"0","right":"0","bottom":"0","left":"0","isLinked":false}},"elements":[{"id":"124cd11d","settings":{"__dynamic__":{"image":"[elementor-tag id=\"\" name=\"site-logo\" settings=\"%7B%7D\"]","link":"[elementor-tag id=\"\" name=\"site-url\" settings=\"%7B%7D\"]"},"align_mobile":"left","width":{"unit":"px","size":120},"width_mobile":{"unit":"px","size":70},"image":{"id":"291","url":"http:\/\/localhost\/test\/wp-content\/uploads\/2018\/09\/placeholder-2.png"}},"elements":[],"isInner":false,"widgetType":"theme-site-logo","elType":"widget"}],"isInner":false,"elType":"column"},{"id":"f1df7e1","settings":{"_column_size":50,"_inline_size":null,"_inline_size_mobile":50,"_inline_size_tablet":60,"margin_mobile":{"unit":"px","top":"0","right":"0","bottom":"0","left":"0","isLinked":true}},"elements":[{"id":"63aeba54","settings":{"align_items":"center","animation_line":"grow","animation_text":"none","color_menu_item":"#54595f","color_menu_item_hover":"#8102ce","pointer_color_menu_item_hover":"#8102ce","menu_typography_typography":"custom","menu_typography_font_size":{"unit":"px","size":14},"pointer_width":{"unit":"px","size":3},"color_dropdown_item":"#000000","background_color_dropdown_item":"#f2f2f2","color_dropdown_item_hover":"#00ce1b","background_color_dropdown_item_hover":"#ededed","dropdown_typography_typography":"custom","dropdown_typography_font_size":{"unit":"px","size":15},"toggle_color":"#000000","toggle_color_hover":"#00ce1b","toggle_size":{"unit":"px","size":30},"toggle_border_width":{"unit":"px","size":0},"toggle_border_radius":{"unit":"px","size":0},"menu_typography_text_transform":"uppercase","dropdown":"mobile","menu_typography_font_size_tablet":{"unit":"px","size":13},"menu_space_between":{"unit":"px","size":6},"menu_space_between_tablet":{"unit":"px","size":0},"menu_typography_font_weight":"400","padding_vertical_menu_item":{"unit":"px","size":36},"full_width":"stretch","text_align":"center","toggle_align":"right","padding_horizontal_menu_item_tablet":{"unit":"px","size":14},"padding_vertical_dropdown_item_mobile":{"unit":"px","size":12},"dropdown_top_distance_mobile":{"unit":"px","size":20},"toggle_background_color":"rgba(0,0,0,0)"},"elements":[],"isInner":false,"widgetType":"nav-menu","elType":"widget"}],"isInner":false,"elType":"column"},{"id":"af845dc","settings":{"_column_size":25,"_inline_size":null,"_inline_size_mobile":50,"_inline_size_tablet":20},"elements":[{"id":"6cb85448","settings":{"text":"Donate Now","align":"right","typography_typography":"custom","typography_font_size":{"unit":"px","size":13},"typography_text_transform":"uppercase","typography_letter_spacing":{"unit":"px","size":1.4},"border_radius":{"unit":"px","top":"100","right":"100","bottom":"100","left":"100","isLinked":true},"button_box_shadow_box_shadow_type":"yes","button_box_shadow_box_shadow":{"horizontal":0,"vertical":0,"blur":27,"spread":0,"color":"rgba(0,0,0,0.12)"},"align_tablet":"right","hide_mobile":"hidden-phone"},"elements":[],"isInner":false,"widgetType":"button","elType":"widget"}],"isInner":false,"elType":"column"}],"isInner":false,"elType":"section"}]}