{"version":"0.4","title":"Hero2","type":"page","content":[{"id":"38eed730","settings":{"content_width":{"unit":"px","size":900},"height":"min-height","custom_height":{"unit":"vh","size":100},"content_position":"middle","background_background":"classic","background_image":{"id":"1388","url":"http:\/\/localhost\/test\/wp-content\/uploads\/2018\/09\/bh1.jpg"},"background_position":"center center","background_size":"cover","gap":"no","background_overlay_background":"classic","background_overlay_color":"#000000","background_overlay_opacity":{"unit":"px","size":0.31},"padding":{"unit":"px","top":"0","right":"0","bottom":"0","left":"0","isLinked":true},"custom_height_tablet":{"unit":"px","size":800},"custom_height_mobile":{"unit":"px","size":612},"padding_tablet":{"unit":"px","top":"0","right":"25","bottom":"0","left":"25","isLinked":false},"padding_mobile":{"unit":"px","top":"0","right":"20","bottom":"0","left":"20","isLinked":false}},"elements":[{"id":"398076ab","settings":{"_column_size":100,"_inline_size":null},"elements":[{"id":"f9839d4","settings":{"editor":"<p>special event<\/p>","align":"center","text_color":"#ffffff","typography_typography":"custom","typography_font_size":{"unit":"px","size":15},"typography_font_weight":"600","typography_text_transform":"uppercase","typography_letter_spacing":{"unit":"px","size":8}},"elements":[],"isInner":false,"widgetType":"text-editor","elType":"widget"},{"id":"607a6901","settings":{"title":"We look at the world straight in the eye","align":"center","title_color":"#ffffff","typography_typography":"custom","typography_font_size":{"unit":"px","size":80},"typography_font_weight":"600","_padding":{"unit":"px","top":"20","right":"0","bottom":"40","left":"0","isLinked":false},"typography_font_size_tablet":{"unit":"px","size":60},"typography_font_size_mobile":{"unit":"px","size":32},"_padding_mobile":{"unit":"px","top":"15","right":"0","bottom":"15","left":"0","isLinked":false},"typography_text_transform":"capitalize","typography_line_height_mobile":{"unit":"em","size":1.3}},"elements":[],"isInner":false,"widgetType":"heading","elType":"widget"},{"id":"119a8e9c","settings":{"label_days":"Days","label_hours":"Hours","label_minutes":"Minutes","label_seconds":"Seconds","container_width":{"unit":"%","size":75},"box_background_color":"rgba(0,0,0,0)","box_border_border":"solid","box_border_width":{"unit":"px","top":"1","right":"1","bottom":"1","left":"1","isLinked":true},"box_border_color":"rgba(255,255,255,0.28)","box_padding":{"unit":"px","top":"25","right":"0","bottom":"25","left":"0","isLinked":false},"digits_color":"#ffffff","digits_typography_typography":"custom","digits_typography_font_size":{"unit":"px","size":65},"digits_typography_font_weight":"100","label_color":"#00ce1b","label_typography_typography":"custom","label_typography_font_size":{"unit":"px","size":12},"label_typography_font_weight":"600","label_typography_text_transform":"uppercase","label_typography_line_height":{"unit":"em","size":2.4},"label_typography_letter_spacing":{"unit":"px","size":5},"box_spacing":{"unit":"px","size":20},"container_width_mobile":{"unit":"%","size":0},"box_spacing_mobile":{"unit":"px","size":4},"box_padding_mobile":{"unit":"px","top":"15","right":"15","bottom":"15","left":"15","isLinked":true},"digits_typography_font_size_mobile":{"unit":"px","size":25},"label_typography_font_size_mobile":{"unit":"px","size":10},"label_typography_letter_spacing_mobile":{"unit":"px","size":1},"container_width_tablet":{"unit":"%","size":85},"digits_typography_font_size_tablet":{"unit":"px","size":65}},"elements":[],"isInner":false,"widgetType":"countdown","elType":"widget"}],"isInner":false,"elType":"column"}],"isInner":false,"elType":"section"}]}