{"version":"0.4","title":"Hero1","type":"page","content":[{"id":"2945b99","settings":{"content_width":{"unit":"px","size":700},"height":"min-height","custom_height":{"unit":"vh","size":100},"content_position":"middle","background_background":"classic","background_image":{"id":"1384","url":"http:\/\/localhost\/test\/wp-content\/uploads\/2018\/09\/bh3.jpg"},"background_position":"center center","background_size":"cover","gap":"no","background_overlay_background":"classic","background_overlay_color":"#000000","padding":{"unit":"px","top":"0","right":"0","bottom":"0","left":"0","isLinked":true},"background_overlay_opacity":{"unit":"px","size":0.25},"custom_height_tablet":{"unit":"vh","size":80},"custom_height_mobile":{"unit":"vh","size":100},"padding_tablet":{"unit":"px","top":"0","right":"25","bottom":"0","left":"25","isLinked":false},"padding_mobile":{"unit":"px","top":"0","right":"20","bottom":"0","left":"20","isLinked":false}},"elements":[{"id":"34419da","settings":{"_column_size":100,"_inline_size":null},"elements":[{"id":"43a82378","settings":{"title":"Men in black","align":"center","title_color":"#ffffff","typography_typography":"custom","typography_font_size":{"unit":"px","size":65},"typography_font_weight":"600","typography_font_size_mobile":{"unit":"px","size":40}},"elements":[],"isInner":false,"widgetType":"heading","elType":"widget"},{"id":"2e16f8a0","settings":{"editor":"<hr \/><div id=\"Content\"><div class=\"boxed\"><div id=\"lipsum\"><p>Lorem ipsum dolor sit amet, consectetur adipiscing elit. Integer maximus nulla a aliquet dignissim. Suspendisse potenti. Proin efficitur lacus vitae augue porta posuere.<\/p><\/div><\/div><\/div>","text_color":"#bfbfbf","typography_typography":"custom","typography_font_size":{"unit":"px","size":16},"typography_font_weight":"300","typography_line_height":{"unit":"em","size":1.8},"_padding":{"unit":"px","top":"10","right":"0","bottom":"25","left":"0","isLinked":false},"align":"center","_padding_mobile":{"unit":"px","top":"0","right":"0","bottom":"0","left":"0","isLinked":true}},"elements":[],"isInner":false,"widgetType":"text-editor","elType":"widget"},{"id":"23f1ea41","settings":{"placeholder":"Search by name, education, family , etc....","button_text":"Search","input_typography_typography":"custom","input_typography_font_size":{"unit":"px","size":15},"input_typography_font_weight":"300","input_text_color":"#ffffff","input_background_color":"rgba(255,255,255,0.18)","border_radius":{"unit":"px","size":0},"button_text_color":"#000000","button_background_color":"#ffffff","button_text_color_hover":"#000000","button_background_color_hover":"#00ce1b","icon_size":{"unit":"px","size":15},"button_width":{"unit":"px","size":1},"_padding":{"unit":"px","top":"10","right":"0","bottom":"0","left":"0","isLinked":false}},"elements":[],"isInner":false,"widgetType":"search-form","elType":"widget"}],"isInner":false,"elType":"column"}],"isInner":false,"elType":"section"}]}