{"version":"0.4","title":"Portfolio4","type":"page","content":[{"id":"3c1dd50","settings":{"gap":"no","custom_height":{"unit":"px","size":700},"content_position":"middle","background_color":"#000000","padding":{"unit":"px","top":"100","right":"0","bottom":"100","left":"0","isLinked":false},"padding_tablet":{"unit":"px","top":"100","right":"25","bottom":"100","left":"25","isLinked":false},"padding_mobile":{"unit":"px","top":"50","right":"20","bottom":"50","left":"20","isLinked":false}},"elements":[{"id":"2754525a","settings":{"_column_size":100},"elements":[{"id":"6bbc2841","settings":{"title":"Check out our work","align":"center","title_color":"#000000","typography_typography":"custom","typography_font_size":{"unit":"px","size":65},"typography_font_weight":"600","typography_font_size_mobile":{"unit":"px","size":45},"header_size":"h4","typography_font_size_tablet":{"unit":"px","size":45}},"elements":[],"isInner":false,"widgetType":"heading","elType":"widget"},{"id":"2f13649d","settings":{"title":"Take a peek inside our Wonderworld","header_size":"h5","align":"center","title_color":"#bfbfbf","typography_typography":"custom","typography_font_size":{"unit":"px","size":16},"typography_font_weight":"300","_margin":{"unit":"px","top":"-10","right":"0","bottom":"0","left":"0","isLinked":false}},"elements":[],"isInner":false,"widgetType":"heading","elType":"widget"},{"id":"1dcdcf49","settings":{"slides":[{"image":{"id":"1477","url":"http:\/\/localhost\/test\/wp-content\/uploads\/2018\/09\/big1.jpg"},"_id":"f4b94bf","type":"image","image_link_to_type":"","image_link_to":{"url":"","is_external":"","nofollow":""},"video":{"url":"","is_external":"","nofollow":""}},{"image":{"id":"1478","url":"http:\/\/localhost\/test\/wp-content\/uploads\/2018\/09\/big2.jpg"},"_id":"c47533a","type":"image","image_link_to_type":"","image_link_to":{"url":"","is_external":"","nofollow":""},"video":{"url":"","is_external":"","nofollow":""}},{"image":{"id":"1479","url":"http:\/\/localhost\/test\/wp-content\/uploads\/2018\/09\/big3.jpg"},"_id":"07bf11b","type":"image","image_link_to_type":"","image_link_to":{"url":"","is_external":"","nofollow":""},"video":{"url":"","is_external":"","nofollow":""}},{"image":{"id":"1480","url":"http:\/\/localhost\/test\/wp-content\/uploads\/2018\/09\/big4.jpg"},"_id":"9f917f4","type":"image","image_link_to_type":"","image_link_to":{"url":"","is_external":"","nofollow":""},"video":{"url":"","is_external":"","nofollow":""}},{"image":{"id":"1488","url":"http:\/\/localhost\/test\/wp-content\/uploads\/2018\/09\/big5.jpg"},"_id":"ef4afcd","type":"image","image_link_to_type":"","image_link_to":{"url":"","is_external":"","nofollow":""},"video":{"url":"","is_external":"","nofollow":""}}],"height":{"unit":"px","size":457},"width":{"unit":"%","size":100},"space_between":{"unit":"px","size":29},"slide_border_radius":{"unit":"px","size":0},"pagination_size":{"unit":"px","size":4},"pagination_color":"#ffffff","lightbox_video_width":{"unit":"%","size":50},"_padding":{"unit":"px","top":"25","right":"0","bottom":"0","left":"0","isLinked":false},"skin":"slideshow","slides_per_view":"1","slideshow_height":{"unit":"px","size":500},"thumbs_ratio":"169","slideshow_height_tablet":{"unit":"px","size":450},"slideshow_height_mobile":{"unit":"px","size":280}},"elements":[],"isInner":false,"widgetType":"media-carousel","elType":"widget"}],"isInner":false,"elType":"column"}],"isInner":false,"elType":"section"}]}