{"version":"0.4","title":"Portfolio1","type":"page","content":[{"id":"70e52f70","settings":{"gap":"no","custom_height":{"unit":"px","size":700},"content_position":"middle","padding":{"unit":"px","top":"100","right":"0","bottom":"100","left":"0","isLinked":false},"padding_tablet":{"unit":"px","top":"100","right":"25","bottom":"100","left":"25","isLinked":false},"padding_mobile":{"unit":"px","top":"50","right":"20","bottom":"50","left":"20","isLinked":false}},"elements":[{"id":"550312e3","settings":{"_column_size":100},"elements":[{"id":"335ca768","settings":{"title":"Check out our work","align":"center","title_color":"#000000","typography_typography":"custom","typography_font_size":{"unit":"px","size":65},"typography_font_weight":"600","typography_font_size_mobile":{"unit":"px","size":45},"header_size":"h4","typography_font_size_tablet":{"unit":"px","size":45}},"elements":[],"isInner":false,"widgetType":"heading","elType":"widget"},{"id":"2dc61bf0","settings":{"title":"Take a peek inside our Wonderworld","header_size":"h5","align":"center","title_color":"#bfbfbf","typography_typography":"custom","typography_font_size":{"unit":"px","size":16},"typography_font_weight":"300","_margin":{"unit":"px","top":"-10","right":"0","bottom":"0","left":"0","isLinked":false}},"elements":[],"isInner":false,"widgetType":"heading","elType":"widget"},{"id":"693f2323","settings":{"slides":[{"image":{"id":"1469","url":"http:\/\/localhost\/test\/wp-content\/uploads\/2018\/09\/qw1.jpg"},"_id":"f4b94bf","type":"image","image_link_to_type":"","image_link_to":{"url":"","is_external":"","nofollow":""},"video":{"url":"","is_external":"","nofollow":""}},{"image":{"id":"1470","url":"http:\/\/localhost\/test\/wp-content\/uploads\/2018\/09\/qw2.jpg"},"_id":"c47533a","type":"image","image_link_to_type":"","image_link_to":{"url":"","is_external":"","nofollow":""},"video":{"url":"","is_external":"","nofollow":""}},{"image":{"id":"1471","url":"http:\/\/localhost\/test\/wp-content\/uploads\/2018\/09\/qw3.jpg"},"_id":"07bf11b","type":"image","image_link_to_type":"","image_link_to":{"url":"","is_external":"","nofollow":""},"video":{"url":"","is_external":"","nofollow":""}},{"image":{"id":"1472","url":"http:\/\/localhost\/test\/wp-content\/uploads\/2018\/09\/qw4.jpg"},"_id":"9f917f4","type":"image","image_link_to_type":"","image_link_to":{"url":"","is_external":"","nofollow":""},"video":{"url":"","is_external":"","nofollow":""}},{"image":{"id":"1473","url":"http:\/\/localhost\/test\/wp-content\/uploads\/2018\/09\/qw5.jpg"},"_id":"ef4afcd","type":"image","image_link_to_type":"","image_link_to":{"url":"","is_external":"","nofollow":""},"video":{"url":"","is_external":"","nofollow":""}}],"height":{"unit":"px","size":250},"width":{"unit":"%","size":100},"show_arrows":"","space_between":{"unit":"px","size":29},"slide_border_radius":{"unit":"px","size":0},"pagination_size":{"unit":"px","size":6},"pagination_color":"#000000","lightbox_video_width":{"unit":"%","size":50},"_padding":{"unit":"px","top":"25","right":"0","bottom":"0","left":"0","isLinked":false},"overlay":"icon","slides_per_view":"3","overlay_background_color":"rgba(0,0,0,0.64)","overlay_color":"#ffffff","lightbox_color":"#ffffff","lightbox_ui_color":"#000000","lightbox_ui_hover_color":"#000000","height_tablet":{"unit":"px","size":280},"width_tablet":{"unit":"px","size":720},"width_mobile":{"unit":"px","size":320}},"elements":[],"isInner":false,"widgetType":"media-carousel","elType":"widget"}],"isInner":false,"elType":"column"}],"isInner":false,"elType":"section"}]}