{"version":"0.4","title":"Pricing5","type":"page","content":[{"id":"46047ffc","settings":{"gap":"no","custom_height":{"unit":"px","size":700},"content_position":"middle","structure":"30","padding":{"unit":"px","top":"100","right":"0","bottom":"100","left":"0","isLinked":false},"padding_tablet":{"unit":"px","top":"100","right":"25","bottom":"100","left":"25","isLinked":false},"padding_mobile":{"unit":"px","top":"50","right":"20","bottom":"50","left":"20","isLinked":false}},"elements":[{"id":"5af70e8d","settings":{"_column_size":33,"_inline_size":null,"border_width":{"unit":"px","top":"1","right":"1","bottom":"1","left":"1","isLinked":true},"border_color":"#000000","margin":{"unit":"px","top":"0","right":"20","bottom":"0","left":"0","isLinked":false},"margin_mobile":{"unit":"px","top":"0","right":"0","bottom":"0","left":"0","isLinked":false},"margin_tablet":{"unit":"px","top":"0","right":"8","bottom":"0","left":"0","isLinked":false}},"elements":[{"id":"70cda03c","settings":{"heading":"Personal","sub_heading":"","price":"29.99","period":"Month","features_list":[{"item_text":"15 Accounts","item_icon":"","item_icon_color":"","_id":"c1e67b1"},{"item_text":"100 GB Space","item_icon":"","item_icon_color":"","_id":"2af3de2"},{"item_text":"1 Domain Name","item_icon":"","item_icon_color":"","_id":"a270e36"}],"button_text":"Get it","footer_additional_info":"","show_ribbon":"","ribbon_title":"Popular","header_bg_color":"rgba(224,230,236,0)","heading_color":"#000000","heading_typography_typography":"custom","heading_typography_font_size":{"unit":"px","size":35},"sub_heading_color":"rgba(0,0,0,0.42)","sub_heading_typography_typography":"custom","sub_heading_typography_font_size":{"unit":"px","size":14},"sub_heading_typography_font_weight":"300","price_color":"#000000","price_typography_typography":"custom","price_typography_font_size":{"unit":"px","size":85},"price_typography_font_weight":"900","currency_size":{"unit":"px","size":35},"fractional-part_size":{"unit":"px","size":35},"period_color":"#000000","period_typography_typography":"custom","features_list_color":"#bfbfbf","features_list_typography_typography":"custom","features_list_typography_font_size":{"unit":"px","size":16},"features_list_typography_font_weight":"300","features_list_alignment":"left","item_width":{"unit":"px","size":40},"list_divider":"","divider_color":"rgba(0,0,0,0.22)","divider_weight":{"unit":"px","size":1},"divider_width":{"unit":"px","size":100},"button_typography_typography":"custom","button_typography_font_size":{"unit":"px","size":14},"button_typography_font_weight":"600","button_typography_text_transform":"uppercase","button_background_color":"#000000","button_border_radius":{"unit":"px","top":"0","right":"0","bottom":"0","left":"0","isLinked":true},"button_text_padding":{"unit":"px","top":"15","right":"45","bottom":"15","left":"45","isLinked":false},"button_background_hover_color":"#00ce1b","button_hover_animation":"grow","ribbon_bg_color":"#00ce1b","ribbon_typography_typography":"custom","ribbon_typography_font_size":{"unit":"px","size":14},"ribbon_typography_font_weight":"600","features_list_typography_line_height":{"unit":"em","size":1.7},"item_width_tablet":{"unit":"px","size":60},"item_width_mobile":{"unit":"px","size":37},"header_padding":{"unit":"px","top":"30","right":"30","bottom":"30","left":"30","isLinked":true},"pricing_element_padding_tablet":{"unit":"px","top":"30","right":"30","bottom":"0","left":"30","isLinked":false},"price_typography_font_size_tablet":{"unit":"px","size":60},"features_list_padding_tablet":{"unit":"px","top":"30","right":"0","bottom":"0","left":"0","isLinked":false},"_background_background":"classic","_background_color":"rgba(0,0,0,0.03)"},"elements":[],"isInner":false,"widgetType":"price-table","elType":"widget"}],"isInner":false,"elType":"column"},{"id":"602f9c2f","settings":{"_column_size":33,"_inline_size":null,"border_width":{"unit":"px","top":"1","right":"1","bottom":"1","left":"1","isLinked":true},"border_color":"#000000","margin":{"unit":"px","top":"0","right":"10","bottom":"0","left":"10","isLinked":false},"margin_mobile":{"unit":"px","top":"25","right":"0","bottom":"0","left":"0","isLinked":false},"margin_tablet":{"unit":"px","top":"0","right":"4","bottom":"0","left":"4","isLinked":false}},"elements":[{"id":"19f02cb7","settings":{"heading":"Team","sub_heading":"","price":"39.99","period":"Month","features_list":[{"item_text":"15 Accounts","item_icon":"","item_icon_color":"","_id":"c1e67b1"},{"item_text":"100 GB Space","item_icon":"","item_icon_color":"","_id":"2af3de2"},{"item_text":"1 Domain Name","item_icon":"","item_icon_color":"","_id":"a270e36"}],"button_text":"Get it","footer_additional_info":"","show_ribbon":"","ribbon_title":"Popular","header_bg_color":"rgba(224,230,236,0)","heading_color":"#000000","heading_typography_typography":"custom","heading_typography_font_size":{"unit":"px","size":35},"sub_heading_color":"rgba(0,0,0,0.42)","sub_heading_typography_typography":"custom","sub_heading_typography_font_size":{"unit":"px","size":14},"sub_heading_typography_font_weight":"300","price_color":"#000000","price_typography_typography":"custom","price_typography_font_size":{"unit":"px","size":85},"price_typography_font_weight":"900","currency_size":{"unit":"px","size":35},"fractional-part_size":{"unit":"px","size":35},"period_color":"#000000","period_typography_typography":"custom","features_list_color":"#bfbfbf","features_list_typography_typography":"custom","features_list_typography_font_size":{"unit":"px","size":16},"features_list_typography_font_weight":"300","features_list_alignment":"left","item_width":{"unit":"px","size":40},"list_divider":"","divider_color":"rgba(0,0,0,0.22)","divider_weight":{"unit":"px","size":1},"divider_width":{"unit":"px","size":100},"button_typography_typography":"custom","button_typography_font_size":{"unit":"px","size":14},"button_typography_font_weight":"600","button_typography_text_transform":"uppercase","button_background_color":"#000000","button_border_radius":{"unit":"px","top":"0","right":"0","bottom":"0","left":"0","isLinked":true},"button_text_padding":{"unit":"px","top":"15","right":"45","bottom":"15","left":"45","isLinked":false},"button_background_hover_color":"#00ce1b","button_hover_animation":"grow","ribbon_bg_color":"#00ce1b","ribbon_typography_typography":"custom","ribbon_typography_font_size":{"unit":"px","size":14},"ribbon_typography_font_weight":"600","features_list_typography_line_height":{"unit":"em","size":1.7},"item_width_tablet":{"unit":"px","size":60},"item_width_mobile":{"unit":"px","size":37},"header_padding":{"unit":"px","top":"30","right":"30","bottom":"30","left":"30","isLinked":true},"pricing_element_padding_tablet":{"unit":"px","top":"30","right":"30","bottom":"0","left":"30","isLinked":false},"price_typography_font_size_tablet":{"unit":"px","size":60},"features_list_padding_tablet":{"unit":"px","top":"30","right":"0","bottom":"0","left":"0","isLinked":false},"_background_background":"classic","_background_color":"rgba(0,0,0,0.03)"},"elements":[],"isInner":false,"widgetType":"price-table","elType":"widget"}],"isInner":false,"elType":"column"},{"id":"4f134f35","settings":{"_column_size":33,"_inline_size":null,"border_width":{"unit":"px","top":"1","right":"1","bottom":"1","left":"1","isLinked":true},"border_color":"#000000","margin":{"unit":"px","top":"0","right":"0","bottom":"0","left":"20","isLinked":false},"margin_mobile":{"unit":"px","top":"25","right":"0","bottom":"0","left":"0","isLinked":false},"margin_tablet":{"unit":"px","top":"0","right":"0","bottom":"0","left":"8","isLinked":false}},"elements":[{"id":"18b41028","settings":{"heading":"Corporate","sub_heading":"","price":"49.99","period":"Month","features_list":[{"item_text":"15 Accounts","item_icon":"","item_icon_color":"","_id":"c1e67b1"},{"item_text":"100 GB Space","item_icon":"","item_icon_color":"","_id":"2af3de2"},{"item_text":"1 Domain Name","item_icon":"","item_icon_color":"","_id":"a270e36"}],"button_text":"Get it","footer_additional_info":"","show_ribbon":"","ribbon_title":"Popular","header_bg_color":"rgba(224,230,236,0)","heading_color":"#000000","heading_typography_typography":"custom","heading_typography_font_size":{"unit":"px","size":35},"sub_heading_color":"rgba(0,0,0,0.42)","sub_heading_typography_typography":"custom","sub_heading_typography_font_size":{"unit":"px","size":14},"sub_heading_typography_font_weight":"300","price_color":"#000000","price_typography_typography":"custom","price_typography_font_size":{"unit":"px","size":85},"price_typography_font_weight":"900","currency_size":{"unit":"px","size":35},"fractional-part_size":{"unit":"px","size":35},"period_color":"#000000","period_typography_typography":"custom","features_list_color":"#bfbfbf","features_list_typography_typography":"custom","features_list_typography_font_size":{"unit":"px","size":16},"features_list_typography_font_weight":"300","features_list_alignment":"left","item_width":{"unit":"px","size":40},"list_divider":"","divider_color":"rgba(0,0,0,0.22)","divider_weight":{"unit":"px","size":1},"divider_width":{"unit":"px","size":100},"button_typography_typography":"custom","button_typography_font_size":{"unit":"px","size":14},"button_typography_font_weight":"600","button_typography_text_transform":"uppercase","button_background_color":"#000000","button_border_radius":{"unit":"px","top":"0","right":"0","bottom":"0","left":"0","isLinked":true},"button_text_padding":{"unit":"px","top":"15","right":"45","bottom":"15","left":"45","isLinked":false},"button_background_hover_color":"#00ce1b","button_hover_animation":"grow","ribbon_bg_color":"#00ce1b","ribbon_typography_typography":"custom","ribbon_typography_font_size":{"unit":"px","size":14},"ribbon_typography_font_weight":"600","features_list_typography_line_height":{"unit":"em","size":1.7},"item_width_tablet":{"unit":"px","size":60},"item_width_mobile":{"unit":"px","size":37},"header_padding":{"unit":"px","top":"30","right":"30","bottom":"30","left":"30","isLinked":true},"pricing_element_padding_tablet":{"unit":"px","top":"30","right":"30","bottom":"0","left":"30","isLinked":false},"price_typography_font_size_tablet":{"unit":"px","size":60},"features_list_padding_tablet":{"unit":"px","top":"30","right":"0","bottom":"0","left":"0","isLinked":false},"_background_background":"classic","_background_color":"rgba(0,0,0,0.03)"},"elements":[],"isInner":false,"widgetType":"price-table","elType":"widget"}],"isInner":false,"elType":"column"}],"isInner":false,"elType":"section"}]}