{"version":"0.4","title":"Pricing4","type":"page","content":[{"id":"274780a9","settings":{"gap":"no","custom_height":{"unit":"px","size":""},"content_position":"middle","structure":"30","background_background":"classic","background_color":"#000000","padding":{"unit":"px","top":"100","right":"0","bottom":"100","left":"0","isLinked":false},"padding_tablet":{"unit":"px","top":"100","right":"25","bottom":"100","left":"25","isLinked":false},"padding_mobile":{"unit":"px","top":"50","right":"20","bottom":"50","left":"20","isLinked":false}},"elements":[{"id":"43ddfbae","settings":{"_column_size":33,"_inline_size":null,"border_border":"solid","border_width":{"unit":"px","top":"1","right":"1","bottom":"1","left":"1","isLinked":true},"border_color":"#ffffff","margin":{"unit":"px","top":"0","right":"20","bottom":"0","left":"0","isLinked":false},"background_background":"classic","background_color":"rgba(0,0,0,0)","margin_mobile":{"unit":"px","top":"0","right":"0","bottom":"30","left":"0","isLinked":false},"margin_tablet":{"unit":"px","top":"0","right":"8","bottom":"0","left":"0","isLinked":false}},"elements":[{"id":"47fd7c05","settings":{"heading":"Basic","sub_heading":"1 Account","price":"29.99","period":"Month","features_list":[{"item_text":"15 Accounts","item_icon":"fa fa-check","item_icon_color":"","_id":"c1e67b1"},{"item_text":"100 GB Space","item_icon":"fa fa-check","item_icon_color":"","_id":"2af3de2"},{"item_text":"1 Domain Name","item_icon":"fa fa-check","item_icon_color":"","_id":"a270e36"}],"button_text":"Get it","footer_additional_info":"","show_ribbon":"","ribbon_title":"Popular","header_bg_color":"#ffffff","heading_color":"#000000","heading_typography_typography":"custom","heading_typography_font_size":{"unit":"px","size":35},"sub_heading_color":"#bfbfbf","sub_heading_typography_typography":"custom","sub_heading_typography_font_size":{"unit":"px","size":14},"sub_heading_typography_font_weight":"300","pricing_element_bg_color":"rgba(255,255,255,0)","price_color":"#ffffff","price_typography_typography":"custom","price_typography_font_size":{"unit":"px","size":85},"price_typography_font_weight":"900","currency_size":{"unit":"px","size":35},"fractional-part_size":{"unit":"px","size":35},"period_color":"#ffffff","period_typography_typography":"custom","period_position":"beside","features_list_bg_color":"rgba(255,255,255,0)","features_list_color":"#686868","features_list_typography_typography":"custom","features_list_typography_font_size":{"unit":"px","size":16},"features_list_typography_font_weight":"300","features_list_alignment":"left","item_width":{"unit":"px","size":45},"divider_color":"rgba(255,255,255,0.22)","divider_weight":{"unit":"px","size":1},"divider_width":{"unit":"px","size":50},"footer_bg_color":"rgba(255,255,255,0)","button_typography_typography":"custom","button_typography_font_size":{"unit":"px","size":14},"button_typography_font_weight":"600","button_typography_text_transform":"uppercase","button_background_color":"#ffffff","button_border_radius":{"unit":"px","top":"0","right":"0","bottom":"0","left":"0","isLinked":true},"button_text_padding":{"unit":"px","top":"15","right":"45","bottom":"15","left":"45","isLinked":false},"button_background_hover_color":"#00ce1b","button_hover_animation":"grow","ribbon_bg_color":"#00ce1b","ribbon_typography_typography":"custom","ribbon_typography_font_size":{"unit":"px","size":14},"ribbon_typography_font_weight":"600","button_text_color":"#000000","_background_background":"classic","_background_color":"rgba(0,0,0,0)","price_typography_font_size_tablet":{"unit":"px","size":70},"price_typography_font_size_mobile":{"unit":"px","size":90},"item_width_tablet":{"unit":"px","size":67},"item_width_mobile":{"unit":"px","size":50}},"elements":[],"isInner":false,"widgetType":"price-table","elType":"widget"}],"isInner":false,"elType":"column"},{"id":"57dd3c41","settings":{"_column_size":33,"_inline_size":null,"border_border":"solid","border_width":{"unit":"px","top":"1","right":"1","bottom":"1","left":"1","isLinked":true},"border_color":"#ffffff","margin":{"unit":"px","top":"0","right":"10","bottom":"0","left":"10","isLinked":false},"background_background":"classic","background_color":"rgba(0,0,0,0)","margin_mobile":{"unit":"px","top":"0","right":"0","bottom":"30","left":"0","isLinked":false},"margin_tablet":{"unit":"px","top":"0","right":"4","bottom":"0","left":"4","isLinked":false}},"elements":[{"id":"14fa8580","settings":{"heading":"Advanced","sub_heading":"5 Account","price":"39.99","period":"Month","features_list":[{"item_text":"15 Accounts","item_icon":"fa fa-check","item_icon_color":"","_id":"c1e67b1"},{"item_text":"100 GB Space","item_icon":"fa fa-check","item_icon_color":"","_id":"2af3de2"},{"item_text":"1 Domain Name","item_icon":"fa fa-check","item_icon_color":"","_id":"a270e36"}],"button_text":"Get it","footer_additional_info":"","ribbon_title":"Popular","header_bg_color":"#ffffff","heading_color":"#000000","heading_typography_typography":"custom","heading_typography_font_size":{"unit":"px","size":35},"sub_heading_color":"#bfbfbf","sub_heading_typography_typography":"custom","sub_heading_typography_font_size":{"unit":"px","size":14},"sub_heading_typography_font_weight":"300","pricing_element_bg_color":"rgba(255,255,255,0)","price_color":"#ffffff","price_typography_typography":"custom","price_typography_font_size":{"unit":"px","size":85},"price_typography_font_weight":"900","currency_size":{"unit":"px","size":35},"fractional-part_size":{"unit":"px","size":35},"period_color":"#ffffff","period_typography_typography":"custom","period_position":"beside","features_list_bg_color":"rgba(255,255,255,0)","features_list_color":"#686868","features_list_typography_typography":"custom","features_list_typography_font_size":{"unit":"px","size":16},"features_list_typography_font_weight":"300","features_list_alignment":"left","item_width":{"unit":"px","size":45},"divider_color":"rgba(255,255,255,0.22)","divider_weight":{"unit":"px","size":1},"divider_width":{"unit":"px","size":50},"footer_bg_color":"rgba(255,255,255,0)","button_typography_typography":"custom","button_typography_font_size":{"unit":"px","size":14},"button_typography_font_weight":"600","button_typography_text_transform":"uppercase","button_background_color":"#ffffff","button_border_radius":{"unit":"px","top":"0","right":"0","bottom":"0","left":"0","isLinked":true},"button_text_padding":{"unit":"px","top":"15","right":"45","bottom":"15","left":"45","isLinked":false},"button_background_hover_color":"#00ce1b","button_hover_animation":"grow","ribbon_bg_color":"#00ce1b","ribbon_typography_typography":"custom","ribbon_typography_font_size":{"unit":"px","size":14},"ribbon_typography_font_weight":"600","button_text_color":"#000000","_background_background":"classic","_background_color":"rgba(0,0,0,0)","price_typography_font_size_tablet":{"unit":"px","size":70},"price_typography_font_size_mobile":{"unit":"px","size":90},"item_width_tablet":{"unit":"px","size":67},"item_width_mobile":{"unit":"px","size":50}},"elements":[],"isInner":false,"widgetType":"price-table","elType":"widget"}],"isInner":false,"elType":"column"},{"id":"3cf787f5","settings":{"_column_size":33,"_inline_size":null,"border_border":"solid","border_width":{"unit":"px","top":"1","right":"1","bottom":"1","left":"1","isLinked":true},"border_color":"#ffffff","margin":{"unit":"px","top":"0","right":"0","bottom":"0","left":"20","isLinked":false},"background_background":"classic","background_color":"rgba(0,0,0,0)","margin_mobile":{"unit":"px","top":"0","right":"0","bottom":"0","left":"0","isLinked":false},"margin_tablet":{"unit":"px","top":"0","right":"0","bottom":"0","left":"8","isLinked":false}},"elements":[{"id":"2dc21541","settings":{"heading":"Pro","sub_heading":"10 Account","price":"49.99","period":"Month","features_list":[{"item_text":"15 Accounts","item_icon":"fa fa-check","item_icon_color":"","_id":"c1e67b1"},{"item_text":"100 GB Space","item_icon":"fa fa-check","item_icon_color":"","_id":"2af3de2"},{"item_text":"1 Domain Name","item_icon":"fa fa-check","item_icon_color":"","_id":"a270e36"}],"button_text":"Get it","footer_additional_info":"","show_ribbon":"","ribbon_title":"Popular","header_bg_color":"#ffffff","heading_color":"#000000","heading_typography_typography":"custom","heading_typography_font_size":{"unit":"px","size":35},"sub_heading_color":"#bfbfbf","sub_heading_typography_typography":"custom","sub_heading_typography_font_size":{"unit":"px","size":14},"sub_heading_typography_font_weight":"300","pricing_element_bg_color":"rgba(255,255,255,0)","price_color":"#ffffff","price_typography_typography":"custom","price_typography_font_size":{"unit":"px","size":85},"price_typography_font_weight":"900","currency_size":{"unit":"px","size":35},"fractional-part_size":{"unit":"px","size":35},"period_color":"#ffffff","period_typography_typography":"custom","period_position":"beside","features_list_bg_color":"rgba(255,255,255,0)","features_list_color":"#686868","features_list_typography_typography":"custom","features_list_typography_font_size":{"unit":"px","size":16},"features_list_typography_font_weight":"300","features_list_alignment":"left","item_width":{"unit":"px","size":45},"divider_color":"rgba(255,255,255,0.22)","divider_weight":{"unit":"px","size":1},"divider_width":{"unit":"px","size":50},"footer_bg_color":"rgba(255,255,255,0)","button_typography_typography":"custom","button_typography_font_size":{"unit":"px","size":14},"button_typography_font_weight":"600","button_typography_text_transform":"uppercase","button_background_color":"#ffffff","button_border_radius":{"unit":"px","top":"0","right":"0","bottom":"0","left":"0","isLinked":true},"button_text_padding":{"unit":"px","top":"15","right":"45","bottom":"15","left":"45","isLinked":false},"button_background_hover_color":"#00ce1b","button_hover_animation":"grow","ribbon_bg_color":"#00ce1b","ribbon_typography_typography":"custom","ribbon_typography_font_size":{"unit":"px","size":14},"ribbon_typography_font_weight":"600","button_text_color":"#000000","_background_background":"classic","_background_color":"rgba(0,0,0,0)","price_typography_font_size_tablet":{"unit":"px","size":70},"price_typography_font_size_mobile":{"unit":"px","size":90},"item_width_tablet":{"unit":"px","size":67},"item_width_mobile":{"unit":"px","size":50}},"elements":[],"isInner":false,"widgetType":"price-table","elType":"widget"}],"isInner":false,"elType":"column"}],"isInner":false,"elType":"section"}]}