{"version":"0.4","title":"Pricing12","type":"page","content":[{"id":"690674d","settings":{"gap":"no","custom_height":{"unit":"px","size":""},"content_position":"middle","padding":{"unit":"px","top":"100","right":"0","bottom":"100","left":"0","isLinked":false},"padding_tablet":{"unit":"px","top":"100","right":"25","bottom":"100","left":"25","isLinked":false},"padding_mobile":{"unit":"px","top":"50","right":"20","bottom":"50","left":"20","isLinked":false}},"elements":[{"id":"427d3d7b","settings":{"_column_size":100},"elements":[{"id":"41b4533b","settings":{"title":"Choose your plan","align":"center","title_color":"#000000","typography_typography":"custom","typography_font_size":{"unit":"px","size":65},"typography_font_weight":"900","typography_font_size_mobile":{"unit":"px","size":45},"header_size":"h4","typography_font_size_tablet":{"unit":"px","size":45}},"elements":[],"isInner":false,"widgetType":"heading","elType":"widget"},{"id":"660a9097","settings":{"gap":"no","structure":"20","padding":{"unit":"px","top":"30","right":"0","bottom":"0","left":"0","isLinked":false},"padding_mobile":{"unit":"px","top":"15","right":"0","bottom":"0","left":"0","isLinked":false}},"elements":[{"id":"173163a6","settings":{"_column_size":50,"_inline_size":null,"border_width":{"unit":"px","top":"1","right":"1","bottom":"1","left":"1","isLinked":true},"border_color":"#dbdbdb","margin":{"unit":"px","top":"0","right":"15","bottom":"0","left":"0","isLinked":false},"margin_tablet":{"unit":"px","top":"0","right":"10","bottom":"0","left":"0","isLinked":false},"margin_mobile":{"unit":"px","top":"0","right":"0","bottom":"0","left":"0","isLinked":false}},"elements":[{"id":"adfd111","settings":{"heading":"Basic","sub_heading":"Newbees","price":"29","period":"Per Month","features_list":[{"item_text":"","item_icon":"","item_icon_color":"","_id":"b8c7e7f"}],"button_text":"","footer_additional_info":"","show_ribbon":"","ribbon_title":"Popular","header_bg_color":"rgba(255,255,255,0)","heading_color":"#bfbfbf","heading_typography_typography":"custom","heading_typography_font_size":{"unit":"px","size":15},"sub_heading_color":"#000000","sub_heading_typography_typography":"custom","sub_heading_typography_font_size":{"unit":"px","size":34},"sub_heading_typography_font_weight":"300","pricing_element_bg_color":"rgba(255,255,255,0)","price_color":"#000000","price_typography_typography":"custom","price_typography_font_size":{"unit":"px","size":105},"price_typography_font_weight":"900","currency_size":{"unit":"px","size":100},"currency_vertical_position":"middle","fractional-part_size":{"unit":"px","size":100},"fractional_part_vertical_position":"bottom","period_color":"#bfbfbf","period_typography_typography":"custom","features_list_bg_color":"rgba(255,255,255,0)","features_list_color":"rgba(0,0,0,0.29)","features_list_typography_typography":"custom","features_list_typography_font_size":{"unit":"px","size":14},"features_list_typography_font_weight":"300","features_list_alignment":"center","item_width":{"unit":"px","size":0},"divider_color":"rgba(0,0,0,0.22)","divider_weight":{"unit":"px","size":0},"divider_width":{"unit":"px","size":0},"divider_gap":{"unit":"px","size":1},"footer_bg_color":"rgba(255,255,255,0)","button_text_color":"#000000","button_typography_typography":"custom","button_typography_font_size":{"unit":"px","size":14},"button_typography_font_weight":"600","button_typography_text_transform":"uppercase","button_background_color":"rgba(0,0,0,0)","button_border_border":"solid","button_border_width":{"unit":"px","top":"1","right":"1","bottom":"1","left":"1","isLinked":true},"button_border_radius":{"unit":"px","top":"0","right":"0","bottom":"0","left":"0","isLinked":true},"button_text_padding":{"unit":"px","top":"15","right":"45","bottom":"15","left":"45","isLinked":false},"button_hover_color":"#00ce1b","button_background_hover_color":"rgba(0,206,27,0)","button_hover_border_color":"#00ce1b","button_hover_animation":"grow","ribbon_bg_color":"#00ce1b","ribbon_typography_typography":"custom","ribbon_typography_font_size":{"unit":"px","size":14},"ribbon_typography_font_weight":"600","_box_shadow_hover_box_shadow":{"horizontal":0,"vertical":0,"blur":31,"spread":0,"color":"rgba(0,0,0,0.24)"},"pricing_element_padding":{"unit":"px","top":"25","right":"0","bottom":"25","left":"0","isLinked":false},"features_list_padding":{"unit":"px","top":"0","right":"0","bottom":"0","left":"0","isLinked":false},"header_padding":{"unit":"px","top":"45","right":"0","bottom":"0","left":"0","isLinked":false},"heading_typography_font_weight":"600","heading_typography_text_transform":"uppercase","heading_typography_letter_spacing":{"unit":"px","size":5.2},"period_typography_font_size":{"unit":"px","size":15},"period_typography_line_height":{"unit":"em","size":2.8},"footer_padding":{"unit":"px","top":"0","right":"0","bottom":"0","left":"0","isLinked":true},"_background_background":"classic","_background_color":"#ffffff","_border_border":"solid","_border_width":{"unit":"px","top":"1","right":"1","bottom":"1","left":"1","isLinked":true},"_border_radius":{"unit":"px","top":"15","right":"15","bottom":"15","left":"15","isLinked":true},"period_typography_font_weight":"300","period_typography_text_transform":"uppercase","sub_heading_typography_font_size_tablet":{"unit":"px","size":30},"price_typography_font_size_tablet":{"unit":"px","size":80}},"elements":[],"isInner":false,"widgetType":"price-table","elType":"widget"}],"isInner":true,"elType":"column"},{"id":"69e4409a","settings":{"_column_size":50,"_inline_size":null,"border_width":{"unit":"px","top":"1","right":"1","bottom":"1","left":"1","isLinked":true},"border_color":"#dbdbdb","margin":{"unit":"px","top":"0","right":"0","bottom":"0","left":"15","isLinked":false},"margin_tablet":{"unit":"px","top":"0","right":"0","bottom":"0","left":"10","isLinked":false},"margin_mobile":{"unit":"px","top":"25","right":"0","bottom":"0","left":"0","isLinked":false}},"elements":[{"id":"6bb9f313","settings":{"heading":"pro","sub_heading":"Full experience ","price":"39","period":"Per Month","features_list":[{"item_text":"","item_icon":"","item_icon_color":"","_id":"b8c7e7f"}],"button_text":"","footer_additional_info":"","show_ribbon":"","ribbon_title":"Popular","header_bg_color":"rgba(255,255,255,0)","heading_color":"#bfbfbf","heading_typography_typography":"custom","heading_typography_font_size":{"unit":"px","size":15},"sub_heading_color":"#000000","sub_heading_typography_typography":"custom","sub_heading_typography_font_size":{"unit":"px","size":34},"sub_heading_typography_font_weight":"300","pricing_element_bg_color":"rgba(255,255,255,0)","price_color":"#000000","price_typography_typography":"custom","price_typography_font_size":{"unit":"px","size":105},"price_typography_font_weight":"900","currency_size":{"unit":"px","size":100},"currency_vertical_position":"middle","fractional-part_size":{"unit":"px","size":100},"fractional_part_vertical_position":"bottom","period_color":"#bfbfbf","period_typography_typography":"custom","features_list_bg_color":"rgba(255,255,255,0)","features_list_color":"rgba(0,0,0,0.29)","features_list_typography_typography":"custom","features_list_typography_font_size":{"unit":"px","size":14},"features_list_typography_font_weight":"300","features_list_alignment":"center","item_width":{"unit":"px","size":0},"divider_color":"rgba(0,0,0,0.22)","divider_weight":{"unit":"px","size":0},"divider_width":{"unit":"px","size":0},"divider_gap":{"unit":"px","size":1},"footer_bg_color":"rgba(255,255,255,0)","button_text_color":"#000000","button_typography_typography":"custom","button_typography_font_size":{"unit":"px","size":14},"button_typography_font_weight":"600","button_typography_text_transform":"uppercase","button_background_color":"rgba(0,0,0,0)","button_border_border":"solid","button_border_width":{"unit":"px","top":"1","right":"1","bottom":"1","left":"1","isLinked":true},"button_border_radius":{"unit":"px","top":"0","right":"0","bottom":"0","left":"0","isLinked":true},"button_text_padding":{"unit":"px","top":"15","right":"45","bottom":"15","left":"45","isLinked":false},"button_hover_color":"#00ce1b","button_background_hover_color":"rgba(0,206,27,0)","button_hover_border_color":"#00ce1b","button_hover_animation":"grow","ribbon_bg_color":"#00ce1b","ribbon_typography_typography":"custom","ribbon_typography_font_size":{"unit":"px","size":14},"ribbon_typography_font_weight":"600","_box_shadow_hover_box_shadow":{"horizontal":0,"vertical":0,"blur":31,"spread":0,"color":"rgba(0,0,0,0.24)"},"pricing_element_padding":{"unit":"px","top":"25","right":"0","bottom":"25","left":"0","isLinked":false},"features_list_padding":{"unit":"px","top":"0","right":"0","bottom":"0","left":"0","isLinked":false},"header_padding":{"unit":"px","top":"45","right":"0","bottom":"0","left":"0","isLinked":false},"heading_typography_font_weight":"600","heading_typography_text_transform":"uppercase","heading_typography_letter_spacing":{"unit":"px","size":5.2},"period_typography_font_size":{"unit":"px","size":15},"period_typography_line_height":{"unit":"em","size":2.8},"footer_padding":{"unit":"px","top":"0","right":"0","bottom":"0","left":"0","isLinked":true},"_background_background":"classic","_background_color":"#ffffff","_border_border":"solid","_border_width":{"unit":"px","top":"1","right":"1","bottom":"1","left":"1","isLinked":true},"_border_radius":{"unit":"px","top":"15","right":"15","bottom":"15","left":"15","isLinked":true},"period_typography_font_weight":"300","period_typography_text_transform":"uppercase","sub_heading_typography_font_size_tablet":{"unit":"px","size":30},"price_typography_font_size_tablet":{"unit":"px","size":80}},"elements":[],"isInner":false,"widgetType":"price-table","elType":"widget"}],"isInner":true,"elType":"column"}],"isInner":true,"elType":"section"}],"isInner":false,"elType":"column"}],"isInner":false,"elType":"section"}]}