{"version":"0.4","title":"Pricing9","type":"page","content":[{"id":"37b79106","settings":{"gap":"no","custom_height":{"unit":"px","size":""},"content_position":"middle","padding":{"unit":"px","top":"100","right":"0","bottom":"100","left":"0","isLinked":false},"padding_tablet":{"unit":"px","top":"100","right":"25","bottom":"100","left":"25","isLinked":false},"padding_mobile":{"unit":"px","top":"50","right":"20","bottom":"50","left":"20","isLinked":false}},"elements":[{"id":"120d8772","settings":{"_column_size":100},"elements":[{"id":"2f38509b","settings":{"title":"Choose your plan","align":"center","title_color":"#000000","typography_typography":"custom","typography_font_size":{"unit":"px","size":65},"typography_font_weight":"900","typography_font_size_mobile":{"unit":"px","size":45},"header_size":"h4","typography_font_size_tablet":{"unit":"px","size":45}},"elements":[],"isInner":false,"widgetType":"heading","elType":"widget"},{"id":"35517128","settings":{"editor":"<p>You will be charged for the plan after the admin approves your vendor account<\/p>","align":"center","text_color":"#bfbfbf","typography_typography":"custom","typography_font_size":{"unit":"px","size":16},"typography_font_weight":"300","typography_line_height":{"unit":"em","size":1.7}},"elements":[],"isInner":false,"widgetType":"text-editor","elType":"widget"},{"id":"5f3a8e63","settings":{"gap":"no","structure":"30","padding":{"unit":"px","top":"30","right":"0","bottom":"0","left":"0","isLinked":false}},"elements":[{"id":"67c6c143","settings":{"_column_size":33,"_inline_size":null},"elements":[{"id":"9a42ccc","settings":{"heading":"Personal","sub_heading":"","price":"29.99","period":"Per Month","features_list":[{"item_text":"15 Accounts","item_icon":"","item_icon_color":"","_id":"c1e67b1"},{"item_text":"100 GB Space","item_icon":"","item_icon_color":"","_id":"2af3de2"},{"item_text":"1 Domain Name","item_icon":"","item_icon_color":"","_id":"a270e36"},{"item_text":"500 GB Bandwidth","item_icon":"","item_icon_color":"","_id":"0bbe5da"}],"button_text":"Get Started","footer_additional_info":"","show_ribbon":"","ribbon_title":"Popular","header_bg_color":"#ffffff","heading_color":"#000000","heading_typography_typography":"custom","heading_typography_font_size":{"unit":"px","size":35},"sub_heading_color":"#000000","sub_heading_typography_typography":"custom","sub_heading_typography_font_size":{"unit":"px","size":14},"sub_heading_typography_font_weight":"300","pricing_element_bg_color":"#f7f7f7","price_color":"#000000","price_typography_typography":"custom","price_typography_font_size":{"unit":"px","size":85},"price_typography_font_weight":"900","currency_size":{"unit":"px","size":35},"currency_vertical_position":"bottom","fractional-part_size":{"unit":"px","size":35},"fractional_part_vertical_position":"bottom","period_color":"#000000","period_typography_typography":"custom","period_position":"beside","features_list_bg_color":"#ffffff","features_list_color":"#bfbfbf","features_list_typography_typography":"custom","features_list_typography_font_size":{"unit":"px","size":16},"features_list_typography_font_weight":"300","features_list_alignment":"left","item_width":{"unit":"px","size":35},"divider_color":"rgba(0,0,0,0.22)","divider_weight":{"unit":"px","size":0},"divider_width":{"unit":"px","size":100},"divider_gap":{"unit":"px","size":25},"footer_bg_color":"#ffffff","button_text_color":"#000000","button_typography_typography":"custom","button_typography_font_size":{"unit":"px","size":14},"button_typography_font_weight":"600","button_typography_text_transform":"uppercase","button_background_color":"rgba(0,0,0,0)","button_border_border":"solid","button_border_width":{"unit":"px","top":"1","right":"1","bottom":"1","left":"1","isLinked":true},"button_border_radius":{"unit":"px","top":"0","right":"0","bottom":"0","left":"0","isLinked":true},"button_text_padding":{"unit":"px","top":"15","right":"45","bottom":"15","left":"45","isLinked":false},"button_hover_color":"#00ce1b","button_background_hover_color":"rgba(0,206,27,0)","button_hover_border_color":"#00ce1b","button_hover_animation":"grow","ribbon_bg_color":"#00ce1b","ribbon_typography_typography":"custom","ribbon_typography_font_size":{"unit":"px","size":14},"ribbon_typography_font_weight":"600","_box_shadow_hover_box_shadow_type":"yes","_box_shadow_hover_box_shadow":{"horizontal":0,"vertical":0,"blur":31,"spread":0,"color":"rgba(0,0,0,0.24)"},"pricing_element_padding":{"unit":"px","top":"55","right":"55","bottom":"55","left":"55","isLinked":true},"features_list_padding":{"unit":"px","top":"30","right":"0","bottom":"0","left":"0","isLinked":false},"_border_hover_transition":{"unit":"px","size":1},"heading_typography_font_size_tablet":{"unit":"px","size":25},"price_typography_font_size_tablet":{"unit":"px","size":60},"item_width_tablet":{"unit":"px","size":60},"item_width_mobile":{"unit":"px","size":50},"pricing_element_padding_tablet":{"unit":"px","top":"30","right":"30","bottom":"30","left":"30","isLinked":true},"pricing_element_padding_mobile":{"unit":"px","top":"50","right":"50","bottom":"50","left":"50","isLinked":true}},"elements":[],"isInner":false,"widgetType":"price-table","elType":"widget"}],"isInner":true,"elType":"column"},{"id":"176e314c","settings":{"_column_size":33,"_inline_size":null,"box_shadow_box_shadow_type":"yes","box_shadow_box_shadow":{"horizontal":0,"vertical":0,"blur":25,"spread":0,"color":"rgba(0,0,0,0.15)"},"z_index":2,"margin_mobile":{"unit":"px","top":"25","right":"0","bottom":"0","left":"0","isLinked":false}},"elements":[{"id":"58f8955","settings":{"heading":"Pro","sub_heading":"","price":"39.99","period":"Per Month","features_list":[{"item_text":"15 Accounts","item_icon":"","item_icon_color":"","_id":"c1e67b1"},{"item_text":"100 GB Space","item_icon":"","item_icon_color":"","_id":"2af3de2"},{"item_text":"1 Domain Name","item_icon":"","item_icon_color":"","_id":"a270e36"},{"item_text":"500 GB Bandwidth","item_icon":"","item_icon_color":"","_id":"0bbe5da"}],"button_text":"Get Started","footer_additional_info":"","show_ribbon":"","ribbon_title":"Popular","header_bg_color":"#ffffff","heading_color":"#000000","heading_typography_typography":"custom","heading_typography_font_size":{"unit":"px","size":35},"sub_heading_color":"rgba(0,0,0,0.42)","sub_heading_typography_typography":"custom","sub_heading_typography_font_size":{"unit":"px","size":14},"sub_heading_typography_font_weight":"300","pricing_element_bg_color":"#f7f7f7","price_color":"#000000","price_typography_typography":"custom","price_typography_font_size":{"unit":"px","size":85},"price_typography_font_weight":"900","currency_size":{"unit":"px","size":35},"currency_vertical_position":"bottom","fractional-part_size":{"unit":"px","size":35},"fractional_part_vertical_position":"bottom","period_color":"#000000","period_typography_typography":"custom","period_position":"beside","features_list_bg_color":"#ffffff","features_list_color":"#bfbfbf","features_list_typography_typography":"custom","features_list_typography_font_size":{"unit":"px","size":16},"features_list_typography_font_weight":"300","features_list_alignment":"left","item_width":{"unit":"px","size":35},"divider_color":"rgba(0,0,0,0.22)","divider_weight":{"unit":"px","size":0},"divider_width":{"unit":"px","size":100},"divider_gap":{"unit":"px","size":25},"footer_bg_color":"#ffffff","button_text_color":"#000000","button_typography_typography":"custom","button_typography_font_size":{"unit":"px","size":14},"button_typography_font_weight":"600","button_typography_text_transform":"uppercase","button_background_color":"rgba(0,0,0,0)","button_border_border":"solid","button_border_width":{"unit":"px","top":"1","right":"1","bottom":"1","left":"1","isLinked":true},"button_border_radius":{"unit":"px","top":"0","right":"0","bottom":"0","left":"0","isLinked":true},"button_text_padding":{"unit":"px","top":"15","right":"45","bottom":"15","left":"45","isLinked":false},"button_hover_color":"#00ce1b","button_background_hover_color":"rgba(0,206,27,0)","button_hover_border_color":"#00ce1b","button_hover_animation":"grow","ribbon_bg_color":"#00ce1b","ribbon_typography_typography":"custom","ribbon_typography_font_size":{"unit":"px","size":14},"ribbon_typography_font_weight":"600","_box_shadow_hover_box_shadow":{"horizontal":0,"vertical":0,"blur":31,"spread":0,"color":"rgba(0,0,0,0.24)"},"pricing_element_padding":{"unit":"px","top":"55","right":"55","bottom":"55","left":"55","isLinked":true},"features_list_padding":{"unit":"px","top":"30","right":"0","bottom":"0","left":"0","isLinked":false},"_border_hover_transition":{"unit":"px","size":1},"heading_typography_font_size_tablet":{"unit":"px","size":25},"price_typography_font_size_tablet":{"unit":"px","size":60},"item_width_tablet":{"unit":"px","size":60},"item_width_mobile":{"unit":"px","size":50},"pricing_element_padding_tablet":{"unit":"px","top":"30","right":"30","bottom":"30","left":"30","isLinked":true},"pricing_element_padding_mobile":{"unit":"px","top":"50","right":"50","bottom":"50","left":"50","isLinked":true}},"elements":[],"isInner":false,"widgetType":"price-table","elType":"widget"}],"isInner":true,"elType":"column"},{"id":"3f4e1b16","settings":{"_column_size":33,"_inline_size":null,"margin_mobile":{"unit":"px","top":"25","right":"0","bottom":"0","left":"0","isLinked":false}},"elements":[{"id":"437ff0a1","settings":{"heading":"Team","sub_heading":"","price":"59.99","period":"Per Month","features_list":[{"item_text":"15 Accounts","item_icon":"","item_icon_color":"","_id":"c1e67b1"},{"item_text":"100 GB Space","item_icon":"","item_icon_color":"","_id":"2af3de2"},{"item_text":"1 Domain Name","item_icon":"","item_icon_color":"","_id":"a270e36"},{"item_text":"500 GB Bandwidth","item_icon":"","item_icon_color":"","_id":"0bbe5da"}],"button_text":"Get Started","footer_additional_info":"","show_ribbon":"","ribbon_title":"Popular","header_bg_color":"#ffffff","heading_color":"#000000","heading_typography_typography":"custom","heading_typography_font_size":{"unit":"px","size":45},"sub_heading_color":"rgba(0,0,0,0.42)","sub_heading_typography_typography":"custom","sub_heading_typography_font_size":{"unit":"px","size":14},"sub_heading_typography_font_weight":"300","pricing_element_bg_color":"#f7f7f7","price_color":"#000000","price_typography_typography":"custom","price_typography_font_size":{"unit":"px","size":85},"price_typography_font_weight":"900","currency_size":{"unit":"px","size":35},"currency_vertical_position":"bottom","fractional-part_size":{"unit":"px","size":35},"fractional_part_vertical_position":"bottom","period_color":"#000000","period_typography_typography":"custom","period_position":"beside","features_list_bg_color":"#ffffff","features_list_color":"#bfbfbf","features_list_typography_typography":"custom","features_list_typography_font_size":{"unit":"px","size":16},"features_list_typography_font_weight":"300","features_list_alignment":"center","item_width":{"unit":"px","size":35},"divider_color":"rgba(0,0,0,0.22)","divider_weight":{"unit":"px","size":0},"divider_width":{"unit":"px","size":100},"divider_gap":{"unit":"px","size":25},"footer_bg_color":"#ffffff","button_text_color":"#000000","button_typography_typography":"custom","button_typography_font_size":{"unit":"px","size":14},"button_typography_font_weight":"600","button_typography_text_transform":"uppercase","button_background_color":"rgba(0,0,0,0)","button_border_border":"solid","button_border_width":{"unit":"px","top":"1","right":"1","bottom":"1","left":"1","isLinked":true},"button_border_radius":{"unit":"px","top":"0","right":"0","bottom":"0","left":"0","isLinked":true},"button_text_padding":{"unit":"px","top":"15","right":"45","bottom":"15","left":"45","isLinked":false},"button_hover_color":"#00ce1b","button_background_hover_color":"rgba(0,206,27,0)","button_hover_border_color":"#00ce1b","button_hover_animation":"grow","ribbon_bg_color":"#00ce1b","ribbon_typography_typography":"custom","ribbon_typography_font_size":{"unit":"px","size":14},"ribbon_typography_font_weight":"600","_box_shadow_hover_box_shadow_type":"yes","_box_shadow_hover_box_shadow":{"horizontal":0,"vertical":0,"blur":31,"spread":0,"color":"rgba(0,0,0,0.24)"},"pricing_element_padding":{"unit":"px","top":"55","right":"55","bottom":"55","left":"55","isLinked":true},"features_list_padding":{"unit":"px","top":"30","right":"0","bottom":"0","left":"0","isLinked":false},"_border_hover_transition":{"unit":"px","size":1},"heading_typography_font_size_tablet":{"unit":"px","size":25},"price_typography_font_size_tablet":{"unit":"px","size":60},"item_width_tablet":{"unit":"px","size":60},"item_width_mobile":{"unit":"px","size":39},"pricing_element_padding_tablet":{"unit":"px","top":"30","right":"30","bottom":"30","left":"30","isLinked":true},"pricing_element_padding_mobile":{"unit":"px","top":"50","right":"50","bottom":"50","left":"50","isLinked":true}},"elements":[],"isInner":false,"widgetType":"price-table","elType":"widget"}],"isInner":true,"elType":"column"}],"isInner":true,"elType":"section"}],"isInner":false,"elType":"column"}],"isInner":false,"elType":"section"}]}