{"version":"0.4","title":"Pricing7","type":"page","content":[{"id":"171f8c75","settings":{"gap":"no","custom_height":{"unit":"px","size":""},"content_position":"middle","structure":"30","padding":{"unit":"px","top":"100","right":"0","bottom":"100","left":"0","isLinked":false},"padding_tablet":{"unit":"px","top":"100","right":"25","bottom":"100","left":"25","isLinked":false},"padding_mobile":{"unit":"px","top":"50","right":"20","bottom":"50","left":"20","isLinked":false}},"elements":[{"id":"2c0221b5","settings":{"_column_size":33,"padding":{"unit":"px","top":"0","right":"90","bottom":"0","left":"0","isLinked":false},"padding_tablet":{"unit":"px","top":"0","right":"25","bottom":"0","left":"0","isLinked":false},"padding_mobile":{"unit":"px","top":"0","right":"0","bottom":"0","left":"0","isLinked":false},"_inline_size_tablet":33},"elements":[{"id":"66807af5","settings":{"title":"Choose your plan","title_color":"#000000","typography_typography":"custom","typography_font_size":{"unit":"px","size":65},"typography_font_weight":"900","typography_font_size_tablet":{"unit":"px","size":45},"typography_font_size_mobile":{"unit":"px","size":45},"align_mobile":"center","header_size":"h4"},"elements":[],"isInner":false,"widgetType":"heading","elType":"widget"},{"id":"45df2610","settings":{"editor":"<p>You will be charged for the plan after the admin approves your vendor account<\/p>","text_color":"#bfbfbf","typography_typography":"custom","typography_font_size":{"unit":"px","size":16},"typography_font_weight":"300","_padding":{"unit":"px","top":"15","right":"0","bottom":"0","left":"0","isLinked":false},"typography_line_height":{"unit":"em","size":1.7},"align_mobile":"center"},"elements":[],"isInner":false,"widgetType":"text-editor","elType":"widget"}],"isInner":false,"elType":"column"},{"id":"51689108","settings":{"_column_size":33,"_inline_size":30.526,"background_color":"#ffffff","_inline_size_tablet":33,"margin":{"unit":"px","top":"0","right":"10","bottom":"0","left":"0","isLinked":false},"margin_mobile":{"unit":"px","top":"0","right":"0","bottom":"0","left":"0","isLinked":true}},"elements":[{"id":"1b6da70e","settings":{"heading":"Personal","sub_heading":"","price":"29.99","period":"Month","features_list":[{"item_text":"15 Accounts","item_icon":"","item_icon_color":"","_id":"c1e67b1"},{"item_text":"100 GB Space","item_icon":"","item_icon_color":"","_id":"2af3de2"},{"item_text":"1 Domain Name","item_icon":"","item_icon_color":"","_id":"a270e36"},{"item_text":"500 GB Bandwidth","item_icon":"","item_icon_color":"","_id":"0bbe5da"}],"button_text":"Get it","footer_additional_info":"","show_ribbon":"","ribbon_title":"Popular","header_bg_color":"#ffffff","heading_color":"#000000","heading_typography_typography":"custom","heading_typography_font_size":{"unit":"px","size":35},"sub_heading_color":"#000000","sub_heading_typography_typography":"custom","sub_heading_typography_font_size":{"unit":"px","size":14},"sub_heading_typography_font_weight":"300","pricing_element_bg_color":"#ffffff","price_color":"#000000","price_typography_typography":"custom","price_typography_font_size":{"unit":"px","size":85},"price_typography_font_weight":"900","currency_size":{"unit":"px","size":35},"fractional-part_size":{"unit":"px","size":35},"period_color":"#000000","period_typography_typography":"custom","features_list_bg_color":"#ffffff","features_list_color":"#bfbfbf","features_list_typography_typography":"custom","features_list_typography_font_size":{"unit":"px","size":16},"features_list_typography_font_weight":"300","features_list_alignment":"left","item_width":{"unit":"px","size":40},"divider_color":"#bfbfbf","divider_weight":{"unit":"px","size":0},"divider_width":{"unit":"px","size":100},"divider_gap":{"unit":"px","size":25},"footer_bg_color":"#ffffff","button_typography_typography":"custom","button_typography_font_size":{"unit":"px","size":14},"button_typography_font_weight":"600","button_typography_text_transform":"uppercase","button_background_color":"#000000","button_border_radius":{"unit":"px","top":"0","right":"0","bottom":"0","left":"0","isLinked":true},"button_text_padding":{"unit":"px","top":"15","right":"45","bottom":"15","left":"45","isLinked":false},"button_background_hover_color":"#00ce1b","button_hover_animation":"grow","ribbon_bg_color":"#00ce1b","ribbon_typography_typography":"custom","ribbon_typography_font_size":{"unit":"px","size":14},"ribbon_typography_font_weight":"600","item_width_tablet":{"unit":"px","size":60},"item_width_mobile":{"unit":"px","size":45},"_border_border":"solid","_border_width":{"unit":"px","top":"1","right":"1","bottom":"1","left":"1","isLinked":true},"_border_color":"#000000"},"elements":[],"isInner":false,"widgetType":"price-table","elType":"widget"}],"isInner":false,"elType":"column"},{"id":"5e459af1","settings":{"_column_size":33,"_inline_size":30.472,"_inline_size_tablet":33,"margin":{"unit":"px","top":"0","right":"0","bottom":"0","left":"10","isLinked":false},"margin_mobile":{"unit":"px","top":"20","right":"0","bottom":"0","left":"0","isLinked":false}},"elements":[{"id":"5c346c4e","settings":{"heading":"Pro","sub_heading":"","price":"39.99","period":"Month","features_list":[{"item_text":"15 Accounts","item_icon":"","item_icon_color":"","_id":"c1e67b1"},{"item_text":"100 GB Space","item_icon":"","item_icon_color":"","_id":"2af3de2"},{"item_text":"1 Domain Name","item_icon":"","item_icon_color":"","_id":"a270e36"},{"item_text":"500 GB Bandwidth","item_icon":"","item_icon_color":"","_id":"0e90e1a"}],"button_text":"Get it","footer_additional_info":"","show_ribbon":"","ribbon_title":"Popular","header_bg_color":"#ffffff","heading_color":"#000000","heading_typography_typography":"custom","heading_typography_font_size":{"unit":"px","size":35},"sub_heading_color":"rgba(0,0,0,0.42)","sub_heading_typography_typography":"custom","sub_heading_typography_font_size":{"unit":"px","size":14},"sub_heading_typography_font_weight":"300","pricing_element_bg_color":"#ffffff","price_color":"#000000","price_typography_typography":"custom","price_typography_font_size":{"unit":"px","size":85},"price_typography_font_weight":"900","currency_size":{"unit":"px","size":35},"fractional-part_size":{"unit":"px","size":35},"period_color":"#000000","period_typography_typography":"custom","features_list_bg_color":"#ffffff","features_list_color":"#bfbfbf","features_list_typography_typography":"custom","features_list_typography_font_size":{"unit":"px","size":16},"features_list_typography_font_weight":"300","features_list_alignment":"left","item_width":{"unit":"px","size":40},"divider_color":"#bfbfbf","divider_weight":{"unit":"px","size":0},"divider_width":{"unit":"px","size":100},"divider_gap":{"unit":"px","size":25},"footer_bg_color":"#ffffff","button_typography_typography":"custom","button_typography_font_size":{"unit":"px","size":14},"button_typography_font_weight":"600","button_typography_text_transform":"uppercase","button_background_color":"#000000","button_border_radius":{"unit":"px","top":"0","right":"0","bottom":"0","left":"0","isLinked":true},"button_text_padding":{"unit":"px","top":"15","right":"45","bottom":"15","left":"45","isLinked":false},"button_background_hover_color":"#00ce1b","button_hover_animation":"grow","ribbon_bg_color":"#00ce1b","ribbon_typography_typography":"custom","ribbon_typography_font_size":{"unit":"px","size":14},"ribbon_typography_font_weight":"600","item_width_tablet":{"unit":"px","size":58},"item_width_mobile":{"unit":"px","size":45},"_border_border":"solid","_border_width":{"unit":"px","top":"1","right":"1","bottom":"1","left":"1","isLinked":true},"_border_color":"#000000"},"elements":[],"isInner":false,"widgetType":"price-table","elType":"widget"}],"isInner":false,"elType":"column"}],"isInner":false,"elType":"section"}]}