{"version":"0.4","title":"Product-Archives3","type":"page","content":[{"id":"758d0e70","settings":{"padding":{"unit":"px","top":"50","right":"0","bottom":"50","left":"0","isLinked":false}},"elements":[{"id":"389ca58a","settings":{"_column_size":100},"elements":[{"id":"5960ddca","settings":{"__dynamic__":{"title":"[elementor-tag id=\"\" name=\"archive-title\" settings=\"%7B%22include_context%22%3A%22yes%22%2C%22before%22%3A%22%22%2C%22after%22%3A%22%22%2C%22fallback%22%3A%22%22%7D\"]"},"title":"Add Your Heading Text Here","typography_typography":"custom","typography_font_family":"Archivo Narrow","_margin":{"unit":"px","top":"0","right":"0","bottom":"50","left":"0","isLinked":false}},"elements":[],"isInner":false,"widgetType":"theme-archive-title","elType":"widget"}],"isInner":false,"elType":"column"}],"isInner":false,"elType":"section"}]}