{"version":"0.4","title":"Product-Archives1","type":"page","content":[{"id":"3d34cf2a","settings":{"padding":{"unit":"px","top":"50","right":"0","bottom":"50","left":"0","isLinked":false}},"elements":[{"id":"705e7fcb","settings":{"_column_size":100},"elements":[{"id":"18275305","settings":{"title":"Add Your Heading Text Here","typography_typography":"custom","typography_font_size":{"unit":"px","size":35},"_margin":{"unit":"px","top":"0","right":"0","bottom":"50","left":"0","isLinked":false},"__dynamic__":{"title":"[elementor-tag id=\"26ee786\" name=\"archive-title\" settings=\"%7B%22include_context%22%3A%22%22%7D\"]"}},"elements":[],"isInner":false,"widgetType":"heading","elType":"widget"}],"isInner":false,"elType":"column"}],"isInner":false,"elType":"section"}]}