{"version":"0.4","title":"Single-Post5","type":"page","content":[{"id":"35409a55","settings":{"height":"min-height","custom_height":{"unit":"px","size":500},"background_background":"classic","background_position":"center center","background_size":"cover","background_overlay_background":"gradient","background_overlay_color":"rgba(0,0,0,0)","background_overlay_color_b":"#000000","__dynamic__":{"background_image":"[elementor-tag id=\"b06131c\" name=\"post-featured-image\" settings=\"%7B%7D\"]"},"background_attachment":"fixed"},"elements":[{"id":"19bea62e","settings":{"_column_size":100},"elements":[],"isInner":false,"elType":"column"}],"isInner":false,"elType":"section"},{"id":"36cd20d4","settings":{"content_width":{"unit":"px","size":800},"margin":{"unit":"px","top":"-130","right":0,"bottom":"0","left":0,"isLinked":false}},"elements":[{"id":"44d6303","settings":{"_column_size":100,"background_background":"classic","background_color":"#ffffff","box_shadow_box_shadow":{"horizontal":0,"vertical":"","blur":46,"spread":0,"color":"rgba(0,0,0,0.19)"},"padding":{"unit":"px","top":"60","right":"60","bottom":"60","left":"60","isLinked":true}},"elements":[{"id":"db5ce78","settings":{"icon_list":[{"type":"terms","date_format":"default","custom_date_format":"F j, Y","time_format":"default","custom_time_format":"g:i a","taxonomy":"category","text_prefix":"","show_avatar":"","avatar_size":{"unit":"px","size":""},"avatar_size_tablet":{"unit":"px","size":""},"avatar_size_mobile":{"unit":"px","size":""},"comments_custom_strings":false,"string_no_comments":"","string_one_comment":"","string_comments":"","link":"yes","show_icon":"none","icon":"","_id":"5eb95cd","custom_text":"","custom_url":{"url":"","is_external":"","nofollow":""}}],"icon_align":"center","icon_typography_typography":"custom","icon_typography_font_size":{"unit":"px","size":14},"icon_typography_text_transform":"uppercase","icon_typography_letter_spacing":{"unit":"px","size":3.3},"_margin":{"unit":"px","top":"0","right":"0","bottom":"35","left":"0","isLinked":false}},"elements":[],"isInner":false,"widgetType":"post-info","elType":"widget"},{"id":"4850ee89","settings":{"__dynamic__":{"title":"[elementor-tag id=\"\" name=\"post-title\" settings=\"%7B%22before%22%3A%22%22%2C%22after%22%3A%22%22%2C%22fallback%22%3A%22%22%7D\"]"},"title":"Add Your Heading Text Here","align":"center","title_color":"#a02521","typography_typography":"custom","typography_font_family":"Oswald","typography_font_size":{"unit":"px","size":66},"typography_font_weight":"normal","typography_text_transform":"uppercase","typography_line_height":{"unit":"em","size":1.1},"_padding":{"unit":"px","top":"0","right":"60","bottom":"0","left":"60","isLinked":false}},"elements":[],"isInner":false,"widgetType":"theme-post-title","elType":"widget"},{"id":"29048821","settings":{"icon_list":[{"type":"author","date_format":"default","custom_date_format":"F j, Y","time_format":"default","custom_time_format":"g:i a","taxonomy":[],"text_prefix":"","show_avatar":"","avatar_size":{"unit":"px","size":""},"avatar_size_tablet":{"unit":"px","size":""},"avatar_size_mobile":{"unit":"px","size":""},"comments_custom_strings":false,"string_no_comments":"","string_one_comment":"","string_comments":"","link":"yes","show_icon":"default","icon":"","_id":"4e93aca","custom_text":"","custom_url":{"url":"","is_external":"","nofollow":""}},{"type":"date","icon":"fa fa-calendar","_id":"6bd1949","date_format":"default","custom_date_format":"F j, Y","time_format":"default","custom_time_format":"g:i a","taxonomy":[],"text_prefix":"","show_avatar":"","avatar_size":{"unit":"px","size":""},"avatar_size_tablet":{"unit":"px","size":""},"avatar_size_mobile":{"unit":"px","size":""},"comments_custom_strings":"","string_no_comments":"","string_one_comment":"","string_comments":"","link":"yes","show_icon":"default","custom_text":"","custom_url":{"url":"","is_external":"","nofollow":""}},{"type":"comments","icon":"fa fa-commenting-o","_id":"8a407e4","date_format":"default","custom_date_format":"F j, Y","time_format":"default","custom_time_format":"g:i a","taxonomy":[],"text_prefix":"","show_avatar":"","avatar_size":{"unit":"px","size":""},"avatar_size_tablet":{"unit":"px","size":""},"avatar_size_mobile":{"unit":"px","size":""},"comments_custom_strings":"","string_no_comments":"","string_one_comment":"","string_comments":"","link":"yes","show_icon":"default","custom_text":"","custom_url":{"url":"","is_external":"","nofollow":""}}],"space_between":{"unit":"px","size":32},"icon_align":"center","icon_typography_typography":"custom","icon_typography_font_size":{"unit":"px","size":15},"_margin":{"unit":"px","top":"45","right":"0","bottom":"45","left":"0","isLinked":false},"_padding":{"unit":"px","top":"15","right":"15","bottom":"15","left":"15","isLinked":true},"_border_border":"dotted","_border_width":{"unit":"px","top":"1","right":"0","bottom":"1","left":"0","isLinked":false},"_border_color":"#aaaaaa","icon_color":"rgba(165,104,104,0.64)"},"elements":[],"isInner":false,"widgetType":"post-info","elType":"widget"},{"id":"587fde67","settings":{"typography_typography":"custom","typography_font_size":{"unit":"px","size":16},"typography_line_height":{"unit":"em","size":2}},"elements":[],"isInner":false,"widgetType":"theme-post-content","elType":"widget"},{"id":"587ccf98","settings":{"title":"Like this article?","header_size":"h4","title_color":"#a02521","typography_typography":"custom","typography_font_family":"Oswald","typography_font_weight":"normal","typography_text_transform":"uppercase","_margin":{"unit":"px","top":"40","right":"0","bottom":"0","left":"0","isLinked":false}},"elements":[],"isInner":false,"widgetType":"heading","elType":"widget"},{"id":"639c27f7","settings":{"share_buttons":[{"button":"facebook","_id":"1eb2aae","text":"Share on Facebook"},{"button":"twitter","_id":"6f052e8","text":"Share on Twitter"},{"button":"linkedin","text":"Share on Linkdin","_id":"4946608"},{"button":"pinterest","text":"Share on Pinterest","_id":"372043f"}],"columns":"2","column_gap":{"unit":"px","size":15},"row_gap":{"unit":"px","size":15},"typography_typography":"custom","typography_font_size":{"unit":"px","size":14},"typography_font_weight":"normal"},"elements":[],"isInner":false,"widgetType":"share-buttons","elType":"widget"},{"id":"798116c5","settings":{"author_name":"","author_bio":"","link_text":"All Posts","author_avatar":{"url":"","id":""},"bio_typography_typography":"custom","bio_typography_font_size":{"unit":"px","size":15},"_margin":{"unit":"px","top":"30","right":"0","bottom":"30","left":"0","isLinked":false},"_padding":{"unit":"px","top":"30","right":"0","bottom":"30","left":"0","isLinked":false},"_border_border":"dotted","_border_width":{"unit":"px","top":"1","right":"0","bottom":"1","left":"0","isLinked":false},"_border_color":"#aaaaaa"},"elements":[],"isInner":false,"widgetType":"author-box","elType":"widget"},{"id":"420a790b","settings":{"title":"Leave a comment","header_size":"h4","title_color":"#a02521","typography_typography":"custom","typography_font_family":"Oswald","typography_font_weight":"normal","typography_text_transform":"uppercase"},"elements":[],"isInner":false,"widgetType":"heading","elType":"widget"},{"id":"1446fee7","settings":[],"elements":[],"isInner":false,"widgetType":"facebook-comments","elType":"widget"}],"isInner":false,"elType":"column"}],"isInner":false,"elType":"section"}]}