{"version":"0.4","title":"Single-Product4","type":"page","content":[{"id":"bebb534","settings":{"structure":"20","box_shadow_box_shadow":{"horizontal":0,"vertical":0,"blur":50,"spread":-10,"color":"rgba(0,0,0,0.5)"},"margin_tablet":{"unit":"px","top":"0","right":0,"bottom":"0","left":0,"isLinked":false},"margin_mobile":{"unit":"px","top":"","right":0,"bottom":"","left":0,"isLinked":true},"padding":{"unit":"%","top":"05","right":"10","bottom":"0","left":"10","isLinked":false},"padding_tablet":{"unit":"%","top":"3","right":"3","bottom":"3","left":"3","isLinked":true},"padding_mobile":{"unit":"%","top":"3","right":"3","bottom":"3","left":"3","isLinked":true}},"elements":[{"id":"2f8895df","settings":{"_column_size":50,"_inline_size":null,"background_background":"classic","background_position":"center center","background_repeat":"no-repeat","background_size":"cover","background_hover_color":"#6ec1e4","margin":{"unit":"px","top":"0","right":"15","bottom":"0","left":"0","isLinked":false},"padding":{"unit":"px","top":"500","right":"50","bottom":"020","left":"50","isLinked":false},"__dynamic__":{"background_overlay_image":"[elementor-tag id=\"d1320bd\" name=\"post-featured-image\" settings=\"%7B%7D\"]"},"background_overlay_color":"#000000","background_overlay_position":"center center","background_overlay_opacity":{"unit":"px","size":0},"box_shadow_box_shadow_type":"yes","box_shadow_box_shadow":{"horizontal":0,"vertical":0,"blur":30,"spread":0,"color":"rgba(0,0,0,0.12)"},"margin_mobile":{"unit":"px","top":"0","right":"0","bottom":"0","left":"0","isLinked":false},"padding_mobile":{"unit":"px","top":"80","right":"0","bottom":"80","left":"0","isLinked":false}},"elements":[{"id":"33772028","settings":[],"elements":[],"isInner":false,"widgetType":"spacer","elType":"widget"}],"isInner":false,"elType":"column"},{"id":"6b7e18c1","settings":{"_column_size":50,"_inline_size":null,"content_position":"center","space_between_widgets":30,"background_background":"classic","background_color":"#ffffff","padding":{"unit":"px","top":"80","right":"80","bottom":"80","left":"80","isLinked":true},"border_width":{"unit":"px","top":"0","right":"0","bottom":"0","left":"10","isLinked":false},"border_color":"#000000","margin":{"unit":"px","top":"0","right":"0","bottom":"0","left":"15","isLinked":false},"box_shadow_box_shadow_type":"yes","box_shadow_box_shadow":{"horizontal":0,"vertical":0,"blur":30,"spread":0,"color":"rgba(0,0,0,0.12)"},"margin_mobile":{"unit":"px","top":"0","right":"0","bottom":"0","left":"0","isLinked":false},"padding_tablet":{"unit":"px","top":"10","right":"10","bottom":"10","left":"10","isLinked":true},"padding_mobile":{"unit":"px","top":"30","right":"20","bottom":"40","left":"20","isLinked":false}},"elements":[],"isInner":false,"elType":"column"}],"isInner":false,"elType":"section"},{"id":"1b8b7fb8","settings":{"background_background":"classic","margin":{"unit":"%","top":"0","right":0,"bottom":"0","left":0,"isLinked":false},"margin_tablet":{"unit":"px","top":"","right":0,"bottom":"","left":0,"isLinked":true},"margin_mobile":{"unit":"px","top":"0","right":0,"bottom":"0","left":0,"isLinked":false},"padding":{"unit":"%","top":"0","right":"10","bottom":"5","left":"10","isLinked":false},"padding_tablet":{"unit":"%","top":"0","right":"3","bottom":"3","left":"3","isLinked":false},"padding_mobile":{"unit":"%","top":"0","right":"3","bottom":"3","left":"3","isLinked":false}},"elements":[{"id":"7e09f5c6","settings":{"_column_size":100,"background_background":"classic","background_color":"#ffffff","margin":{"unit":"px","top":"25","right":"0","bottom":"0","left":"0","isLinked":false},"padding":{"unit":"px","top":"80","right":"80","bottom":"80","left":"80","isLinked":true},"box_shadow_box_shadow_type":"yes","box_shadow_box_shadow":{"horizontal":0,"vertical":0,"blur":30,"spread":0,"color":"rgba(0,0,0,0.12)"},"margin_tablet":{"unit":"px","top":"0","right":"0","bottom":"0","left":"0","isLinked":false},"margin_mobile":{"unit":"px","top":"20","right":"0","bottom":"0","left":"0","isLinked":false},"padding_tablet":{"unit":"px","top":"45","right":"45","bottom":"45","left":"45","isLinked":true},"padding_mobile":{"unit":"px","top":"20","right":"20","bottom":"20","left":"20","isLinked":true}},"elements":[{"id":"1cb74b97","settings":{"margin":{"unit":"px","top":"50","right":0,"bottom":"50","left":0,"isLinked":true},"gap":"wide"},"elements":[{"id":"27e40753","settings":{"_column_size":100,"_inline_size":null,"background_color":"#ffffff","border_border":"solid","border_width":{"unit":"px","top":"3","right":"3","bottom":"3","left":"3","isLinked":true},"border_color":"rgba(255,255,255,0.46)","margin_mobile":{"unit":"px","top":"0","right":"0","bottom":"0","left":"0","isLinked":false},"padding_mobile":{"unit":"px","top":"0","right":"0","bottom":"0","left":"0","isLinked":false}},"elements":[],"isInner":true,"elType":"column"}],"isInner":true,"elType":"section"}],"isInner":false,"elType":"column"}],"isInner":false,"elType":"section"}]}