{"version":"0.4","title":"Single-Product3","type":"page","content":[{"id":"274bdd21","settings":{"structure":"20","content_width":{"unit":"px","size":1000},"margin":{"unit":"px","top":"80","right":0,"bottom":"90","left":0,"isLinked":false},"background_color":"rgba(255,255,255,0)","background_color_b":"rgba(0,0,0,0.17)","margin_tablet":{"unit":"px","top":"0","right":0,"bottom":"0","left":0,"isLinked":false},"padding_tablet":{"unit":"px","top":"20","right":"20","bottom":"0","left":"20","isLinked":false}},"elements":[{"id":"708ab233","settings":{"_column_size":50,"_inline_size":55,"content_position":"center"},"elements":[{"id":"50ff006d","settings":{"__dynamic__":[],"align":"left","width":{"unit":"%","size":90},"width_mobile":{"unit":"%","size":100},"image":{"id":"897","url":"http:\/\/localhost\/test\/wp-content\/uploads\/2018\/09\/placeholder-1-1.png"}},"elements":[],"isInner":false,"widgetType":"image","elType":"widget"}],"isInner":false,"elType":"column"},{"id":"18639253","settings":{"_column_size":50,"_inline_size":45,"background_background":"classic","background_color":"#ffffff","padding":{"unit":"px","top":"060","right":"060","bottom":"60","left":"060","isLinked":false},"box_shadow_box_shadow_type":"yes","box_shadow_box_shadow":{"horizontal":0,"vertical":0,"blur":50,"spread":-10,"color":"rgba(0,0,0,0.17)"},"margin":{"unit":"px","top":"0","right":"0","bottom":"0","left":"0","isLinked":false},"content_position":"center","space_between_widgets":40,"border_border":"solid","border_width":{"unit":"px","top":"0","right":"0","bottom":"01","left":"0","isLinked":false},"border_color":"#000000","padding_tablet":{"unit":"px","top":"40","right":"40","bottom":"40","left":"40","isLinked":true},"padding_mobile":{"unit":"px","top":"30","right":"30","bottom":"30","left":"30","isLinked":true}},"elements":[],"isInner":false,"elType":"column"}],"isInner":false,"elType":"section"},{"id":"81314f3","settings":{"content_width":{"unit":"px","size":1000},"background_background":"classic","background_color":"#ffffff","margin":{"unit":"px","top":"50","right":0,"bottom":"50","left":0,"isLinked":true},"padding":{"unit":"px","top":"50","right":"50","bottom":"90","left":"50","isLinked":false},"margin_tablet":{"unit":"px","top":"20","right":0,"bottom":"20","left":0,"isLinked":true},"padding_tablet":{"unit":"px","top":"20","right":"20","bottom":"20","left":"20","isLinked":true},"padding_mobile":{"unit":"px","top":"20","right":"20","bottom":"20","left":"20","isLinked":true}},"elements":[{"id":"69b22dc5","settings":{"_column_size":100},"elements":[{"id":"26b7549f","settings":{"content_position":"middle","structure":"30","border_border":"solid","border_width":{"unit":"px","top":"1","right":"0","bottom":"1","left":"0","isLinked":false},"border_color":"#7a7a7a","border_radius":{"unit":"px","top":"0","right":"0","bottom":"0","left":"0","isLinked":false},"margin":{"unit":"px","top":"30","right":0,"bottom":"80","left":0,"isLinked":false},"padding":{"unit":"px","top":"10","right":"10","bottom":"10","left":"10","isLinked":true}},"elements":[{"id":"bb75bd2","settings":{"_column_size":33,"_inline_size":null},"elements":[],"isInner":true,"elType":"column"},{"id":"27aeb190","settings":{"_column_size":33,"_inline_size":33.438},"elements":[{"id":"f0ce93d","settings":{"share_buttons":[{"button":"facebook","_id":"eabf5ee","text":""},{"button":"google","_id":"b46c25c","text":""},{"button":"twitter","_id":"0d6bed8","text":""},{"button":"linkedin","_id":"7a61fda","text":""}],"view":"icon","skin":"flat","shape":"circle","alignment":"center","column_gap":{"unit":"px","size":-6},"row_gap":{"unit":"px","size":0},"icon_size":{"unit":"em","size":1.4},"color_source":"custom","primary_color":"rgba(255,255,255,0)","secondary_color":"#000000","_margin":{"unit":"px","top":"0","right":"0","bottom":"0","left":"0","isLinked":false},"_padding":{"unit":"px","top":"0","right":"0","bottom":"0","left":"0","isLinked":false},"_background_color":"#f4f4f4"},"elements":[],"isInner":false,"widgetType":"share-buttons","elType":"widget"}],"isInner":true,"elType":"column"},{"id":"32ed66c9","settings":{"_column_size":33,"_inline_size":33.226},"elements":[],"isInner":true,"elType":"column"}],"isInner":true,"elType":"section"},{"id":"497e85e1","settings":{"gap":"no"},"elements":[{"id":"7cc14419","settings":{"_column_size":100,"_inline_size":null,"margin":{"unit":"px","top":"0","right":"0","bottom":"0","left":"0","isLinked":false}},"elements":[],"isInner":true,"elType":"column"}],"isInner":true,"elType":"section"}],"isInner":false,"elType":"column"}],"isInner":false,"elType":"section"}]}