{"version":"0.4","title":"Single-Post3","type":"page","content":[{"id":"5d9148ed","settings":{"background_background":"gradient","background_color":"#5430e9","background_overlay_position":"center center","background_overlay_size":"cover","background_overlay_opacity":{"unit":"px","size":0.28},"shape_divider_bottom":"tilt","shape_divider_bottom_flip":"yes","padding":{"unit":"px","top":"120","right":"0","bottom":"400","left":"0","isLinked":false},"background_color_b":"#64d69d","shape_divider_bottom_height":{"unit":"px","size":250},"content_width":{"unit":"px","size":700},"background_gradient_angle":{"unit":"deg","size":260}},"elements":[{"id":"54fc396b","settings":{"_column_size":100},"elements":[{"id":"6f8ba1ef","settings":{"width":{"unit":"px","size":55},"css_filters_css_filter":"custom","css_filters_saturate":{"unit":"px","size":0},"image_border_radius":{"unit":"%","top":"100","right":"100","bottom":"100","left":"100","isLinked":true},"__dynamic__":{"image":"[elementor-tag id=\"d5b67b0\" name=\"author-profile-picture\" settings=\"%7B%7D\"]"},"image":{"id":"897","url":"http:\/\/localhost\/test\/wp-content\/uploads\/2018\/09\/placeholder-1-1.png"}},"elements":[],"isInner":false,"widgetType":"image","elType":"widget"},{"id":"14ecbe5c","settings":{"__dynamic__":{"title":"[elementor-tag id=\"\" name=\"post-title\" settings=\"%7B%22before%22%3A%22%22%2C%22after%22%3A%22%22%2C%22fallback%22%3A%22%22%7D\"]"},"title":"Add Your Heading Text Here","align":"center","title_color":"#ffffff","typography_typography":"custom","typography_font_size":{"unit":"px","size":45},"typography_font_weight":"600","typography_text_transform":"capitalize","typography_font_family":"Playfair Display"},"elements":[],"isInner":false,"widgetType":"theme-post-title","elType":"widget"},{"id":"6975a590","settings":{"icon_list":[{"type":"author","icon":"fa fa-user-circle-o","_id":"b2a862d","date_format":"default","custom_date_format":"F j, Y","time_format":"default","custom_time_format":"g:i a","taxonomy":[],"text_prefix":"","show_avatar":"","avatar_size":{"unit":"px","size":""},"avatar_size_tablet":{"unit":"px","size":""},"avatar_size_mobile":{"unit":"px","size":""},"comments_custom_strings":"","string_no_comments":"","string_one_comment":"","string_comments":"","link":"yes","show_icon":"none","custom_text":"","custom_url":{"url":"","is_external":"","nofollow":""}},{"type":"date","icon":"fa fa-calendar","_id":"62990f6","date_format":"default","custom_date_format":"F j, Y","time_format":"default","custom_time_format":"g:i a","taxonomy":[],"text_prefix":"","show_avatar":"","avatar_size":{"unit":"px","size":""},"avatar_size_tablet":{"unit":"px","size":""},"avatar_size_mobile":{"unit":"px","size":""},"comments_custom_strings":"","string_no_comments":"","string_one_comment":"","string_comments":"","link":"yes","show_icon":"none","custom_text":"","custom_url":{"url":"","is_external":"","nofollow":""}},{"type":"comments","icon":"fa fa-commenting-o","_id":"5056dad","date_format":"default","custom_date_format":"F j, Y","time_format":"default","custom_time_format":"g:i a","taxonomy":[],"text_prefix":"","show_avatar":"","avatar_size":{"unit":"px","size":""},"avatar_size_tablet":{"unit":"px","size":""},"avatar_size_mobile":{"unit":"px","size":""},"comments_custom_strings":"","string_no_comments":"","string_one_comment":"","string_comments":"","link":"yes","show_icon":"none","custom_text":"","custom_url":{"url":"","is_external":"","nofollow":""}}],"icon_align":"center","divider_style":"dotted","divider_height":{"unit":"%","size":49},"divider_color":"#ffffff","text_color":"#ffffff","icon_typography_typography":"custom","icon_typography_font_size":{"unit":"px","size":14}},"elements":[],"isInner":false,"widgetType":"post-info","elType":"widget"}],"isInner":false,"elType":"column"}],"isInner":false,"elType":"section"},{"id":"4e0132dd","settings":{"content_width":{"unit":"px","size":840},"margin":{"unit":"px","top":"-300","right":0,"bottom":"0","left":0,"isLinked":false},"gap":"no"},"elements":[{"id":"6e86d426","settings":{"_column_size":100,"box_shadow_box_shadow_type":"yes","box_shadow_box_shadow":{"horizontal":0,"vertical":0,"blur":60,"spread":0,"color":"rgba(0,0,0,0.28)"}},"elements":[{"id":"1a1d5463","settings":{"__dynamic__":{"image":"[elementor-tag id=\"\" name=\"post-featured-image\" settings=\"%7B%22fallback%22%3A%7B%22url%22%3A%22%22%2C%22id%22%3A%22%22%7D%7D\"]"},"image_size":"custom","image_custom_dimension":{"width":"860","height":"440"},"image":{"id":"1866","url":"http:\/\/localhost\/test\/wp-content\/uploads\/2018\/09\/placeholder-5.png"}},"elements":[],"isInner":false,"widgetType":"theme-post-featured-image","elType":"widget"},{"id":"51e8c087","settings":{"share_buttons":[{"button":"facebook","_id":"eeb74a4","text":"Share on Facebook"},{"button":"twitter","_id":"8eef7f1","text":"Share on Twitter"},{"button":"pinterest","text":"Share on pinterest","_id":"1171aea"}],"skin":"flat","columns":"3","column_gap":{"unit":"px","size":""},"row_gap":{"unit":"px","size":""},"_margin":{"unit":"px","top":"-20","right":"0","bottom":"0","left":"0","isLinked":false},"view":"icon","typography_typography":"custom","typography_font_size":{"unit":"px","size":12},"typography_font_weight":"400","typography_text_transform":"uppercase","typography_letter_spacing":{"unit":"px","size":0.5}},"elements":[],"isInner":false,"widgetType":"share-buttons","elType":"widget"}],"isInner":false,"elType":"column"}],"isInner":false,"elType":"section"},{"id":"30c5459d","settings":{"content_width":{"unit":"px","size":840},"gap":"no","margin":{"unit":"px","top":"45","right":0,"bottom":"45","left":0,"isLinked":true}},"elements":[{"id":"68ebfa53","settings":{"_column_size":100},"elements":[{"id":"71ce95e1","settings":{"typography_typography":"custom","typography_font_size":{"unit":"px","size":17},"typography_line_height":{"unit":"em","size":2.2}},"elements":[],"isInner":false,"widgetType":"theme-post-content","elType":"widget"},{"id":"6935b54c","settings":{"icon_list":[{"type":"terms","icon":"fa fa-commenting-o","_id":"da253dc","date_format":"default","custom_date_format":"F j, Y","time_format":"default","custom_time_format":"g:i a","taxonomy":"post_tag","text_prefix":"Tags: ","show_avatar":"","avatar_size":{"unit":"px","size":""},"avatar_size_tablet":{"unit":"px","size":""},"avatar_size_mobile":{"unit":"px","size":""},"comments_custom_strings":"","string_no_comments":"","string_one_comment":"","string_comments":"","link":"yes","show_icon":"none","custom_text":"","custom_url":{"url":"","is_external":"","nofollow":""}}],"icon_typography_typography":"custom","icon_typography_font_size":{"unit":"px","size":14}},"elements":[],"isInner":false,"widgetType":"post-info","elType":"widget"}],"isInner":false,"elType":"column"}],"isInner":false,"elType":"section"},{"id":"525136ef","settings":{"content_width":{"unit":"px","size":860},"gap":"no","margin":{"unit":"px","top":"45","right":0,"bottom":"45","left":0,"isLinked":true}},"elements":[{"id":"64841cdb","settings":{"_column_size":100,"background_background":"gradient","background_color":"#5430e9","border_radius":{"unit":"px","top":"6","right":"6","bottom":"6","left":"6","isLinked":true},"padding":{"unit":"px","top":"45","right":"60","bottom":"60","left":"60","isLinked":false},"background_color_b":"#64d69d","background_gradient_angle":{"unit":"deg","size":210}},"elements":[{"id":"50e0ffc","settings":{"title":"Subscribe to our Newsletter","align":"center","title_color":"#ffffff","typography_typography":"custom","typography_font_weight":"600","header_size":"h3","typography_font_family":"Playfair Display","typography_font_size":{"unit":"px","size":35},"typography_text_transform":"capitalize"},"elements":[],"isInner":false,"widgetType":"heading","elType":"widget"},{"id":"27a6ead6","settings":{"align":"center","text_color":"rgba(255,255,255,0.73)","_margin":{"unit":"px","top":"0","right":"0","bottom":"30","left":"0","isLinked":false}},"elements":[],"isInner":false,"widgetType":"text-editor","elType":"widget"},{"id":"5e44e811","settings":{"form_name":"New Form","form_fields":[{"_id":"email","field_type":"email","required":"true","field_label":"Email","placeholder":"Email","width":"100","field_value":"","file_sizes":"","file_types":"","allow_multiple_upload":"","max_files":"","acceptance_text":"","checked_by_default":"","field_min":"","field_max":"","min_date":"","max_date":"","use_native_date":"","use_native_time":"","field_options":"","allow_multiple":"","select_size":"","inline_list":"","field_html":"","width_tablet":"","width_mobile":"","rows":4,"recaptcha_size":"normal","recaptcha_style":"light","css_classes":""}],"input_size":"md","show_labels":"","button_text":"Submit","button_size":"md","email_content":"[all-fields]","email_content_2":"[all-fields]","success_message":"The form was sent successfully.","error_message":"An errors occurred.","required_field_message":"This field is required.","invalid_message":"There's something wrong. The form is invalid.","button_background_color":"#5430e9","field_border_width":{"unit":"px","top":"0","right":"0","bottom":"0","left":"0","isLinked":true}},"elements":[],"isInner":false,"widgetType":"form","elType":"widget"}],"isInner":false,"elType":"column"}],"isInner":false,"elType":"section"},{"id":"1bb4883c","settings":{"z_index":2},"elements":[{"id":"7116a6bb","settings":{"_column_size":100},"elements":[{"id":"25308f38","settings":{"title":"Share this post with your friends","header_size":"h4","align":"center","title_color":"#7c7c7c"},"elements":[],"isInner":false,"widgetType":"heading","elType":"widget"},{"id":"597b3eba","settings":{"share_buttons":[{"button":"facebook","_id":"a05ab7e","text":""},{"button":"google","_id":"eb3d20e","text":""},{"button":"twitter","_id":"e667e10","text":""},{"button":"linkedin","_id":"4340004","text":""}],"view":"icon","skin":"flat","alignment":"center","row_gap":{"unit":"px","size":0},"color_source":"custom","primary_color":"#ffffff","secondary_color":"#64d69d"},"elements":[],"isInner":false,"widgetType":"share-buttons","elType":"widget"}],"isInner":false,"elType":"column"}],"isInner":false,"elType":"section"},{"id":"38e120f0","settings":{"content_width":{"unit":"px","size":860},"background_background":"classic","background_color":"#e8e8e8","shape_divider_top":"tilt","shape_divider_top_height":{"unit":"px","size":250},"shape_divider_top_flip":"yes","padding":{"unit":"px","top":"200","right":"0","bottom":"30","left":"0","isLinked":false},"margin":{"unit":"px","top":"-60","right":0,"bottom":"0","left":0,"isLinked":false}},"elements":[{"id":"22736807","settings":{"_column_size":100},"elements":[{"id":"ae621b0","settings":{"_skin":"theme_comments","_padding":{"unit":"px","top":"50","right":"0","bottom":"20","left":"0","isLinked":false}},"elements":[],"isInner":false,"widgetType":"post-comments","elType":"widget"}],"isInner":false,"elType":"column"}],"isInner":false,"elType":"section"}]}