{"version":"0.4","title":"Single-Product2","type":"page","content":[{"id":"4c36a0b1","settings":{"structure":"20","content_width":{"unit":"px","size":900},"gap":"extended","margin":{"unit":"px","top":"","right":0,"bottom":"","left":0,"isLinked":true},"background_background":"classic","background_color":"#ffffff","padding":{"unit":"px","top":"80","right":"0","bottom":"80","left":"0","isLinked":false},"margin_mobile":{"unit":"px","top":"0","right":0,"bottom":"0","left":0,"isLinked":false},"padding_tablet":{"unit":"px","top":"30","right":"20","bottom":"30","left":"20","isLinked":false},"padding_mobile":{"unit":"px","top":"20","right":"20","bottom":"0","left":"20","isLinked":false},"reverse_order_mobile":"reverse-mobile"},"elements":[{"id":"6f55c59d","settings":{"_column_size":50,"_inline_size":null,"margin":{"unit":"px","top":"0","right":"50","bottom":"0","left":"0","isLinked":false},"margin_tablet":{"unit":"px","top":"0","right":"0","bottom":"0","left":"0","isLinked":false},"margin_mobile":{"unit":"px","top":"40","right":"0","bottom":"0","left":"0","isLinked":false},"padding_tablet":{"unit":"px","top":"0","right":"20","bottom":"0","left":"0","isLinked":false}},"elements":[{"id":"593e0","settings":{"text":"Click here","link":{"url":"","is_external":"","nofollow":""},"size":"md","icon":"fa fa-star","icon_align":"right","icon_indent":{"unit":"px","size":15},"typography_typography":"custom","typography_font_family":"Ubuntu Condensed","typography_font_size":{"unit":"px","size":15},"typography_text_transform":"uppercase","button_text_color":"#7a7a7a","background_color":"rgba(255,255,255,0.27)","border_border":"solid","border_width":{"unit":"px","top":"0","right":"0","bottom":"1","left":"0","isLinked":false},"border_radius":{"unit":"px","top":"0","right":"0","bottom":"0","left":"0","isLinked":false},"text_padding":{"unit":"px","top":"0","right":"0","bottom":"10","left":"0","isLinked":false},"_margin":{"unit":"px","top":"040","right":"0","bottom":"40","left":"0","isLinked":false},"__dynamic__":[]},"elements":[],"isInner":false,"widgetType":"button","elType":"widget"}],"isInner":false,"elType":"column"},{"id":"6526975","settings":{"_column_size":50,"_inline_size":null,"background_background":"classic","background_position":"center center","background_attachment":"scroll","background_repeat":"no-repeat","background_size":"cover","border_border":"solid","border_width":{"unit":"px","top":"1","right":"1","bottom":"1","left":"1","isLinked":true},"border_radius":{"unit":"px","top":"0","right":"0","bottom":"0","left":"0","isLinked":false},"margin":{"unit":"px","top":"0","right":"0","bottom":"0","left":"0","isLinked":false},"padding":{"unit":"px","top":"0","right":"0","bottom":"0","left":"0","isLinked":false},"__dynamic__":[],"border_color":"#7a7a7a","box_shadow_box_shadow_type":"yes","box_shadow_box_shadow":{"horizontal":10,"vertical":10,"blur":20,"spread":-11,"color":"rgba(0,0,0,0.15)"},"padding_mobile":{"unit":"px","top":"0200","right":"30","bottom":"00","left":"030","isLinked":false},"content_position":"bottom"},"elements":[{"id":"1060c022","settings":{"content_position":"middle","structure":"20","background_color":"#f2f2f2","gap":"no","border_radius":{"unit":"px","top":"0","right":"0","bottom":"0","left":"0","isLinked":false},"margin":{"unit":"px","top":"0","right":0,"bottom":"040","left":0,"isLinked":false},"padding":{"unit":"px","top":"0","right":"50","bottom":"0","left":"50","isLinked":false},"padding_mobile":{"unit":"px","top":"0","right":"0","bottom":"0","left":"0","isLinked":false}},"elements":[{"id":"73d34968","settings":{"_column_size":50,"_inline_size":35.714,"border_border":"solid","border_width":{"unit":"px","top":"1","right":"0","bottom":"1","left":"0","isLinked":false},"border_color":"#7a7a7a","border_radius":{"unit":"px","top":"0","right":"0","bottom":"0","left":"0","isLinked":false},"_inline_size_tablet":20,"_inline_size_mobile":20,"content_position":"center"},"elements":[{"id":"1a9213fc","settings":{"title":"Share","align":"left","typography_typography":"custom","typography_font_family":"Ubuntu Condensed","typography_font_size":{"unit":"px","size":16},"_margin":{"unit":"px","top":"0","right":"0","bottom":"0","left":"10","isLinked":false}},"elements":[],"isInner":false,"widgetType":"heading","elType":"widget"}],"isInner":true,"elType":"column"},{"id":"6fdb4be7","settings":{"_column_size":50,"_inline_size":120,"border_border":"solid","border_width":{"unit":"px","top":"1","right":"0","bottom":"1","left":"0","isLinked":false},"border_color":"#7a7a7a","border_radius":{"unit":"px","top":"0","right":"0","bottom":"0","left":"0","isLinked":false},"_inline_size_tablet":80,"_inline_size_mobile":80},"elements":[{"id":"79d8ce17","settings":{"share_buttons":[{"button":"facebook","_id":"e9fb1dd","text":""},{"button":"whatsapp","_id":"8e0cd90","text":""},{"button":"google","_id":"7ef7b25","text":""},{"button":"twitter","_id":"23d684d","text":""},{"button":"email","_id":"f7b9850","text":""}],"view":"icon","skin":"flat","column_gap":{"unit":"px","size":0},"row_gap":{"unit":"px","size":0},"icon_size":{"unit":"em","size":1.4},"color_source":"custom","primary_color":"rgba(255,255,255,0)","secondary_color":"#000000","alignment":"justify"},"elements":[],"isInner":false,"widgetType":"share-buttons","elType":"widget"}],"isInner":true,"elType":"column"}],"isInner":true,"elType":"section"}],"isInner":false,"elType":"column"}],"isInner":false,"elType":"section"},{"id":"601321dc","settings":{"gap":"extended","content_width":{"unit":"px","size":900},"background_background":"classic","background_color":"#ffffff","margin":{"unit":"px","top":"","right":0,"bottom":"","left":0,"isLinked":true},"padding":{"unit":"px","top":"10","right":"0","bottom":"80","left":"0","isLinked":false},"padding_tablet":{"unit":"px","top":"0","right":"20","bottom":"0","left":"20","isLinked":false},"padding_mobile":{"unit":"px","top":"0","right":"0","bottom":"0","left":"0","isLinked":false}},"elements":[{"id":"3e04d41a","settings":{"_column_size":100,"_inline_size":null},"elements":[],"isInner":false,"elType":"column"}],"isInner":false,"elType":"section"}]}