{"version":"0.4","title":"Single-Post2","type":"page","content":[{"id":"6e6d6cde","settings":{"margin":{"unit":"px","top":"50","right":0,"bottom":"50","left":0,"isLinked":true}},"elements":[{"id":"74837803","settings":{"_column_size":100,"background_background":"classic","background_color":"#ffffff","padding":{"unit":"px","top":"60","right":"60","bottom":"60","left":"60","isLinked":true},"box_shadow_box_shadow":{"horizontal":0,"vertical":0,"blur":34,"spread":0,"color":"rgba(0,0,0,0.11)"},"padding_mobile":{"unit":"px","top":"0","right":"0","bottom":"0","left":"0","isLinked":true}},"elements":[{"id":"7961d79a","settings":{"__dynamic__":{"title":"[elementor-tag id=\"\" name=\"post-title\" settings=\"%7B%22before%22%3A%22%22%2C%22after%22%3A%22%22%2C%22fallback%22%3A%22%22%7D\"]"},"title":"Add Your Heading Text Here","title_color":"#000000","typography_typography":"custom","typography_font_size":{"unit":"px","size":60},"typography_font_size_mobile":{"unit":"px","size":33},"typography_font_weight":"600","_margin":{"unit":"px","top":"0","right":"0","bottom":"30","left":"0","isLinked":false}},"elements":[],"isInner":false,"widgetType":"theme-post-title","elType":"widget"},{"id":"4077fe6b","settings":{"icon_list":[{"type":"author","icon":"fa fa-user-circle-o","_id":"a339c7b","date_format":"default","custom_date_format":"F j, Y","time_format":"default","custom_time_format":"g:i a","taxonomy":[],"text_prefix":"By","show_avatar":"","avatar_size":{"unit":"px","size":""},"avatar_size_tablet":{"unit":"px","size":""},"avatar_size_mobile":{"unit":"px","size":""},"comments_custom_strings":"","string_no_comments":"","string_one_comment":"","string_comments":"","link":"yes","show_icon":"default","custom_text":"","custom_url":{"url":"","is_external":"","nofollow":""}},{"type":"date","icon":"fa fa-calendar","_id":"ba9c996","date_format":"default","custom_date_format":"F j, Y","time_format":"default","custom_time_format":"g:i a","taxonomy":[],"text_prefix":"","show_avatar":"","avatar_size":{"unit":"px","size":""},"avatar_size_tablet":{"unit":"px","size":""},"avatar_size_mobile":{"unit":"px","size":""},"comments_custom_strings":"","string_no_comments":"","string_one_comment":"","string_comments":"","link":"yes","show_icon":"default","custom_text":"","custom_url":{"url":"","is_external":"","nofollow":""}},{"type":"time","icon":"fa fa-clock-o","_id":"d7670a7","date_format":"default","custom_date_format":"F j, Y","time_format":"default","custom_time_format":"g:i a","taxonomy":[],"text_prefix":"","show_avatar":"","avatar_size":{"unit":"px","size":""},"avatar_size_tablet":{"unit":"px","size":""},"avatar_size_mobile":{"unit":"px","size":""},"comments_custom_strings":"","string_no_comments":"","string_one_comment":"","string_comments":"","link":"yes","show_icon":"default","custom_text":"","custom_url":{"url":"","is_external":"","nofollow":""}},{"type":"comments","icon":"fa fa-commenting-o","_id":"afbda51","date_format":"default","custom_date_format":"F j, Y","time_format":"default","custom_time_format":"g:i a","taxonomy":[],"text_prefix":"","show_avatar":"","avatar_size":{"unit":"px","size":""},"avatar_size_tablet":{"unit":"px","size":""},"avatar_size_mobile":{"unit":"px","size":""},"comments_custom_strings":"","string_no_comments":"","string_one_comment":"","string_comments":"","link":"yes","show_icon":"default","custom_text":"","custom_url":{"url":"","is_external":"","nofollow":""}}],"space_between":{"unit":"px","size":25},"space_between_mobile":{"unit":"px","size":15},"icon_align_mobile":"center","icon_color":"#54595f","icon_size_mobile":{"unit":"px","size":16},"text_indent":{"unit":"px","size":8},"text_color":"#54595f","icon_typography_typography":"custom","icon_typography_font_size":{"unit":"px","size":13},"icon_typography_font_weight":"300","icon_size":{"unit":"px","size":13},"_padding":{"unit":"px","top":"15","right":"0","bottom":"15","left":"0","isLinked":false},"_border_border":"dotted","_border_width":{"unit":"px","top":"1","right":"0","bottom":"1","left":"0","isLinked":false},"_border_color":"#afafaf","icon_typography_line_height_mobile":{"unit":"px","size":27}},"elements":[],"isInner":false,"widgetType":"post-info","elType":"widget"},{"id":"1b93152b","settings":{"__dynamic__":{"excerpt":"[elementor-tag id=\"\" name=\"post-excerpt\" settings=\"%7B%22before%22%3A%22%22%2C%22after%22%3A%22%22%2C%22fallback%22%3A%22%22%7D\"]"},"title_color":"#54595f","typography_typography":"custom","typography_font_size":{"unit":"px","size":19},"typography_font_weight":"500","typography_line_height":{"unit":"em","size":1.8},"_margin":{"unit":"px","top":"30","right":"0","bottom":"30","left":"0","isLinked":false}},"elements":[],"isInner":false,"widgetType":"theme-post-excerpt","elType":"widget"},{"id":"6f165bea","settings":{"__dynamic__":{"image":"[elementor-tag id=\"\" name=\"post-featured-image\" settings=\"%7B%22fallback%22%3A%7B%22url%22%3A%22%22%2C%22id%22%3A%22%22%7D%7D\"]"},"image_size":"custom","image_custom_dimension":{"width":"1140","height":"500"},"image":{"id":"291","url":"http:\/\/localhost\/test\/wp-content\/uploads\/2018\/09\/placeholder-2.png"}},"elements":[],"isInner":false,"widgetType":"theme-post-featured-image","elType":"widget"},{"id":"2367184a","settings":{"typography_typography":"custom","typography_line_height":{"unit":"em","size":2.1}},"elements":[],"isInner":false,"widgetType":"theme-post-content","elType":"widget"},{"id":"204e1c0b","settings":{"icon_list":[{"type":"terms","icon":"fa fa-commenting-o","_id":"178a5d0","date_format":"default","custom_date_format":"F j, Y","time_format":"default","custom_time_format":"g:i a","taxonomy":"post_tag","text_prefix":"","show_avatar":"","avatar_size":{"unit":"px","size":""},"avatar_size_tablet":{"unit":"px","size":""},"avatar_size_mobile":{"unit":"px","size":""},"comments_custom_strings":"","string_no_comments":"","string_one_comment":"","string_comments":"","link":"yes","show_icon":"default","custom_text":"","custom_url":{"url":"","is_external":"","nofollow":""}}],"icon_color":"#7a7a7a","text_indent":{"unit":"px","size":9},"text_color":"#a3a3a3","icon_typography_typography":"custom","icon_typography_font_size":{"unit":"px","size":13},"icon_typography_text_transform":"uppercase","_margin":{"unit":"px","top":"-10","right":"0","bottom":"40","left":"0","isLinked":false}},"elements":[],"isInner":false,"widgetType":"post-info","elType":"widget"},{"id":"721ab9f","settings":{"share_buttons":[{"button":"facebook","_id":"62d78a5","text":""},{"button":"google","_id":"0f55b88","text":""},{"button":"twitter","_id":"21de836","text":""},{"button":"linkedin","_id":"f780b63","text":""},{"button":"pinterest","text":"","_id":"050fff4"}],"row_gap":{"unit":"px","size":""},"row_gap_mobile":{"unit":"px","size":10},"button_size":{"unit":"px","size":0.8},"icon_size":{"unit":"em","size":1.5},"button_height":{"unit":"em","size":5},"skin":"flat","columns":"5","columns_mobile":"1","typography_typography":"custom","typography_text_transform":"uppercase"},"elements":[],"isInner":false,"widgetType":"share-buttons","elType":"widget"},{"id":"445c1089","settings":{"author_name":"John Doe","author_bio":"Click edit button to change this text. Lorem ipsum dolor sit amet consectetur adipiscing elit dolor","link_text":"All Posts \u00bb","link_to":"posts_archive","show_link":"yes","image_vertical_align":"middle","image_size":{"unit":"px","size":100},"image_size_mobile":{"unit":"px","size":37},"image_gap":{"unit":"px","size":45},"name_typography_typography":"custom","name_typography_text_transform":"uppercase","bio_typography_typography":"custom","bio_typography_font_size":{"unit":"px","size":15},"button_border_width":{"unit":"px","size":0},"button_text_padding":{"unit":"px","top":"0","right":"0","bottom":"0","left":"0","isLinked":true},"_padding":{"unit":"px","top":"35","right":"45","bottom":"35","left":"45","isLinked":false},"_background_background":"classic","_background_color":"#f2f2f2","_border_radius":{"unit":"px","top":"0","right":"0","bottom":"6","left":"6","isLinked":false},"author_avatar":{"id":"291","url":"http:\/\/localhost\/test\/wp-content\/uploads\/2018\/09\/placeholder-2.png"}},"elements":[],"isInner":false,"widgetType":"author-box","elType":"widget"},{"id":"78272bc9","settings":{"prev_label":"Previous","next_label":"Next","show_borders":"","label_color":"#aaaaaa","label_typography_typography":"custom","label_typography_font_family":"Roboto","label_typography_font_size":{"unit":"px","size":21},"_margin":{"unit":"px","top":"50","right":"0","bottom":"0","left":"0","isLinked":false}},"elements":[],"isInner":false,"widgetType":"post-navigation","elType":"widget"},{"id":"4ef2e5ba","settings":{"style":"dotted","color":"#afafaf","gap":{"unit":"px","size":30}},"elements":[],"isInner":false,"widgetType":"divider","elType":"widget"},{"id":"13f788cd","settings":{"_skin":"theme_comments"},"elements":[],"isInner":false,"widgetType":"post-comments","elType":"widget"}],"isInner":false,"elType":"column"}],"isInner":false,"elType":"section"}]}