{"version":"0.4","title":"Single-Page4","type":"page","content":[{"id":"6fc8412b","settings":{"height":"min-height","custom_height":{"unit":"px","size":120},"structure":"20","background_background":"classic","background_color":"#eeeeee"},"elements":[{"id":"165498da","settings":{"_column_size":50,"_inline_size":null},"elements":[{"id":"636d9320","settings":{"__dynamic__":{"title":"[elementor-tag id=\"\" name=\"post-title\" settings=\"%7B%22before%22%3A%22%22%2C%22after%22%3A%22%22%2C%22fallback%22%3A%22%22%7D\"]"},"title":"Add Your Heading Text Here","title_color":"#000000"},"elements":[],"isInner":false,"widgetType":"theme-post-title","elType":"widget"}],"isInner":false,"elType":"column"},{"id":"338a7665","settings":{"_column_size":50,"_inline_size":null},"elements":[],"isInner":false,"elType":"column"}],"isInner":false,"elType":"section"},{"id":"51e7120f","settings":{"structure":"22","margin":{"unit":"px","top":"40","right":0,"bottom":"40","left":0,"isLinked":true},"padding_mobile":{"unit":"px","top":"0","right":"0","bottom":"0","left":"0","isLinked":true}},"elements":[{"id":"6fc24798","settings":{"_column_size":66,"_inline_size":null,"padding_tablet":{"unit":"px","top":"0","right":"020","bottom":"0","left":"20","isLinked":false},"padding_mobile":{"unit":"px","top":"0","right":"20","bottom":"0","left":"20","isLinked":false}},"elements":[{"id":"548eb77","settings":[],"elements":[],"isInner":false,"widgetType":"theme-post-content","elType":"widget"}],"isInner":false,"elType":"column"},{"id":"1f0602d2","settings":{"_column_size":33,"_inline_size":null,"margin":{"unit":"px","top":"0","right":"0","bottom":"0","left":"40","isLinked":false},"margin_mobile":{"unit":"px","top":"0","right":"0","bottom":"0","left":"0","isLinked":false},"padding_tablet":{"unit":"px","top":"0","right":"20","bottom":"0","left":"0","isLinked":false},"padding_mobile":{"unit":"px","top":"0","right":"20","bottom":"0","left":"20","isLinked":false}},"elements":[{"id":"2a03b1c2","settings":{"sidebar":"sidebar-1"},"elements":[],"isInner":false,"widgetType":"sidebar","elType":"widget"}],"isInner":false,"elType":"column"}],"isInner":false,"elType":"section"}]}