{"version":"0.4","title":"Single-Post6","type":"page","content":[{"id":"4473b64c","settings":{"height":"min-height","background_background":"classic","background_position":"center center","background_size":"cover","background_overlay_background":"gradient","background_overlay_color":"#000000","__dynamic__":{"background_image":"[elementor-tag id=\"13d2442\" name=\"post-featured-image\" settings=\"%7B%7D\"]"},"background_color_b":"#000000","background_overlay_color_b":"rgba(0,0,0,0)","custom_height":{"unit":"px","size":350},"background_attachment":"fixed","custom_height_tablet":{"unit":"px","size":300},"custom_height_mobile":{"unit":"px","size":200}},"elements":[{"id":"d4426dd","settings":{"_column_size":100},"elements":[],"isInner":false,"elType":"column"}],"isInner":false,"elType":"section"},{"id":"58bc3a02","settings":{"content_width":{"unit":"px","size":900},"margin":{"unit":"px","top":"45","right":0,"bottom":"45","left":0,"isLinked":true},"structure":"20","margin_mobile":{"unit":"px","top":"0","right":0,"bottom":"0","left":0,"isLinked":false},"padding_tablet":{"unit":"px","top":"0","right":"20","bottom":"0","left":"20","isLinked":false},"padding_mobile":{"unit":"px","top":"30","right":"30","bottom":"30","left":"30","isLinked":true},"reverse_order_mobile":"reverse-mobile"},"elements":[{"id":"4eb47fe2","settings":{"_column_size":50,"_inline_size":20.75,"padding_mobile":{"unit":"px","top":"0","right":"0","bottom":"0","left":"0","isLinked":false}},"elements":[{"id":"613d0f0f","settings":{"author_name":"John Doe","author_bio":"Click edit button to change this text. Lorem ipsum dolor sit amet consectetur adipiscing elit dolor","link_text":"All Posts","layout":"above","alignment":"left","image_gap":{"unit":"px","size":4},"name_typography_typography":"custom","name_typography_font_size":{"unit":"px","size":17},"name_typography_font_weight":"600","image_size":{"unit":"px","size":86},"name_color":"#000000","name_gap":{"unit":"px","size":15},"bio_typography_typography":"custom","bio_typography_font_size":{"unit":"px","size":13},"bio_typography_line_height":{"unit":"em","size":1.7},"author_avatar":{"id":"1866","url":"http:\/\/localhost\/test\/wp-content\/uploads\/2018\/09\/placeholder-5.png"}},"elements":[],"isInner":false,"widgetType":"author-box","elType":"widget"}],"isInner":false,"elType":"column"},{"id":"1da8d6a5","settings":{"_column_size":50,"_inline_size":79.25,"margin":{"unit":"px","top":"0","right":"0","bottom":"0","left":"40","isLinked":false},"margin_mobile":{"unit":"px","top":"0","right":"0","bottom":"0","left":"0","isLinked":true},"padding_mobile":{"unit":"px","top":"0","right":"0","bottom":"0","left":"0","isLinked":false}},"elements":[{"id":"115fdbd4","settings":{"icon_list":[{"type":"date","icon":"fa fa-calendar","_id":"a475e37","date_format":"default","custom_date_format":"F j, Y","time_format":"default","custom_time_format":"g:i a","taxonomy":[],"text_prefix":"","show_avatar":"","avatar_size":{"unit":"px","size":""},"avatar_size_tablet":{"unit":"px","size":""},"avatar_size_mobile":{"unit":"px","size":""},"comments_custom_strings":"","string_no_comments":"","string_one_comment":"","string_comments":"","link":"yes","show_icon":"default","custom_text":"","custom_url":{"url":"","is_external":"","nofollow":""}},{"type":"time","icon":"fa fa-clock-o","_id":"676722a","date_format":"default","custom_date_format":"F j, Y","time_format":"default","custom_time_format":"g:i a","taxonomy":[],"text_prefix":"","show_avatar":"","avatar_size":{"unit":"px","size":""},"avatar_size_tablet":{"unit":"px","size":""},"avatar_size_mobile":{"unit":"px","size":""},"comments_custom_strings":"","string_no_comments":"","string_one_comment":"","string_comments":"","link":"yes","show_icon":"default","custom_text":"","custom_url":{"url":"","is_external":"","nofollow":""}},{"type":"comments","icon":"fa fa-commenting-o","_id":"57cbeeb","date_format":"default","custom_date_format":"F j, Y","time_format":"default","custom_time_format":"g:i a","taxonomy":[],"text_prefix":"","show_avatar":"","avatar_size":{"unit":"px","size":""},"avatar_size_tablet":{"unit":"px","size":""},"avatar_size_mobile":{"unit":"px","size":""},"comments_custom_strings":"","string_no_comments":"","string_one_comment":"","string_comments":"","link":"yes","show_icon":"default","custom_text":"","custom_url":{"url":"","is_external":"","nofollow":""}}],"icon_color":"#969696","text_color":"#969696","icon_typography_typography":"custom","icon_typography_font_size":{"unit":"px","size":13}},"elements":[],"isInner":false,"widgetType":"post-info","elType":"widget"},{"id":"63b954f","settings":{"__dynamic__":{"title":"[elementor-tag id=\"\" name=\"post-title\" settings=\"%7B%22before%22%3A%22%22%2C%22after%22%3A%22%22%2C%22fallback%22%3A%22%22%7D\"]"},"title":"Add Your Heading Text Here","typography_typography":"custom","typography_font_size":{"unit":"px","size":40},"typography_font_weight":"600","title_color":"#000000","_margin":{"unit":"px","top":"0","right":"0","bottom":"40","left":"0","isLinked":false},"typography_font_size_mobile":{"unit":"px","size":33}},"elements":[],"isInner":false,"widgetType":"theme-post-title","elType":"widget"},{"id":"71ef4a3","settings":{"share_buttons":[{"button":"facebook","_id":"2a724cd","text":""},{"button":"google","_id":"c42fd01","text":""},{"button":"twitter","_id":"4acab19","text":""},{"button":"linkedin","_id":"ed3f0d1","text":""}],"skin":"boxed","button_size":{"unit":"px","size":0.9},"button_height":{"unit":"em","size":3.9},"typography_typography":"custom","typography_font_size":{"unit":"px","size":10},"typography_font_weight":"600","typography_text_transform":"uppercase"},"elements":[],"isInner":false,"widgetType":"share-buttons","elType":"widget"},{"id":"7c3550fe","settings":{"typography_typography":"custom","typography_line_height":{"unit":"em","size":2},"typography_line_height_mobile":{"unit":"em","size":1.7}},"elements":[],"isInner":false,"widgetType":"theme-post-content","elType":"widget"},{"id":"6849ba36","settings":{"follow_url":"https:\/\/www.facebook.com\/elemntor\/","show_faces":"yes"},"elements":[],"isInner":false,"widgetType":"facebook-button","elType":"widget"},{"id":"59bfc357","settings":{"style":"dotted","gap":{"unit":"px","size":29}},"elements":[],"isInner":false,"widgetType":"divider","elType":"widget"},{"id":"110df744","settings":{"title":"More to explorer","header_size":"h4","title_color":"#000000","typography_typography":"custom","typography_font_weight":"600"},"elements":[],"isInner":false,"widgetType":"heading","elType":"widget"},{"id":"52c0b04f","settings":{"classic_columns":"1","classic_posts_per_page":3,"classic_thumbnail":"left","classic_item_ratio":{"unit":"px","size":0.6},"classic_image_width":{"unit":"%","size":30},"classic_meta_separator":"\/\/\/","classic_show_read_more":"","classic_read_more_text":"Read More \u00bb","cards_meta_separator":"\u2022","cards_read_more_text":"Read More \u00bb","offset":"","classic_row_gap":{"unit":"px","size":10},"classic_title_typography_typography":"custom","classic_title_typography_font_weight":"bold","pagination_page_limit":"5","pagination_prev_label":"&laquo; Previous","pagination_next_label":"Next &raquo;","classic_excerpt_length":22,"classic_columns_tablet":"1","classic_item_ratio_tablet":{"unit":"px","size":0.6},"classic_item_ratio_mobile":{"unit":"px","size":1},"classic_image_width_tablet":{"unit":"%","size":30},"classic_image_width_mobile":{"unit":"%","size":23},"exclude":["current_post"]},"elements":[],"isInner":false,"widgetType":"posts","elType":"widget"}],"isInner":false,"elType":"column"}],"isInner":false,"elType":"section"},{"id":"22445004","settings":{"content_width":{"unit":"px","size":800},"background_background":"classic","background_color":"#ededed","padding":{"unit":"px","top":"30","right":"0","bottom":"30","left":"0","isLinked":false},"padding_tablet":{"unit":"px","top":"40","right":"40","bottom":"40","left":"40","isLinked":true},"padding_mobile":{"unit":"px","top":"30","right":"30","bottom":"30","left":"30","isLinked":true}},"elements":[{"id":"17f9698b","settings":{"_column_size":100},"elements":[{"id":"38b735a2","settings":{"_skin":"theme_comments"},"elements":[],"isInner":false,"widgetType":"post-comments","elType":"widget"}],"isInner":false,"elType":"column"}],"isInner":false,"elType":"section"}]}