{"version":"0.4","title":"Single-Page2","type":"page","content":[{"id":"6ac83334","settings":{"background_background":"classic","background_color":"#54595f","padding":{"unit":"px","top":"100","right":"0","bottom":"350","left":"0","isLinked":false}},"elements":[{"id":"6da399f7","settings":{"_column_size":100},"elements":[{"id":"504219f2","settings":{"__dynamic__":{"title":"[elementor-tag id=\"\" name=\"post-title\" settings=\"%7B%22before%22%3A%22%22%2C%22after%22%3A%22%22%2C%22fallback%22%3A%22%22%7D\"]"},"title":"Add Your Heading Text Here","align":"center","title_color":"#ffffff","typography_typography":"custom","typography_font_size":{"unit":"px","size":39}},"elements":[],"isInner":false,"widgetType":"theme-post-title","elType":"widget"}],"isInner":false,"elType":"column"}],"isInner":false,"elType":"section"},{"id":"4fcdd7f2","settings":{"margin":{"unit":"px","top":"-250","right":0,"bottom":"0","left":0,"isLinked":false}},"elements":[{"id":"5a5d4b25","settings":{"_column_size":100,"background_background":"classic","background_color":"#ffffff","border_radius":{"unit":"px","top":"6","right":"6","bottom":"6","left":"6","isLinked":true},"box_shadow_box_shadow_type":"yes","box_shadow_box_shadow":{"horizontal":0,"vertical":0,"blur":30,"spread":0,"color":"rgba(0,0,0,0.13)"},"padding":{"unit":"px","top":"30","right":"30","bottom":"30","left":"30","isLinked":true}},"elements":[{"id":"6a02ced0","settings":[],"elements":[],"isInner":false,"widgetType":"theme-post-content","elType":"widget"}],"isInner":false,"elType":"column"}],"isInner":false,"elType":"section"}]}