{"version":"0.4","title":"Team3","type":"page","content":[{"id":"49248cc0","settings":{"padding":{"unit":"px","top":"100","right":"0","bottom":"100","left":"0","isLinked":false},"padding_tablet":{"unit":"px","top":"50","right":"25","bottom":"50","left":"25","isLinked":false},"padding_mobile":{"unit":"px","top":"50","right":"20","bottom":"50","left":"20","isLinked":false}},"elements":[{"id":"7a1df9e8","settings":{"_column_size":100},"elements":[{"id":"66cc217c","settings":{"gap":"no","structure":"30"},"elements":[{"id":"4024a444","settings":{"_column_size":33,"_inline_size":null},"elements":[{"id":"d2bc21e","settings":{"skin":"cover","bg_image":{"id":"1451","url":"http:\/\/localhost\/test\/wp-content\/uploads\/2018\/09\/ava-4.jpg"},"bg_image_size":"full","title":"Amanda Lee","description":"Web Designer","button":"","min-height":{"unit":"px","size":400},"alignment":"","vertical_position":"bottom","padding":{"unit":"px","top":"0","right":"0","bottom":"80","left":"100","isLinked":false},"title_typography_typography":"custom","title_typography_font_size":{"unit":"px","size":35},"title_spacing":{"unit":"px","size":0},"description_typography_typography":"custom","description_typography_font_size":{"unit":"px","size":15},"description_typography_font_weight":"300","description_typography_text_transform":"uppercase","title_color":"#ffffff","description_color":"#bfbfbf","overlay_color":"rgba(0,0,0,0.37)","overlay_color_hover":"rgba(0,0,0,0.56)","bg_filters_hover_css_filter":"custom","bg_filters_hover_blur":{"unit":"px","size":1},"content_animation":"enter-from-left","transformation":"move-right","graphic_image":{"id":"897","url":"http:\/\/localhost\/test\/wp-content\/uploads\/2018\/09\/placeholder-1-1.png"},"padding_tablet":{"unit":"px","top":"0","right":"0","bottom":"50","left":"20","isLinked":false},"padding_mobile":{"unit":"px","top":"0","right":"0","bottom":"60","left":"40","isLinked":false},"title_typography_font_size_tablet":{"unit":"px","size":25},"title_typography_font_size_mobile":{"unit":"px","size":35},"min-height_tablet":{"unit":"px","size":300}},"elements":[],"isInner":false,"widgetType":"call-to-action","elType":"widget"}],"isInner":true,"elType":"column"},{"id":"2212e5b0","settings":{"_column_size":33,"_inline_size":null},"elements":[{"id":"75deb7b6","settings":{"skin":"cover","bg_image":{"id":"1453","url":"http:\/\/localhost\/test\/wp-content\/uploads\/2018\/09\/ava-3.jpg"},"bg_image_size":"full","title":"Mike Stuart","description":"UI \/ UX Designer","button":"","min-height":{"unit":"px","size":400},"alignment":"","vertical_position":"bottom","padding":{"unit":"px","top":"0","right":"0","bottom":"80","left":"100","isLinked":false},"title_typography_typography":"custom","title_typography_font_size":{"unit":"px","size":35},"title_spacing":{"unit":"px","size":0},"description_typography_typography":"custom","description_typography_font_size":{"unit":"px","size":15},"description_typography_font_weight":"300","description_typography_text_transform":"uppercase","title_color":"#ffffff","description_color":"#bfbfbf","overlay_color":"rgba(0,0,0,0.37)","overlay_color_hover":"rgba(0,0,0,0.56)","bg_filters_hover_css_filter":"custom","bg_filters_hover_blur":{"unit":"px","size":1},"content_animation":"enter-from-left","transformation":"move-right","graphic_image":{"id":"897","url":"http:\/\/localhost\/test\/wp-content\/uploads\/2018\/09\/placeholder-1-1.png"},"padding_tablet":{"unit":"px","top":"0","right":"0","bottom":"50","left":"20","isLinked":false},"padding_mobile":{"unit":"px","top":"0","right":"0","bottom":"60","left":"40","isLinked":false},"title_typography_font_size_tablet":{"unit":"px","size":25},"title_typography_font_size_mobile":{"unit":"px","size":35},"min-height_tablet":{"unit":"px","size":300}},"elements":[],"isInner":false,"widgetType":"call-to-action","elType":"widget"}],"isInner":true,"elType":"column"},{"id":"16eb75a7","settings":{"_column_size":33,"_inline_size":null},"elements":[{"id":"1c9fb76b","settings":{"skin":"cover","bg_image":{"id":1926,"url":"http:\/\/localhost\/test\/wp-content\/uploads\/2018\/09\/ava-2.jpg"},"bg_image_size":"full","title":"Samanta Kols","description":"Manager","button":"","min-height":{"unit":"px","size":400},"alignment":"","vertical_position":"bottom","padding":{"unit":"px","top":"0","right":"0","bottom":"80","left":"100","isLinked":false},"title_typography_typography":"custom","title_typography_font_size":{"unit":"px","size":35},"title_spacing":{"unit":"px","size":0},"description_typography_typography":"custom","description_typography_font_size":{"unit":"px","size":15},"description_typography_font_weight":"300","description_typography_text_transform":"uppercase","title_color":"#ffffff","description_color":"#bfbfbf","overlay_color":"rgba(0,0,0,0.37)","overlay_color_hover":"rgba(0,0,0,0.56)","bg_filters_hover_css_filter":"custom","bg_filters_hover_blur":{"unit":"px","size":1},"content_animation":"enter-from-left","transformation":"move-right","graphic_image":{"id":"897","url":"http:\/\/localhost\/test\/wp-content\/uploads\/2018\/09\/placeholder-1-1.png"},"padding_tablet":{"unit":"px","top":"0","right":"0","bottom":"50","left":"20","isLinked":false},"padding_mobile":{"unit":"px","top":"0","right":"0","bottom":"60","left":"40","isLinked":false},"title_typography_font_size_tablet":{"unit":"px","size":25},"title_typography_font_size_mobile":{"unit":"px","size":35},"min-height_tablet":{"unit":"px","size":300}},"elements":[],"isInner":false,"widgetType":"call-to-action","elType":"widget"}],"isInner":true,"elType":"column"}],"isInner":true,"elType":"section"},{"id":"2bfada73","settings":{"gap":"no","structure":"30"},"elements":[{"id":"bd01067","settings":{"_column_size":33,"_inline_size":null},"elements":[{"id":"163f4a90","settings":{"skin":"cover","bg_image":{"id":"1452","url":"http:\/\/localhost\/test\/wp-content\/uploads\/2018\/09\/ava-1.jpg"},"bg_image_size":"full","title":"Tommy Lee","description":"Support Manager","button":"","min-height":{"unit":"px","size":400},"alignment":"","vertical_position":"bottom","padding":{"unit":"px","top":"0","right":"0","bottom":"80","left":"100","isLinked":false},"title_typography_typography":"custom","title_typography_font_size":{"unit":"px","size":35},"title_spacing":{"unit":"px","size":0},"description_typography_typography":"custom","description_typography_font_size":{"unit":"px","size":15},"description_typography_font_weight":"300","description_typography_text_transform":"uppercase","title_color":"#ffffff","description_color":"#bfbfbf","overlay_color":"rgba(0,0,0,0.37)","overlay_color_hover":"rgba(0,0,0,0.56)","bg_filters_hover_css_filter":"custom","bg_filters_hover_blur":{"unit":"px","size":1},"content_animation":"enter-from-left","transformation":"move-right","graphic_image":{"id":"897","url":"http:\/\/localhost\/test\/wp-content\/uploads\/2018\/09\/placeholder-1-1.png"},"padding_tablet":{"unit":"px","top":"0","right":"0","bottom":"50","left":"20","isLinked":false},"padding_mobile":{"unit":"px","top":"0","right":"0","bottom":"60","left":"40","isLinked":false},"title_typography_font_size_tablet":{"unit":"px","size":25},"title_typography_font_size_mobile":{"unit":"px","size":35},"min-height_tablet":{"unit":"px","size":300}},"elements":[],"isInner":false,"widgetType":"call-to-action","elType":"widget"}],"isInner":true,"elType":"column"},{"id":"770591fa","settings":{"_column_size":33,"_inline_size":null},"elements":[{"id":"2204beca","settings":{"skin":"cover","bg_image":{"id":"1922","url":"http:\/\/localhost\/test\/wp-content\/uploads\/2018\/09\/ava6.jpg"},"bg_image_size":"full","title":"Mila Yong","description":"CEO Company","button":"","min-height":{"unit":"px","size":400},"alignment":"","vertical_position":"bottom","padding":{"unit":"px","top":"0","right":"0","bottom":"80","left":"100","isLinked":false},"title_typography_typography":"custom","title_typography_font_size":{"unit":"px","size":35},"title_spacing":{"unit":"px","size":0},"description_typography_typography":"custom","description_typography_font_size":{"unit":"px","size":15},"description_typography_font_weight":"300","description_typography_text_transform":"uppercase","title_color":"#ffffff","description_color":"#bfbfbf","overlay_color":"rgba(0,0,0,0.37)","overlay_color_hover":"rgba(0,0,0,0.56)","bg_filters_hover_css_filter":"custom","bg_filters_hover_blur":{"unit":"px","size":1},"content_animation":"enter-from-left","transformation":"move-right","graphic_image":{"id":"897","url":"http:\/\/localhost\/test\/wp-content\/uploads\/2018\/09\/placeholder-1-1.png"},"padding_tablet":{"unit":"px","top":"0","right":"0","bottom":"50","left":"20","isLinked":false},"padding_mobile":{"unit":"px","top":"0","right":"0","bottom":"60","left":"40","isLinked":false},"title_typography_font_size_tablet":{"unit":"px","size":25},"title_typography_font_size_mobile":{"unit":"px","size":35},"min-height_tablet":{"unit":"px","size":300}},"elements":[],"isInner":false,"widgetType":"call-to-action","elType":"widget"}],"isInner":true,"elType":"column"},{"id":"1d6b1911","settings":{"_column_size":33,"_inline_size":null},"elements":[{"id":"16277673","settings":{"skin":"cover","bg_image":{"id":1927,"url":"http:\/\/localhost\/test\/wp-content\/uploads\/2018\/09\/ava5.jpg"},"bg_image_size":"full","title":"Bill Kocs","description":"Web Designer","button":"","min-height":{"unit":"px","size":400},"alignment":"","vertical_position":"bottom","padding":{"unit":"px","top":"0","right":"0","bottom":"80","left":"100","isLinked":false},"title_typography_typography":"custom","title_typography_font_size":{"unit":"px","size":35},"title_spacing":{"unit":"px","size":0},"description_typography_typography":"custom","description_typography_font_size":{"unit":"px","size":15},"description_typography_font_weight":"300","description_typography_text_transform":"uppercase","title_color":"#ffffff","description_color":"#bfbfbf","overlay_color":"rgba(0,0,0,0.37)","overlay_color_hover":"rgba(0,0,0,0.56)","bg_filters_hover_css_filter":"custom","bg_filters_hover_blur":{"unit":"px","size":1},"content_animation":"enter-from-left","transformation":"move-right","graphic_image":{"id":"897","url":"http:\/\/localhost\/test\/wp-content\/uploads\/2018\/09\/placeholder-1-1.png"},"padding_tablet":{"unit":"px","top":"0","right":"0","bottom":"50","left":"20","isLinked":false},"padding_mobile":{"unit":"px","top":"0","right":"0","bottom":"60","left":"40","isLinked":false},"title_typography_font_size_tablet":{"unit":"px","size":25},"title_typography_font_size_mobile":{"unit":"px","size":35},"min-height_tablet":{"unit":"px","size":300}},"elements":[],"isInner":false,"widgetType":"call-to-action","elType":"widget"}],"isInner":true,"elType":"column"}],"isInner":true,"elType":"section"}],"isInner":false,"elType":"column"}],"isInner":false,"elType":"section"}]}