{"version":"0.4","title":"Team1","type":"page","content":[{"id":"6ec04709","settings":{"gap":"no","content_position":"middle","margin":{"unit":"px","top":"","right":0,"bottom":"","left":0,"isLinked":true},"padding":{"unit":"px","top":"100","right":"0","bottom":"100","left":"0","isLinked":false},"padding_tablet":{"unit":"px","top":"100","right":"25","bottom":"100","left":"25","isLinked":false},"padding_mobile":{"unit":"px","top":"50","right":"20","bottom":"50","left":"20","isLinked":false}},"elements":[{"id":"1d408bd3","settings":{"_column_size":100,"_inline_size":null,"background_position":"center center","background_size":"cover","background_overlay_background":"classic","background_overlay_color":"#000000","background_overlay_opacity":{"unit":"px","size":0.38},"background_overlay_hover_background":"classic","background_overlay_hover_position":"center center","background_overlay_hover_size":"cover","background_overlay_hover_opacity":{"unit":"px","size":0.05},"background_overlay_hover_transition":{"unit":"px","size":3},"background_hover_position":"center center","background_hover_size":"cover","background_hover_transition":{"unit":"px","size":3},"background_overlay_hover_color":"#000000"},"elements":[{"id":"47120c51","settings":{"gap":"no","structure":"20"},"elements":[{"id":"3a01744","settings":{"_column_size":50,"_inline_size":null},"elements":[{"id":"6d7aa386","settings":{"skin":"cover","bg_image":{"id":"1451","url":"http:\/\/localhost\/test\/wp-content\/uploads\/2018\/09\/ava-4.jpg"},"bg_image_size":"full","title":"Amanda Lee","description":"Web Designer","button":"","min-height":{"unit":"px","size":400},"alignment":"left","vertical_position":"middle","padding":{"unit":"px","top":"0","right":"0","bottom":"0","left":"80","isLinked":false},"title_typography_typography":"custom","title_typography_font_size":{"unit":"px","size":35},"title_spacing":{"unit":"px","size":0},"description_typography_typography":"custom","description_typography_font_size":{"unit":"px","size":15},"description_typography_font_weight":"300","description_typography_text_transform":"uppercase","title_color":"#ffffff","description_color":"#bfbfbf","overlay_color":"rgba(0,0,0,0.37)","overlay_color_hover":"rgba(0,0,0,0.56)","bg_filters_hover_css_filter":"custom","bg_filters_hover_blur":{"unit":"px","size":1},"graphic_image":{"id":"897","url":"http:\/\/localhost\/test\/wp-content\/uploads\/2018\/09\/placeholder-1-1.png"},"padding_tablet":{"unit":"px","top":"0","right":"0","bottom":"0","left":"50","isLinked":false},"padding_mobile":{"unit":"px","top":"0","right":"0","bottom":"0","left":"40","isLinked":false}},"elements":[],"isInner":false,"widgetType":"call-to-action","elType":"widget"}],"isInner":true,"elType":"column"},{"id":"543999dc","settings":{"_column_size":50,"_inline_size":null},"elements":[{"id":"4a0aba50","settings":{"skin":"cover","bg_image":{"id":"1453","url":"http:\/\/localhost\/test\/wp-content\/uploads\/2018\/09\/ava-3.jpg"},"bg_image_size":"full","title":"Adam Cheise","description":"UI \/ UX Designer","button":"","min-height":{"unit":"px","size":400},"alignment":"left","vertical_position":"middle","padding":{"unit":"px","top":"0","right":"0","bottom":"0","left":"80","isLinked":false},"title_typography_typography":"custom","title_typography_font_size":{"unit":"px","size":35},"title_spacing":{"unit":"px","size":0},"description_typography_typography":"custom","description_typography_font_size":{"unit":"px","size":15},"description_typography_font_weight":"300","description_typography_text_transform":"uppercase","title_color":"#ffffff","description_color":"#bfbfbf","overlay_color":"rgba(0,0,0,0.37)","overlay_color_hover":"rgba(0,0,0,0.56)","bg_filters_hover_css_filter":"custom","bg_filters_hover_blur":{"unit":"px","size":1},"graphic_image":{"id":"897","url":"http:\/\/localhost\/test\/wp-content\/uploads\/2018\/09\/placeholder-1-1.png"},"padding_tablet":{"unit":"px","top":"0","right":"0","bottom":"0","left":"50","isLinked":false},"padding_mobile":{"unit":"px","top":"0","right":"0","bottom":"0","left":"40","isLinked":false}},"elements":[],"isInner":false,"widgetType":"call-to-action","elType":"widget"}],"isInner":true,"elType":"column"}],"isInner":true,"elType":"section"}],"isInner":false,"elType":"column"}],"isInner":false,"elType":"section"}]}