{"version":"0.4","title":"Testimonials1","type":"page","content":[{"id":"37fa6b1c","settings":{"gap":"no","custom_height":{"unit":"px","size":800},"margin":{"unit":"px","top":"","right":0,"bottom":"","left":0,"isLinked":true},"padding":{"unit":"px","top":"100","right":"0","bottom":"100","left":"0","isLinked":false},"padding_tablet":{"unit":"px","top":"100","right":"25","bottom":"100","left":"25","isLinked":false},"padding_mobile":{"unit":"px","top":"50","right":"20","bottom":"50","left":"20","isLinked":false}},"elements":[{"id":"76ba297f","settings":{"_column_size":100},"elements":[{"id":"7d299bf3","settings":{"title":"Testimonials","align":"center","title_color":"#000000","typography_typography":"custom","typography_font_size":{"unit":"px","size":65},"typography_font_weight":"600","typography_font_size_tablet":{"unit":"px","size":45},"header_size":"h4"},"elements":[],"isInner":false,"widgetType":"heading","elType":"widget"},{"id":"59285f6a","settings":{"slides":[{"content":"I am slide content. Click edit button to change this text. Lorem ipsum dolor sit amet, consectetur adipiscing elit. Ut elit tellus, luctus nec ullamcorper mattis, pulvinar dapibus leo.","name":"Amanda Lee","title":"CEO","image":{"id":"1425","url":"http:\/\/localhost\/test\/wp-content\/uploads\/2018\/09\/ava1.png"},"_id":"9880506"},{"content":"I am slide content. Click edit button to change this text. Lorem ipsum dolor sit amet, consectetur adipiscing elit. Ut elit tellus, luctus nec ullamcorper mattis, pulvinar dapibus leo.","name":"Adam Cheise","title":"Designer","image":{"id":"1426","url":"http:\/\/localhost\/test\/wp-content\/uploads\/2018\/09\/ava2-1.png"},"_id":"d539d17"},{"content":"I am slide content. Click edit button to change this text. Lorem ipsum dolor sit amet, consectetur adipiscing elit. Ut elit tellus, luctus nec ullamcorper mattis, pulvinar dapibus leo.","name":"Floyd Staller","title":"Co-Founder","image":{"id":"1427","url":"http:\/\/localhost\/test\/wp-content\/uploads\/2018\/09\/ava4-1.png"},"_id":"6a7cee1"}],"layout":"image_above","width":{"unit":"%","size":79},"space_between":{"unit":"px","size":22},"content_gap":{"unit":"px","size":23},"content_color":"#000000","content_typography_typography":"custom","content_typography_font_size":{"unit":"px","size":16},"content_typography_font_weight":"300","content_typography_font_style":"normal","content_typography_line_height":{"unit":"em","size":2},"name_color":"#000000","name_typography_typography":"custom","name_typography_font_size":{"unit":"px","size":25},"name_typography_font_weight":"900","name_typography_text_transform":"uppercase","name_typography_font_style":"normal","title_color":"rgba(0,0,0,0.37)","title_typography_typography":"custom","title_typography_font_size":{"unit":"px","size":15},"title_typography_font_weight":"300","title_typography_text_transform":"uppercase","title_typography_font_style":"normal","title_typography_line_height":{"unit":"em","size":0.9},"image_size":{"unit":"px","size":126},"image_border":"yes","image_border_color":"#d6d6d6","image_border_width":{"unit":"px","size":2},"pagination_size":{"unit":"px","size":4},"pagination_color":"#000000","_padding":{"unit":"px","top":"15","right":"0","bottom":"0","left":"0","isLinked":false},"arrows_size":{"unit":"px","size":35},"arrows_color":"#cccccc","width_tablet":{"unit":"px","size":570},"width_mobile":{"unit":"px","size":300}},"elements":[],"isInner":false,"widgetType":"testimonial-carousel","elType":"widget"}],"isInner":false,"elType":"column"}],"isInner":false,"elType":"section"}]}